date,usd_mxn,cetes_28d,tiie_28d,policy_rate,udi
2018-01-01,,,,7.25,5.936162
2018-01-02,19.4899,7.25,7.6275,7.25,5.937773
2018-01-03,19.3717,,7.625,7.25,5.939385
2018-01-04,19.2427,,7.625,7.25,5.940997
2018-01-05,19.2737,,7.6292,7.25,5.942609
2018-01-06,,,,7.25,5.944222
2018-01-07,,,,7.25,5.945836
2018-01-08,19.2323,,7.6282,7.25,5.947449
2018-01-09,19.3065,7.24,7.63,7.25,5.949064
2018-01-10,19.2405,,7.6298,7.25,5.950678
2018-01-11,19.3433,,7.6299,7.25,5.95177
2018-01-12,19.0446,,7.6325,7.25,5.952862
2018-01-13,,,,7.25,5.953955
2018-01-14,,,,7.25,5.955047
2018-01-15,18.8113,,7.6343,7.25,5.95614
2018-01-16,18.8362,7.24,7.6287,7.25,5.957233
2018-01-17,18.655,,7.6334,7.25,5.958326
2018-01-18,18.6361,,7.6318,7.25,5.959419
2018-01-19,18.5813,,7.635,7.25,5.960512
2018-01-20,,,,7.25,5.961606
2018-01-21,,,,7.25,5.9627
2018-01-22,18.7118,,7.6428,7.25,5.963794
2018-01-23,18.798,7.25,7.645,7.25,5.964888
2018-01-24,18.5178,,7.6475,7.25,5.965983
2018-01-25,18.478,,7.6441,7.25,5.967077
2018-01-26,18.4672,,7.645,7.25,5.967965
2018-01-27,,,,7.25,5.968852
2018-01-28,,,,7.25,5.96974
2018-01-29,18.6196,,7.655,7.25,5.970627
2018-01-30,18.6982,7.24,7.6625,7.25,5.971515
2018-01-31,18.6069,,7.66,7.25,5.972403
2018-02-01,18.4004,,7.6643,7.25,5.973291
2018-02-02,18.5248,,7.665,7.25,5.974179
2018-02-03,,,,7.25,5.975068
2018-02-04,,,,7.25,5.975956
2018-02-05,,,,7.25,5.976845
2018-02-06,18.7009,7.35,7.675,7.25,5.977733
2018-02-07,18.6492,,7.6862,7.25,5.978622
2018-02-08,18.8815,,7.7056,7.5,5.979511
2018-02-09,18.8623,,7.84,7.5,5.9804
2018-02-10,,,,7.5,5.98129
2018-02-11,,,,7.5,5.982521
2018-02-12,18.6703,,7.84,7.5,5.983752
2018-02-13,18.6269,7.5,7.832,7.5,5.984984
2018-02-14,18.6025,,7.835,7.5,5.986216
2018-02-15,18.5159,,7.8325,7.5,5.987448
2018-02-16,18.4797,,7.825,7.5,5.988681
2018-02-17,,,,7.5,5.989913
2018-02-18,,,,7.5,5.991146
2018-02-19,18.536,,7.8125,7.5,5.992379
2018-02-20,18.6594,7.49,7.8312,7.5,5.993613
2018-02-21,18.6518,,7.83,7.5,5.994847
2018-02-22,18.6574,,7.8325,7.5,5.996081
2018-02-23,18.5659,,7.825,7.5,5.997315
2018-02-24,,,,7.5,5.998549
2018-02-25,,,,7.5,5.999784
2018-02-26,18.6456,,7.8331,7.5,6.000729
2018-02-27,18.7902,7.47,7.8315,7.5,6.001675
2018-02-28,18.8331,,7.8294,7.5,6.00262
2018-03-01,18.861,,7.8244,7.5,6.003566
2018-03-02,18.8909,,7.8316,7.5,6.004512
2018-03-03,,,,7.5,6.005458
2018-03-04,,,,7.5,6.006404
2018-03-05,18.8838,,7.8225,7.5,6.00735
2018-03-06,18.7246,7.5,7.8299,7.5,6.008296
2018-03-07,18.7922,,7.83,7.5,6.009243
2018-03-08,18.7148,,7.8396,7.5,6.010189
2018-03-09,18.5812,,7.8395,7.5,6.011136
2018-03-10,,,,7.5,6.012083
2018-03-11,,,,7.5,6.012256
2018-03-12,18.6199,,7.825,7.5,6.012429
2018-03-13,18.5604,7.46,7.83,7.5,6.012603
2018-03-14,18.5854,,7.83,7.5,6.012776
2018-03-15,18.7023,,7.825,7.5,6.012949
2018-03-16,18.7216,,7.8325,7.5,6.013122
2018-03-17,,,,7.5,6.013295
2018-03-18,,,,7.5,6.013468
2018-03-19,,,,7.5,6.013641
2018-03-20,18.7614,7.44,7.8382,7.5,6.013814
2018-03-21,18.6001,,7.8414,7.5,6.013987
2018-03-22,18.5078,,7.8425,7.5,6.01416
2018-03-23,18.5364,,7.8425,7.5,6.014334
2018-03-24,,,,7.5,6.014507
2018-03-25,,,,7.5,6.01468
2018-03-26,18.3268,7.49,7.8463,7.5,6.015786
2018-03-27,18.3445,,7.8483,7.5,6.016892
2018-03-28,18.2709,,7.8503,7.5,6.017998
2018-03-29,,,,7.5,6.019105
2018-03-30,,,,7.5,6.020212
2018-03-31,,,,7.5,6.021319
2018-04-01,,,,7.5,6.022426
2018-04-02,18.2967,,7.8493,7.5,6.023533
2018-04-03,18.2044,7.46,7.8475,7.5,6.024641
2018-04-04,18.2244,,7.8445,7.5,6.025749
2018-04-05,18.1081,,7.8525,7.5,6.026857
2018-04-06,18.2888,,7.8441,7.5,6.027965
2018-04-07,,,,7.5,6.029073
2018-04-08,,,,7.5,6.030182
2018-04-09,18.2753,,7.846,7.5,6.031291
2018-04-10,18.2882,7.47,7.8407,7.5,6.0324
2018-04-11,18.2018,,7.8376,7.5,6.032451
2018-04-12,18.1353,,7.8445,7.5,6.032503
2018-04-13,18.087,,7.8404,7.5,6.032555
2018-04-14,,,,7.5,6.032606
2018-04-15,,,,7.5,6.032658
2018-04-16,18.0394,,7.8456,7.5,6.03271
2018-04-17,17.9787,7.45,7.835,7.5,6.032761
2018-04-18,18.0333,,7.835,7.5,6.032813
2018-04-19,18.2819,,7.8254,7.5,6.032864
2018-04-20,18.621,,7.8303,7.5,6.032916
2018-04-21,,,,7.5,6.032968
2018-04-22,,,,7.5,6.033019
2018-04-23,18.8628,,7.825,7.5,6.033071
2018-04-24,18.8139,7.45,7.8325,7.5,6.033123
2018-04-25,19.053,,7.8375,7.5,6.033174
2018-04-26,18.8644,,7.8405,7.5,6.031781
2018-04-27,18.6847,,7.8455,7.5,6.030388
2018-04-28,,,,7.5,6.028996
2018-04-29,,,,7.5,6.027604
2018-04-30,18.7878,7.47,7.8508,7.5,6.026212
2018-05-01,,,,7.5,6.02482
2018-05-02,19.0943,,7.8448,7.5,6.023429
2018-05-03,19.1223,,7.8428,7.5,6.022038
2018-05-04,19.2017,,7.8428,7.5,6.020648
2018-05-05,,,,7.5,6.019257
2018-05-06,,,,7.5,6.017867
2018-05-07,19.4232,,7.835,7.5,6.016478
2018-05-08,19.5781,7.52,7.835,7.5,6.015089
2018-05-09,19.5387,,7.8425,7.5,6.0137
2018-05-10,19.2989,,7.8375,7.5,6.012311
2018-05-11,19.3539,,7.8359,7.5,6.01232
2018-05-12,,,,7.5,6.012329
2018-05-13,,,,7.5,6.012338
2018-05-14,19.5214,,7.8475,7.5,6.012348
2018-05-15,19.7854,7.58,7.8488,7.5,6.012357
2018-05-16,19.7094,,7.8475,7.5,6.012366
2018-05-17,19.7033,,7.86,7.5,6.012375
2018-05-18,19.9319,,7.8676,7.5,6.012384
2018-05-19,,,,7.5,6.012393
2018-05-20,,,,7.5,6.012402
2018-05-21,19.9054,,7.8558,7.5,6.012411
2018-05-22,19.7528,7.51,7.8602,7.5,6.01242
2018-05-23,19.7661,,7.862,7.5,6.012429
2018-05-24,19.7048,,7.8612,7.5,6.012439
2018-05-25,19.5608,,7.8662,7.5,6.012448
2018-05-26,,,,7.5,6.011353
2018-05-27,,,,7.5,6.010258
2018-05-28,19.5915,,7.8585,7.5,6.009164
2018-05-29,19.7499,7.48,7.8587,7.5,6.00807
2018-05-30,19.7322,,7.86,7.5,6.006976
2018-05-31,19.9759,,7.855,7.5,6.005882
2018-06-01,19.8662,,7.85,7.5,6.004789
2018-06-02,,,,7.5,6.003695
2018-06-03,,,,7.5,6.002602
2018-06-04,19.9934,,7.8529,7.5,6.001509
2018-06-05,20.3863,7.51,7.8546,7.5,6.000416
2018-06-06,20.3129,,7.864,7.5,5.999324
2018-06-07,20.46,,7.8729,7.5,5.998231
2018-06-08,20.5281,,7.87,7.5,5.997139
2018-06-09,,,,7.5,5.996047
2018-06-10,,,,7.5,5.994956
2018-06-11,20.4722,,7.8721,7.5,5.995978
2018-06-12,20.596,7.62,7.88,7.5,5.997
2018-06-13,20.6259,,7.8788,7.5,5.998023
2018-06-14,20.6953,,7.891,7.5,5.999045
2018-06-15,20.716,,7.8933,7.5,6.000068
2018-06-16,,,,7.5,6.001091
2018-06-17,,,,7.5,6.002115
2018-06-18,20.6968,,7.9003,7.5,6.003138
2018-06-19,20.5531,7.71,7.8975,7.5,6.004162
2018-06-20,20.3937,,7.9,7.5,6.005185
2018-06-21,20.3689,,7.915,7.75,6.006209
2018-06-22,20.1264,,8.07,7.75,6.007233
2018-06-23,,,,7.75,6.008258
2018-06-24,,,,7.75,6.009282
2018-06-25,20.0908,,8.08,7.75,6.010307
2018-06-26,19.8754,7.7,8.09,7.75,6.010844
2018-06-27,20.0553,,8.1,7.75,6.011381
2018-06-28,19.8633,,8.103,7.75,6.011918
2018-06-29,19.6912,,8.1004,7.75,6.012456
2018-06-30,,,,7.75,6.012993
2018-07-01,,,,7.75,6.013531
2018-07-02,20.1453,,8.1,7.75,6.014068
2018-07-03,19.5974,7.72,8.108,7.75,6.014606
2018-07-04,19.4284,,8.1079,7.75,6.015143
2018-07-05,19.2513,,8.1083,7.75,6.015681
2018-07-06,19.0719,,8.1068,7.75,6.016218
2018-07-07,,,,7.75,6.016756
2018-07-08,,,,7.75,6.017294
2018-07-09,19.1563,,8.1075,7.75,6.017832
2018-07-10,19.0559,7.74,8.1025,7.75,6.01837
2018-07-11,18.9632,,8.11,7.75,6.019358
2018-07-12,18.8241,,8.105,7.75,6.020347
2018-07-13,18.8854,,8.105,7.75,6.021337
2018-07-14,,,,7.75,6.022326
2018-07-15,,,,7.75,6.023316
2018-07-16,18.836,,8.1067,7.75,6.024305
2018-07-17,18.8763,7.74,8.11,7.75,6.025295
2018-07-18,18.91,,8.11,7.75,6.026285
2018-07-19,19.079,,8.105,7.75,6.027275
2018-07-20,19.0694,,8.1101,7.75,6.028266
2018-07-21,,,,7.75,6.029256
2018-07-22,,,,7.75,6.030247
2018-07-23,19.0761,,8.1068,7.75,6.031238
2018-07-24,18.8506,7.72,8.1025,7.75,6.032229
2018-07-25,18.7709,,8.0805,7.75,6.03322
2018-07-26,18.6234,,8.095,7.75,6.034431
2018-07-27,18.5515,,8.1,7.75,6.035642
2018-07-28,,,,7.75,6.036853
2018-07-29,,,,7.75,6.038065
2018-07-30,18.5413,,8.105,7.75,6.039277
2018-07-31,18.6457,7.74,8.1,7.75,6.040489
2018-08-01,18.5899,,8.1,7.75,6.041702
2018-08-02,18.6349,,8.11,7.75,6.042915
2018-08-03,18.5725,,8.105,7.75,6.044128
2018-08-04,,,,7.75,6.045341
2018-08-05,,,,7.75,6.046554
2018-08-06,18.5433,,8.1075,7.75,6.047768
2018-08-07,18.4631,7.74,8.1075,7.75,6.048982
2018-08-08,18.4542,,8.1002,7.75,6.050196
2018-08-09,18.6511,,8.1041,7.75,6.05141
2018-08-10,18.9273,,8.1035,7.75,6.052625
2018-08-11,,,,7.75,6.053356
2018-08-12,,,,7.75,6.054088
2018-08-13,19.1801,,8.105,7.75,6.054819
2018-08-14,18.9973,7.74,8.1,7.75,6.055551
2018-08-15,19.2339,,8.105,7.75,6.056282
2018-08-16,19.01,,8.11,7.75,6.057014
2018-08-17,19.0615,,8.11,7.75,6.057746
2018-08-18,,,,7.75,6.058478
2018-08-19,,,,7.75,6.05921
2018-08-20,19.0305,,8.1064,7.75,6.059942
2018-08-21,18.8784,7.71,8.1075,7.75,6.060674
2018-08-22,18.8176,,8.11,7.75,6.061406
2018-08-23,18.8672,,8.1064,7.75,6.062138
2018-08-24,18.8339,,8.112,7.75,6.062871
2018-08-25,,,,7.75,6.063603
2018-08-26,,,,7.75,6.064901
2018-08-27,18.6697,,8.11,7.75,6.066199
2018-08-28,18.9354,7.72,8.1043,7.75,6.067498
2018-08-29,19.0659,,8.11,7.75,6.068796
2018-08-30,19.1258,,8.1038,7.75,6.070095
2018-08-31,19.1792,,8.1086,7.75,6.071394
2018-09-01,,,,7.75,6.072694
2018-09-02,,,,7.75,6.073994
2018-09-03,19.2137,,8.1018,7.75,6.075294
2018-09-04,19.3609,7.7,8.0988,7.75,6.076594
2018-09-05,19.4433,,8.1075,7.75,6.077894
2018-09-06,19.3546,,8.104,7.75,6.079195
2018-09-07,19.2394,,8.1015,7.75,6.080496
2018-09-08,,,,7.75,6.081798
2018-09-09,,,,7.75,6.0831
2018-09-10,19.2989,,8.1149,7.75,6.084401
2018-09-11,19.268,7.7,8.115,7.75,6.085604
2018-09-12,19.0511,,8.1109,7.75,6.086808
2018-09-13,18.8775,,8.1195,7.75,6.088011
2018-09-14,18.8689,,8.12,7.75,6.089215
2018-09-15,,,,7.75,6.090419
2018-09-16,,,,7.75,6.091623
2018-09-17,18.8399,,8.1165,7.75,6.092827
2018-09-18,18.7694,7.69,8.12,7.75,6.094032
2018-09-19,18.7672,,8.1225,7.75,6.095237
2018-09-20,18.8296,,8.1227,7.75,6.096442
2018-09-21,18.8539,,8.12,7.75,6.097647
2018-09-22,,,,7.75,6.098853
2018-09-23,,,,7.75,6.100059
2018-09-24,18.8516,,8.12,7.75,6.101265
2018-09-25,18.987,7.65,8.12,7.75,6.102471
2018-09-26,18.8986,,8.1225,7.75,6.103376
2018-09-27,18.812,,8.115,7.75,6.10428
2018-09-28,18.7231,,8.12,7.75,6.105185
2018-09-29,,,,7.75,6.10609
2018-09-30,,,,7.75,6.106995
2018-10-01,18.6531,,8.115,7.75,6.1079
2018-10-02,18.7503,7.67,8.11,7.75,6.108806
2018-10-03,18.8014,,8.115,7.75,6.109711
2018-10-04,19.1328,,8.1125,7.75,6.110617
2018-10-05,18.9444,,8.1125,7.75,6.111523
2018-10-06,,,,7.75,6.112429
2018-10-07,,,,7.75,6.113335
2018-10-08,18.9234,,8.112,7.75,6.114241
2018-10-09,19.0,7.7,8.1122,7.75,6.115147
2018-10-10,19.1183,,8.1195,7.75,6.116054
2018-10-11,19.0217,,8.1154,7.75,6.116478
2018-10-12,18.9202,,8.1134,7.75,6.116902
2018-10-13,,,,7.75,6.117326
2018-10-14,,,,7.75,6.117751
2018-10-15,18.8096,,8.12,7.75,6.118175
2018-10-16,18.7693,7.65,8.115,7.75,6.118599
2018-10-17,18.8012,,8.115,7.75,6.119024
2018-10-18,19.1018,,8.115,7.75,6.119448
2018-10-19,19.2183,,8.1106,7.75,6.119873
2018-10-20,,,,7.75,6.120297
2018-10-21,,,,7.75,6.120722
2018-10-22,19.3669,,8.1086,7.75,6.121146
2018-10-23,19.4169,7.72,8.115,7.75,6.121571
2018-10-24,19.4623,,8.1125,7.75,6.121996
2018-10-25,19.4383,,8.1275,7.75,6.12242
2018-10-26,19.479,,8.1215,7.75,6.123941
2018-10-27,,,,7.75,6.125462
2018-10-28,,,,7.75,6.126983
2018-10-29,19.8022,,8.14,7.75,6.128505
2018-10-30,20.0258,7.76,8.1539,7.75,6.130027
2018-10-31,20.3177,,8.1675,7.75,6.13155
2018-11-01,20.1329,,8.1724,7.75,6.133073
2018-11-02,,,,7.75,6.134596
2018-11-03,,,,7.75,6.13612
2018-11-04,,,,7.75,6.137644
2018-11-05,19.9636,,8.1651,7.75,6.139168
2018-11-06,19.8609,7.71,8.165,7.75,6.140693
2018-11-07,19.8245,,8.175,7.75,6.142218
2018-11-08,20.0438,,8.1825,7.75,6.143744
2018-11-09,20.3614,,8.1887,7.75,6.14527
2018-11-10,,,,7.75,6.146796
2018-11-11,,,,7.75,6.147349
2018-11-12,20.3179,,8.19,7.75,6.147903
2018-11-13,20.5158,7.79,8.1878,7.75,6.148457
2018-11-14,20.3979,,8.1923,7.75,6.14901
2018-11-15,20.3371,,8.205,8.0,6.149564
2018-11-16,20.155,,8.3177,8.0,6.150117
2018-11-17,,,,8.0,6.150671
2018-11-18,,,,8.0,6.151225
2018-11-19,,,,8.0,6.151779
2018-11-20,20.4123,7.94,8.3166,8.0,6.152333
2018-11-21,20.2023,,8.3107,8.0,6.152887
2018-11-22,20.2984,,8.3158,8.0,6.153441
2018-11-23,20.3935,,8.32,8.0,6.153995
2018-11-24,,,,8.0,6.154549
2018-11-25,,,,8.0,6.155103
2018-11-26,20.5304,,8.32,8.0,6.157614
2018-11-27,20.4977,7.97,8.335,8.0,6.160127
2018-11-28,20.4108,,8.345,8.0,6.16264
2018-11-29,20.2217,,8.3363,8.0,6.165154
2018-11-30,20.3455,,8.3328,8.0,6.16767
2018-12-01,,,,8.0,6.170186
2018-12-02,,,,8.0,6.172703
2018-12-03,20.2346,,8.33,8.0,6.175222
2018-12-04,20.5123,7.95,8.3438,8.0,6.177741
2018-12-05,20.5672,,8.34,8.0,6.180262
2018-12-06,20.4705,,8.335,8.0,6.182783
2018-12-07,20.2609,,8.3472,8.0,6.185306
2018-12-08,,,,8.0,6.187829
2018-12-09,,,,8.0,6.190354
2018-12-10,20.3621,7.97,8.3411,8.0,6.192879
2018-12-11,20.2889,,8.355,8.0,6.194256
2018-12-12,,,,8.0,6.195632
2018-12-13,20.2566,,8.35,8.0,6.197009
2018-12-14,20.3337,,8.35,8.0,6.198386
2018-12-15,,,,8.0,6.199764
2018-12-16,,,,8.0,6.201142
2018-12-17,20.1126,,8.3525,8.0,6.20252
2018-12-18,20.1277,8.0,8.365,8.0,6.203898
2018-12-19,20.0293,,8.37,8.0,6.205277
2018-12-20,19.9082,,8.3837,8.25,6.206656
2018-12-21,19.9275,,8.5575,8.25,6.208036
2018-12-22,,,,8.25,6.209415
2018-12-23,,,,8.25,6.210795
2018-12-24,19.8473,8.17,8.5825,8.25,6.212176
2018-12-25,,,,8.25,6.213556
2018-12-26,19.8823,,8.575,8.25,6.215733
2018-12-27,19.6829,,8.5892,8.25,6.217911
2018-12-28,19.6566,,8.5956,8.25,6.22009
2018-12-29,,,,8.25,6.222269
2018-12-30,,,,8.25,6.22445
2018-12-31,19.6512,8.06,8.5897,8.25,6.226631
2019-01-01,,,,8.25,6.228812
2019-01-02,19.5878,,8.5988,8.25,6.230995
2019-01-03,19.6073,,8.5938,8.25,6.233178
2019-01-04,19.4902,,8.59,8.25,6.235362
2019-01-05,,,,8.25,6.237547
2019-01-06,,,,8.25,6.239733
2019-01-07,19.3208,,8.5875,8.25,6.241919
2019-01-08,19.3479,8.0,8.5856,8.25,6.244106
2019-01-09,19.2456,,8.585,8.25,6.246294
2019-01-10,19.1714,,8.5841,8.25,6.248483
2019-01-11,19.1236,,8.595,8.25,6.248252
2019-01-12,,,,8.25,6.248022
2019-01-13,,,,8.25,6.247791
2019-01-14,19.0064,,8.595,8.25,6.247561
2019-01-15,19.0457,7.91,8.595,8.25,6.24733
2019-01-16,18.9908,,8.5925,8.25,6.2471
2019-01-17,19.063,,8.5831,8.25,6.246869
2019-01-18,19.0844,,8.5925,8.25,6.246639
2019-01-19,,,,8.25,6.246409
2019-01-20,,,,8.25,6.246178
2019-01-21,19.1902,,8.6,8.25,6.245948
2019-01-22,19.1297,7.91,8.595,8.25,6.245717
2019-01-23,19.0771,,8.5996,8.25,6.245487
2019-01-24,18.9859,,8.5963,8.25,6.245257
2019-01-25,18.928,,8.595,8.25,6.245026
2019-01-26,,,,8.25,6.245454
2019-01-27,,,,8.25,6.245882
2019-01-28,19.0381,,8.5944,8.25,6.246311
2019-01-29,18.9972,7.86,8.59,8.25,6.246739
2019-01-30,19.1623,,8.5918,8.25,6.247167
2019-01-31,19.0388,,8.595,8.25,6.247595
2019-02-01,19.1098,,8.5875,8.25,6.248023
2019-02-02,,,,8.25,6.248451
2019-02-03,,,,8.25,6.24888
2019-02-04,,,,8.25,6.249308
2019-02-05,19.0824,7.9,8.586,8.25,6.249736
2019-02-06,19.1058,,8.585,8.25,6.250165
2019-02-07,19.08,,8.585,8.25,6.250593
2019-02-08,19.0893,,8.579,8.25,6.251021
2019-02-09,,,,8.25,6.25145
2019-02-10,,,,8.25,6.251878
2019-02-11,19.2524,,8.5735,8.25,6.251907
2019-02-12,19.2592,7.88,8.5685,8.25,6.251935
2019-02-13,19.4084,,8.561,8.25,6.251963
2019-02-14,19.3569,,8.5575,8.25,6.251991
2019-02-15,19.3625,,8.56,8.25,6.25202
2019-02-16,,,,8.25,6.252048
2019-02-17,,,,8.25,6.252076
2019-02-18,19.2578,,8.5642,8.25,6.252105
2019-02-19,19.1778,7.85,8.5475,8.25,6.252133
2019-02-20,19.1835,,8.535,8.25,6.252161
2019-02-21,19.2652,,8.5399,8.25,6.252189
2019-02-22,19.1394,,8.535,8.25,6.252218
2019-02-23,,,,8.25,6.252246
2019-02-24,,,,8.25,6.252274
2019-02-25,19.1185,,8.5408,8.25,6.252303
2019-02-26,19.163,8.1,8.5354,8.25,6.251822
2019-02-27,19.2201,,8.5365,8.25,6.251341
2019-02-28,19.2607,,8.535,8.25,6.250861
2019-03-01,19.2978,,8.5339,8.25,6.25038
2019-03-02,,,,8.25,6.2499
2019-03-03,,,,8.25,6.249419
2019-03-04,19.3039,,8.5325,8.25,6.248939
2019-03-05,19.2597,,8.52,8.25,6.248459
2019-03-06,19.3708,,8.5265,8.25,6.247978
2019-03-07,19.5225,8.0,8.526,8.25,6.247498
2019-03-08,19.4902,,8.526,8.25,6.247018
2019-03-09,,,,8.25,6.246537
2019-03-10,,,,8.25,6.246057
2019-03-11,19.4243,,8.52,8.25,6.246627
2019-03-12,19.3049,8.09,8.5125,8.25,6.247196
2019-03-13,19.332,,8.5151,8.25,6.247766
2019-03-14,19.3233,,8.5156,8.25,6.248336
2019-03-15,19.2176,,8.515,8.25,6.248906
2019-03-16,,,,8.25,6.249476
2019-03-17,,,,8.25,6.250046
2019-03-18,,,,8.25,6.250616
2019-03-19,19.0004,8.15,8.5137,8.25,6.251186
2019-03-20,18.9098,,8.5175,8.25,6.251756
2019-03-21,18.8694,,8.5112,8.25,6.252326
2019-03-22,19.1369,,8.5125,8.25,6.252896
2019-03-23,,,,8.25,6.253466
2019-03-24,,,,8.25,6.254036
2019-03-25,19.0151,,8.5138,8.25,6.254607
2019-03-26,19.0989,7.85,8.5137,8.25,6.25561
2019-03-27,19.3201,,8.51,8.25,6.256613
2019-03-28,19.3793,,8.5099,8.25,6.257617
2019-03-29,19.3779,,8.515,8.25,6.25862
2019-03-30,,,,8.25,6.259624
2019-03-31,,,,8.25,6.260628
2019-04-01,19.2169,,8.51,8.25,6.261632
2019-04-02,19.2279,7.8,8.4962,8.25,6.262636
2019-04-03,19.1805,,8.5,8.25,6.26364
2019-04-04,19.1728,,8.5,8.25,6.264645
2019-04-05,19.0805,,8.491,8.25,6.26565
2019-04-06,,,,8.25,6.266654
2019-04-07,,,,8.25,6.267659
2019-04-08,18.9701,,8.4975,8.25,6.268665
2019-04-09,18.9229,7.76,8.4925,8.25,6.26967
2019-04-10,18.836,,8.4925,8.25,6.270675
2019-04-11,18.8432,,8.4925,8.25,6.271168
2019-04-12,18.7719,,8.4925,8.25,6.271661
2019-04-13,,,,8.25,6.272154
2019-04-14,,,,8.25,6.272647
2019-04-15,18.8489,7.81,8.495,8.25,6.27314
2019-04-16,18.9516,,8.4925,8.25,6.273633
2019-04-17,18.848,,8.497,8.25,6.274127
2019-04-18,,,,8.25,6.27462
2019-04-19,,,,8.25,6.275113
2019-04-20,,,,8.25,6.275606
2019-04-21,,,,8.25,6.276099
2019-04-22,18.8359,,8.495,8.25,6.276593
2019-04-23,18.9578,7.75,8.4975,8.25,6.277086
2019-04-24,19.0046,,8.5,8.25,6.27758
2019-04-25,19.0942,,8.5021,8.25,6.278073
2019-04-26,18.9414,,8.5043,8.25,6.277927
2019-04-27,,,,8.25,6.277782
2019-04-28,,,,8.25,6.277636
2019-04-29,19.012,8.2,8.5,8.25,6.277491
2019-04-30,19.0099,,8.5,8.25,6.277345
2019-05-01,,,,8.25,6.2772
2019-05-02,19.1014,,8.5055,8.25,6.277054
2019-05-03,19.0012,,8.5125,8.25,6.276909
2019-05-04,,,,8.25,6.276763
2019-05-05,,,,8.25,6.276618
2019-05-06,18.9781,,8.5075,8.25,6.276472
2019-05-07,19.0499,8.02,8.5087,8.25,6.276327
2019-05-08,19.0837,,8.511,8.25,6.276181
2019-05-09,19.2623,,8.5043,8.25,6.276036
2019-05-10,19.1374,,8.5062,8.25,6.27589
2019-05-11,,,,8.25,6.276137
2019-05-12,,,,8.25,6.276383
2019-05-13,19.1928,,8.5061,8.25,6.27663
2019-05-14,19.1427,8.05,8.5075,8.25,6.276876
2019-05-15,19.1236,,8.5075,8.25,6.277123
2019-05-16,19.071,,8.505,8.25,6.277369
2019-05-17,19.1454,,8.504,8.25,6.277616
2019-05-18,,,,8.25,6.277863
2019-05-19,,,,8.25,6.278109
2019-05-20,19.0908,,8.5075,8.25,6.278356
2019-05-21,19.0309,8.03,8.5066,8.25,6.278602
2019-05-22,18.9755,,8.5037,8.25,6.278849
2019-05-23,19.0122,,8.5035,8.25,6.279096
2019-05-24,19.0658,,8.5075,8.25,6.279342
2019-05-25,,,,8.25,6.279589
2019-05-26,,,,8.25,6.278405
2019-05-27,19.0521,,8.5075,8.25,6.277221
2019-05-28,19.1652,8.05,8.5075,8.25,6.276037
2019-05-29,19.2395,,8.5071,8.25,6.274854
2019-05-30,19.0683,,8.5075,8.25,6.273671
2019-05-31,19.6426,,8.5078,8.25,6.272488
2019-06-01,,,,8.25,6.271305
2019-06-02,,,,8.25,6.270123
2019-06-03,19.7609,,8.5114,8.25,6.26894
2019-06-04,19.6007,8.3,8.527,8.25,6.267758
2019-06-05,19.5418,,8.5143,8.25,6.266576
2019-06-06,19.7084,,8.5139,8.25,6.265395
2019-06-07,19.6528,,8.5108,8.25,6.264213
2019-06-08,,,,8.25,6.263032
2019-06-09,,,,8.25,6.261851
2019-06-10,19.204,,8.51,8.25,6.26067
2019-06-11,19.1222,8.28,8.5125,8.25,6.260533
2019-06-12,19.1383,,8.5116,8.25,6.260396
2019-06-13,19.1645,,8.5105,8.25,6.260258
2019-06-14,19.1487,,8.5105,8.25,6.260121
2019-06-15,,,,8.25,6.259983
2019-06-16,,,,8.25,6.259846
2019-06-17,19.1924,,8.5098,8.25,6.259708
2019-06-18,19.1011,8.24,8.5088,8.25,6.259571
2019-06-19,19.1753,,8.505,8.25,6.259433
2019-06-20,18.9804,,8.5043,8.25,6.259296
2019-06-21,19.0661,,8.5039,8.25,6.259159
2019-06-22,,,,,6.259021
2019-06-23,,,,8.25,6.258884
2019-06-24,19.1833,,8.4993,8.25,6.258746
2019-06-25,19.2271,8.18,8.4951,8.25,6.258609
2019-06-26,19.1442,,8.495,8.25,6.258645
2019-06-27,19.1685,,8.488,8.25,6.258682
2019-06-28,19.2087,,8.4887,8.25,6.258718
2019-06-29,,,,8.25,6.258754
2019-06-30,,,,8.25,6.258791
2019-07-01,19.076,,8.485,8.25,6.258827
2019-07-02,19.0694,8.1,8.475,8.25,6.258863
2019-07-03,19.0502,,8.47,8.25,6.2589
2019-07-04,18.9947,,8.4749,8.25,6.258936
2019-07-05,19.0446,,8.475,8.25,6.258973
2019-07-06,,,,8.25,6.259009
2019-07-07,,,,8.25,6.259045
2019-07-08,18.9116,,8.4787,8.25,6.259082
2019-07-09,19.0043,8.17,8.4763,8.25,6.259118
2019-07-10,19.2425,,8.48,8.25,6.259155
2019-07-11,19.1227,,8.4725,8.25,6.259752
2019-07-12,19.0307,,8.475,8.25,6.26035
2019-07-13,,,,8.25,6.260948
2019-07-14,,,,8.25,6.261546
2019-07-15,18.9803,,8.4725,8.25,6.262144
2019-07-16,19.0781,8.13,8.4725,8.25,6.262743
2019-07-17,19.0233,,8.475,8.25,6.263341
2019-07-18,19.0108,,8.475,8.25,6.263939
2019-07-19,19.0123,,8.4775,8.25,6.264537
2019-07-20,,,,8.25,6.265136
2019-07-21,,,,8.25,6.265734
2019-07-22,19.0659,,8.4775,8.25,6.266333
2019-07-23,19.1315,8.15,8.475,8.25,6.266931
2019-07-24,19.0894,,8.4775,8.25,6.26753
2019-07-25,19.0623,,8.474,8.25,6.268129
2019-07-26,19.0699,,8.47,8.25,6.269192
2019-07-27,,,,8.25,6.270256
2019-07-28,,,,8.25,6.27132
2019-07-29,19.09,,8.4675,8.25,6.272384
2019-07-30,19.0747,8.01,8.465,8.25,6.273448
2019-07-31,18.9929,,8.4589,8.25,6.274513
2019-08-01,19.1627,,8.4575,8.25,6.275577
2019-08-02,19.3116,,8.4565,8.25,6.276642
2019-08-03,,,,8.25,6.277707
2019-08-04,,,,8.25,6.278772
2019-08-05,19.5731,,8.4575,8.25,6.279838
2019-08-06,19.6291,8.15,8.4537,8.25,6.280903
2019-08-07,19.6953,,8.4525,8.25,6.281969
2019-08-08,19.5118,,8.449,8.25,6.283035
2019-08-09,19.4283,,8.445,8.25,6.284101
2019-08-10,,,,8.25,6.285167
2019-08-11,,,,8.25,6.285434
2019-08-12,19.5803,,8.4405,8.25,6.285701
2019-08-13,19.463,8.05,8.4355,8.25,6.285968
2019-08-14,19.5763,,8.4325,8.25,6.286234
2019-08-15,19.6365,,8.4262,8.0,6.286501
2019-08-16,19.5669,,8.28,8.0,6.286768
2019-08-17,,,,8.0,6.287035
2019-08-18,,,,8.0,6.287301
2019-08-19,19.8153,,8.285,8.0,6.287568
2019-08-20,19.7522,7.96,8.2825,8.0,6.287835
2019-08-21,19.6798,,8.282,8.0,6.288102
2019-08-22,19.7467,,8.2785,8.0,6.288369
2019-08-23,19.8402,,8.2775,8.0,6.288636
2019-08-24,,,,8.0,6.288903
2019-08-25,,,,8.0,6.289169
2019-08-26,19.9086,,8.275,8.0,6.288874
2019-08-27,19.9934,7.87,8.275,8.0,6.288578
2019-08-28,20.0314,,8.2725,8.0,6.288282
2019-08-29,20.0988,,8.2625,8.0,6.287987
2019-08-30,20.0696,,8.26,8.0,6.287691
2019-08-31,,,,8.0,6.287395
2019-09-01,,,,8.0,6.2871
2019-09-02,20.1253,,8.2525,8.0,6.286804
2019-09-03,20.0039,7.81,8.24,8.0,6.286509
2019-09-04,19.7806,,8.235,8.0,6.286213
2019-09-05,19.6834,,8.223,8.0,6.285917
2019-09-06,19.5623,,8.2225,8.0,6.285622
2019-09-07,,,,8.0,6.285326
2019-09-08,,,,8.0,6.285031
2019-09-09,19.5398,,8.2225,8.0,6.284735
2019-09-10,19.5354,7.72,8.2175,8.0,6.28444
2019-09-11,19.5478,,8.21,8.0,6.284662
2019-09-12,19.4265,,8.207,8.0,6.284884
2019-09-13,19.3665,,8.2,8.0,6.285107
2019-09-14,,,,8.0,6.285329
2019-09-15,,,,8.0,6.285551
2019-09-16,,,,8.0,6.285774
2019-09-17,19.4262,7.72,8.1985,8.0,6.285996
2019-09-18,19.3528,,8.195,8.0,6.286218
2019-09-19,19.3981,,8.19,8.0,6.286441
2019-09-20,19.4478,,8.185,8.0,6.286663
2019-09-21,,,,8.0,6.286885
2019-09-22,,,,8.0,6.287108
2019-09-23,19.4459,,8.1825,8.0,6.28733
2019-09-24,19.4587,7.61,8.1675,8.0,6.287552
2019-09-25,19.5775,,8.1625,8.0,6.287775
2019-09-26,19.6363,,8.1312,7.75,6.288502
2019-09-27,19.6808,,8.04,7.75,6.289229
2019-09-28,,,,7.75,6.289956
2019-09-29,,,,7.75,6.290683
2019-09-30,19.7345,,8.0275,7.75,6.291411
2019-10-01,19.7792,7.65,8.015,7.75,6.292138
2019-10-02,19.7985,,8.015,7.75,6.292866
2019-10-03,19.7368,,8.0075,7.75,6.293593
2019-10-04,19.5255,,8.005,7.75,6.294321
2019-10-05,,,,7.75,6.295049
2019-10-06,,,,7.75,6.295777
2019-10-07,19.5522,,8.0025,7.75,6.296505
2019-10-08,19.584,7.7,8.0012,7.75,6.297233
2019-10-09,19.5689,,8.005,7.75,6.297961
2019-10-10,19.4764,,8.005,7.75,6.298689
2019-10-11,19.3217,,8.0025,7.75,6.299214
2019-10-12,,,,7.75,6.29974
2019-10-13,,,,7.75,6.300265
2019-10-14,19.2652,,7.9987,7.75,6.30079
2019-10-15,19.252,7.67,7.9975,7.75,6.301316
2019-10-16,19.2135,,7.9975,7.75,6.301841
2019-10-17,19.1602,,7.995,7.75,6.302367
2019-10-18,19.1492,,7.9962,7.75,6.302892
2019-10-19,,,,7.75,6.303418
2019-10-20,,,,7.75,6.303943
2019-10-21,19.1422,,7.9931,7.75,6.304469
2019-10-22,19.105,7.65,7.9975,7.75,6.304995
2019-10-23,19.1258,,7.9935,7.75,6.30552
2019-10-24,19.0878,,7.9915,7.75,6.306046
2019-10-25,19.082,,7.9857,7.75,6.306572
2019-10-26,,,,7.75,6.308134
2019-10-27,,,,7.75,6.309697
2019-10-28,19.0543,,7.985,7.75,6.31126
2019-10-29,19.1167,7.62,7.98,7.75,6.312823
2019-10-30,19.1643,,7.9705,7.75,6.314387
2019-10-31,19.1948,,7.9625,7.75,6.315951
2019-11-01,19.1058,,7.96,7.75,6.317516
2019-11-02,,,,7.75,6.319081
2019-11-03,,,,7.75,6.320646
2019-11-04,19.1525,,7.955,7.75,6.322212
2019-11-05,19.2125,7.55,7.9525,7.75,6.323778
2019-11-06,19.1953,,7.947,7.75,6.325345
2019-11-07,19.1327,,7.945,7.75,6.326912
2019-11-08,19.1068,,7.945,7.75,6.328479
2019-11-09,,,,7.75,6.330047
2019-11-10,,,,7.75,6.331615
2019-11-11,19.109,,7.9412,7.75,6.332289
2019-11-12,19.2178,7.45,7.9325,7.75,6.332964
2019-11-13,19.4543,,7.9212,7.75,6.333639
2019-11-14,19.4228,,7.8913,7.5,6.334313
2019-11-15,19.2063,,7.8025,7.5,6.334988
2019-11-16,,,,7.5,6.335663
2019-11-17,,,,7.5,6.336338
2019-11-18,,,,7.5,6.337013
2019-11-19,19.3687,7.43,7.795,7.5,6.337688
2019-11-20,19.48,,7.7925,7.5,6.338364
2019-11-21,19.4138,,7.79,7.5,6.339039
2019-11-22,19.3987,,7.7875,7.5,6.339714
2019-11-23,,,,7.5,6.34039
2019-11-24,,,,7.5,6.341065
2019-11-25,19.4468,,7.7837,7.5,6.341741
2019-11-26,19.5185,7.46,7.785,7.5,6.34461
2019-11-27,19.5607,,7.7825,7.5,6.34748
2019-11-28,19.6113,,7.7812,7.5,6.350352
2019-11-29,19.5352,,7.7804,7.5,6.353225
2019-11-30,,,,7.5,6.356099
2019-12-01,,,,7.5,6.358975
2019-12-02,19.5717,,7.7802,7.5,6.361852
2019-12-03,19.5678,7.4,7.7801,7.5,6.36473
2019-12-04,19.4707,,7.775,7.5,6.367609
2019-12-05,19.3688,,7.7725,7.5,6.37049
2019-12-06,19.3247,,7.771,7.5,6.373372
2019-12-07,,,,7.5,6.376256
2019-12-08,,,,7.5,6.37914
2019-12-09,19.2302,7.04,7.746,7.5,6.382026
2019-12-10,19.2362,,7.75,7.5,6.384914
2019-12-11,19.1785,,7.7425,7.5,6.385294
2019-12-12,,,,7.5,6.385673
2019-12-13,19.0455,,7.7412,7.5,6.386053
2019-12-14,,,,7.5,6.386433
2019-12-15,,,,7.5,6.386813
2019-12-16,18.9702,,7.7401,7.5,6.387193
2019-12-17,18.9165,6.8,7.73,7.5,6.387573
2019-12-18,18.9542,,7.72,7.5,6.387953
2019-12-19,18.964,,7.7095,7.25,6.388333
2019-12-20,18.9133,,7.58,7.25,6.388713
2019-12-21,,,,7.25,6.389093
2019-12-22,,,,7.25,6.389473
2019-12-23,18.9385,7.25,7.5675,7.25,6.389853
2019-12-24,18.9643,,7.565,7.25,6.390233
2019-12-25,,,,7.25,6.390613
2019-12-26,18.9445,,7.5625,7.25,6.392013
2019-12-27,18.8452,,7.5615,7.25,6.393414
2019-12-28,,,,7.25,6.394814
2019-12-29,,,,7.25,6.396215
2019-12-30,18.8727,7.25,7.5555,7.25,6.397616
2019-12-31,18.8642,,7.555,7.25,6.399018
2020-01-01,,,,7.25,6.400419
2020-01-02,18.8817,,7.5525,7.25,6.401821
2020-01-03,18.8673,,7.5495,7.25,6.403224
2020-01-04,,,,7.25,6.404626
2020-01-05,,,,7.25,6.406029
2020-01-06,18.827,,7.5475,7.25,6.407433
2020-01-07,18.8852,7.26,7.545,7.25,6.408836
2020-01-08,18.798,,7.5425,7.25,6.41024
2020-01-09,18.8453,,7.5425,7.25,6.411644
2020-01-10,18.7732,,7.5402,7.25,6.413049
2020-01-11,,,,7.25,6.414429
2020-01-12,,,,7.25,6.41581
2020-01-13,18.8215,,7.5381,7.25,6.417191
2020-01-14,18.812,7.0,7.5375,7.25,6.418572
2020-01-15,18.8077,,7.53,7.25,6.419954
2020-01-16,18.793,,7.525,7.25,6.421336
2020-01-17,18.7388,,7.53,7.25,6.422718
2020-01-18,,,,7.25,6.4241
2020-01-19,,,,7.25,6.425483
2020-01-20,18.6725,,7.525,7.25,6.426866
2020-01-21,18.7007,7.05,7.5225,7.25,6.42825
2020-01-22,18.6883,,7.5215,7.25,6.429633
2020-01-23,18.8018,,7.5225,7.25,6.431017
2020-01-24,18.8313,,7.5202,7.25,6.432402
2020-01-25,,,,7.25,6.433786
2020-01-26,,,,7.25,6.434857
2020-01-27,18.9407,,7.51,7.25,6.435929
2020-01-28,18.8022,7.04,7.5065,7.25,6.437
2020-01-29,18.7067,,7.5025,7.25,6.438072
2020-01-30,18.7853,,7.5002,7.25,6.439144
2020-01-31,18.9082,,7.4951,7.25,6.440216
2020-02-01,,,,7.25,6.441288
2020-02-02,,,,7.25,6.442361
2020-02-03,,,,7.25,6.443433
2020-02-04,18.6797,6.99,7.4937,7.25,6.444506
2020-02-05,18.6245,,7.4925,7.25,6.445579
2020-02-06,18.6645,,7.4915,7.25,6.446652
2020-02-07,18.7763,,7.4892,7.25,6.447725
2020-02-08,,,,7.25,6.448799
2020-02-09,,,,7.25,6.449872
2020-02-10,18.7653,,7.4875,7.25,6.450946
2020-02-11,18.674,7.0,7.4837,7.25,6.451423
2020-02-12,18.6308,,7.4812,7.25,6.4519
2020-02-13,18.6458,,7.45,7.0,6.452377
2020-02-14,18.5712,,7.33,7.0,6.452854
2020-02-15,,,,7.0,6.45333
2020-02-16,,,,7.0,6.453807
2020-02-17,18.5715,,7.315,7.0,6.454284
2020-02-18,18.5952,6.95,7.31,7.0,6.454761
2020-02-19,18.591,,7.305,7.0,6.455238
2020-02-20,18.7992,,7.3012,7.0,6.455715
2020-02-21,18.9138,,7.303,7.0,6.456193
2020-02-22,,,,7.0,6.45667
2020-02-23,,,,7.0,6.457147
2020-02-24,19.1197,,7.3015,7.0,6.457624
2020-02-25,19.0878,6.91,7.3,7.0,6.458101
2020-02-26,19.1585,,7.295,7.0,6.458664
2020-02-27,19.3973,,7.295,7.0,6.459227
2020-02-28,19.776,,7.2925,7.0,6.45979
2020-02-29,,,,,6.460353
2020-03-01,,,,,6.460916
2020-03-02,19.6985,,7.2812,7.0,6.461478
2020-03-03,19.2837,6.7,7.265,7.0,6.462042
2020-03-04,19.5335,,7.2525,7.0,6.462605
2020-03-05,19.8095,,7.2412,7.0,6.463168
2020-03-06,20.1623,,7.235,7.0,6.463731
2020-03-07,,,,7.0,6.464294
2020-03-08,,,,7.0,6.464857
2020-03-09,21.1117,,7.2275,7.0,6.465421
2020-03-10,21.0267,6.81,7.2262,7.0,6.465984
2020-03-11,21.213,,7.2175,7.0,6.468021
2020-03-12,22.1518,,7.2187,7.0,6.470059
2020-03-13,21.9288,,7.217,7.0,6.472097
2020-03-14,,,,7.0,6.474136
2020-03-15,,,,7.0,6.476175
2020-03-16,,,,7.0,6.478215
2020-03-17,23.0573,7.15,7.21,7.0,6.480256
2020-03-18,23.9008,,7.2075,7.0,6.482297
2020-03-19,24.0868,,7.205,7.0,6.484339
2020-03-20,24.1113,,7.2025,6.5,6.486382
2020-03-21,,,,6.5,6.488425
2020-03-22,,,,6.5,6.490469
2020-03-23,25.0782,,6.815,6.5,6.492514
2020-03-24,25.1185,6.59,6.785,6.5,6.494559
2020-03-25,24.2948,,6.7675,6.5,6.496605
2020-03-26,23.097,,6.7587,6.5,6.497033
2020-03-27,23.5122,,6.7487,6.5,6.497461
2020-03-28,,,,6.5,6.497889
2020-03-29,,,,6.5,6.498318
2020-03-30,24.2853,,6.74,6.5,6.498746
2020-03-31,23.4847,6.39,6.71,6.5,6.499174
2020-04-01,24.4918,,6.7025,6.5,6.499602
2020-04-02,24.1087,,6.7,6.5,6.50003
2020-04-03,24.6938,,6.69,6.5,6.500459
2020-04-04,,,,6.5,6.500887
2020-04-05,,,,6.5,6.501315
2020-04-06,24.6895,6.23,6.685,6.5,6.501743
2020-04-07,24.0388,,6.6775,6.5,6.502172
2020-04-08,24.0925,,6.6487,6.5,6.5026
2020-04-09,,,,6.5,6.503029
2020-04-10,,,,6.5,6.503457
2020-04-11,,,,6.5,6.500082
2020-04-12,,,,6.5,6.496708
2020-04-13,23.7427,,6.6418,6.5,6.493336
2020-04-14,23.5645,6.0,6.6385,6.5,6.489966
2020-04-15,24.1155,,6.6292,6.5,6.486597
2020-04-16,24.2098,,6.6196,6.5,6.48323
2020-04-17,23.9012,,6.6142,6.5,6.479865
2020-04-18,,,,6.5,6.476502
2020-04-19,,,,6.5,6.47314
2020-04-20,24.0077,,6.6115,6.5,6.469781
2020-04-21,24.4248,6.0,6.607,6.0,6.466423
2020-04-22,24.5883,,6.2725,6.0,6.463066
2020-04-23,24.623,,6.2662,6.0,6.459712
2020-04-24,24.8583,,6.2645,6.0,6.456359
2020-04-25,,,,6.0,6.453008
2020-04-26,,,,6.0,6.449897
2020-04-27,24.8492,,6.2607,6.0,6.446787
2020-04-28,24.3882,5.84,6.2592,6.0,6.443679
2020-04-29,24.0002,,6.256,6.0,6.440573
2020-04-30,23.9283,,6.2475,6.0,6.437468
2020-05-01,,,,6.0,6.434364
2020-05-02,,,,6.0,6.431262
2020-05-03,,,,6.0,6.428162
2020-05-04,24.3812,,6.245,6.0,6.425063
2020-05-05,23.8343,5.7,6.2425,6.0,6.421965
2020-05-06,24.2942,,6.241,6.0,6.418869
2020-05-07,24.0563,,6.2395,6.0,6.415775
2020-05-08,23.6805,,6.2357,6.0,6.412682
2020-05-09,,,,6.0,6.40959
2020-05-10,,,,6.0,6.4065
2020-05-11,23.8693,,6.2315,6.0,6.407304
2020-05-12,24.0487,5.39,6.2277,6.0,6.408108
2020-05-13,24.2113,,6.196,6.0,6.408912
2020-05-14,24.2708,,6.1772,5.5,6.409716
2020-05-15,23.958,,5.78,5.5,6.41052
2020-05-16,,,,5.5,6.411324
2020-05-17,,,,5.5,6.412128
2020-05-18,23.6032,,5.7775,5.5,6.412933
2020-05-19,23.6023,5.39,5.7727,5.5,6.413737
2020-05-20,23.2962,,5.7688,5.5,6.414542
2020-05-21,22.96,,5.7644,5.5,6.415347
2020-05-22,22.7928,,5.7622,5.5,6.416152
2020-05-23,,,,5.5,6.416956
2020-05-24,,,,5.5,6.417762
2020-05-25,22.563,,5.755,5.5,6.418567
2020-05-26,22.2932,5.38,5.7525,5.5,6.419751
2020-05-27,22.3633,,5.7482,5.5,6.420936
2020-05-28,22.204,,5.7441,5.5,6.422121
2020-05-29,22.1778,,5.7395,5.5,6.423306
2020-05-30,,,,5.5,6.424492
2020-05-31,,,,5.5,6.425677
2020-06-01,22.0168,,5.7347,5.5,6.426863
2020-06-02,21.6827,5.27,5.7325,5.5,6.428049
2020-06-03,21.6043,,5.7286,5.5,6.429236
2020-06-04,21.8388,,5.7229,5.5,6.430422
2020-06-05,21.5837,,5.7089,5.5,6.431609
2020-06-06,,,,5.5,6.432796
2020-06-07,,,,5.5,6.433983
2020-06-08,21.6552,,5.696,5.5,6.43517
2020-06-09,21.7252,5.15,5.6924,5.5,6.436358
2020-06-10,21.923,,5.685,5.5,6.437546
2020-06-11,22.4252,,5.681,5.5,6.437509
2020-06-12,22.3347,,5.6765,5.5,6.437473
2020-06-13,,,,5.5,6.437437
2020-06-14,,,,5.5,6.4374
2020-06-15,22.5435,,5.673,5.5,6.437364
2020-06-16,22.2168,4.98,5.671,5.5,6.437327
2020-06-17,22.2783,,5.6655,5.5,6.437291
2020-06-18,22.6088,,5.661,5.5,6.437255
2020-06-19,22.63,,5.656,5.5,6.437218
2020-06-20,,,,5.5,6.437182
2020-06-21,,,,5.5,6.437146
2020-06-22,22.4413,,5.655,5.5,6.437109
2020-06-23,22.413,4.85,5.6505,5.5,6.437073
2020-06-24,22.6662,,5.6452,5.5,6.437036
2020-06-25,22.7963,,5.6101,5.0,6.437
2020-06-26,22.9715,,5.2975,5.0,6.43836
2020-06-27,,,,5.0,6.439721
2020-06-28,,,,5.0,6.441082
2020-06-29,23.1325,,5.2887,5.0,6.442443
2020-06-30,23.0893,4.81,5.2843,5.0,6.443804
2020-07-01,22.8078,,5.2665,5.0,6.445166
2020-07-02,22.5225,,5.26,5.0,6.446528
2020-07-03,22.4147,,5.2562,5.0,6.44789
2020-07-04,,,,5.0,6.449253
2020-07-05,,,,5.0,6.450616
2020-07-06,22.2808,,5.255,5.0,6.451979
2020-07-07,22.6213,4.95,5.2505,5.0,6.453342
2020-07-08,22.8225,,5.2457,5.0,6.454706
2020-07-09,22.6945,,5.243,5.0,6.45607
2020-07-10,22.5342,,5.2385,5.0,6.457434
2020-07-11,,,,5.0,6.459435
2020-07-12,,,,5.0,6.461436
2020-07-13,22.4633,,5.2372,5.0,6.463438
2020-07-14,22.6173,4.9,5.235,5.0,6.465441
2020-07-15,22.3647,,5.2305,5.0,6.467444
2020-07-16,22.3032,,5.2292,5.0,6.469448
2020-07-17,22.4897,,5.225,5.0,6.471452
2020-07-18,,,,5.0,6.473457
2020-07-19,,,,5.0,6.475463
2020-07-20,22.6278,,5.2225,5.0,6.477469
2020-07-21,22.3597,4.8,5.219,5.0,6.479476
2020-07-22,22.251,,5.2175,5.0,6.481484
2020-07-23,22.3627,,5.2075,5.0,6.483492
2020-07-24,22.3842,,5.204,5.0,6.4855
2020-07-25,,,,5.0,6.48751
2020-07-26,,,,5.0,6.488948
2020-07-27,22.0275,,5.2042,5.0,6.490386
2020-07-28,21.9615,4.63,5.2,5.0,6.491824
2020-07-29,21.9907,,5.1975,5.0,6.493263
2020-07-30,22.1727,,5.195,5.0,6.494702
2020-07-31,22.2012,,5.1925,5.0,6.496141
2020-08-01,,,,5.0,6.497581
2020-08-02,,,,5.0,6.49902
2020-08-03,22.614,,5.1877,5.0,6.500461
2020-08-04,22.7845,4.53,5.184,5.0,6.501901
2020-08-05,22.4068,,5.178,5.0,6.503342
2020-08-06,22.3652,,5.174,5.0,6.504783
2020-08-07,22.4892,,5.1702,5.0,6.506225
2020-08-08,,,,5.0,6.507667
2020-08-09,,,,5.0,6.509109
2020-08-10,22.485,,5.1687,5.0,6.510552
2020-08-11,22.349,4.48,5.1668,5.0,6.511141
2020-08-12,22.3457,,5.1359,5.0,6.511731
2020-08-13,22.2628,,5.1292,5.0,6.512321
2020-08-14,22.0313,,4.8036,4.5,6.512911
2020-08-15,,,,4.5,6.513501
2020-08-16,,,,4.5,6.514091
2020-08-17,22.057,,4.797,4.5,6.514681
2020-08-18,22.1535,4.43,4.7935,4.5,6.515272
2020-08-19,22.0527,,4.7895,4.5,6.515862
2020-08-20,22.176,,4.7875,4.5,6.516452
2020-08-21,22.0362,,4.7845,4.5,6.517042
2020-08-22,,,,4.5,6.517633
2020-08-23,,,,4.5,6.518223
2020-08-24,21.984,,4.7792,4.5,6.518814
2020-08-25,21.9723,4.5,4.7775,4.5,6.519404
2020-08-26,21.9202,,4.775,4.5,6.520389
2020-08-27,22.1168,,4.7725,4.5,6.521373
2020-08-28,21.8602,,4.769,4.5,6.522358
2020-08-29,,,,,6.523342
2020-08-30,,,,4.5,6.524327
2020-08-31,21.888,,4.7677,4.5,6.525312
2020-09-01,21.7445,4.42,4.764,4.5,6.526297
2020-09-02,21.8393,,4.762,4.5,6.527282
2020-09-03,21.6383,,4.7585,4.5,6.528268
2020-09-04,21.6115,,4.7602,4.5,6.529253
2020-09-05,,,,4.5,6.530239
2020-09-06,,,,4.5,6.531225
2020-09-07,21.5887,,4.7576,4.5,6.532211
2020-09-08,21.7138,4.41,4.753,4.5,6.533197
2020-09-09,21.5377,,4.7522,4.5,6.534183
2020-09-10,21.2773,,4.7512,4.5,6.53517
2020-09-11,21.321,,4.7507,4.5,6.535893
2020-09-12,,,,4.5,6.536616
2020-09-13,,,,4.5,6.537339
2020-09-14,21.0728,4.45,4.746,4.5,6.538062
2020-09-15,21.0692,,4.7422,4.5,6.538786
2020-09-16,,,,4.5,6.539509
2020-09-17,20.985,,4.7415,4.5,6.540233
2020-09-18,20.9697,,4.7367,4.5,6.540956
2020-09-19,,,,4.5,6.54168
2020-09-20,,,,4.5,6.542404
2020-09-21,21.505,,4.7335,4.5,6.543127
2020-09-22,21.5682,4.25,4.7325,4.5,6.543851
2020-09-23,22.0897,,4.729,4.5,6.544575
2020-09-24,22.3678,,4.7275,4.5,6.545299
2020-09-25,22.4402,,4.5605,4.25,6.546024
2020-09-26,,,,4.25,6.546735
2020-09-27,,,,4.25,6.547446
2020-09-28,22.4573,,4.55,4.25,6.548157
2020-09-29,22.3598,4.18,4.5495,4.25,6.548868
2020-09-30,22.1438,,4.5485,4.25,6.549579
2020-10-01,21.9562,,4.5487,4.25,6.55029
2020-10-02,21.7025,,4.5445,4.25,6.551002
2020-10-03,,,,4.25,6.551713
2020-10-04,,,,4.25,6.552425
2020-10-05,21.396,,4.5425,4.25,6.553136
2020-10-06,21.4507,4.26,4.543,4.25,6.553848
2020-10-07,21.493,,4.5425,4.25,6.55456
2020-10-08,21.4318,,4.5425,4.25,6.555272
2020-10-09,21.1822,,4.539,4.25,6.555984
2020-10-10,,,,4.25,6.556696
2020-10-11,,,,4.25,6.556554
2020-10-12,21.2183,,4.5345,4.25,6.556413
2020-10-13,21.3677,4.22,4.537,4.25,6.556271
2020-10-14,21.2998,,4.5357,4.25,6.55613
2020-10-15,21.3832,,4.531,4.25,6.555988
2020-10-16,21.1765,,4.5306,4.25,6.555847
2020-10-17,,,,4.25,6.555705
2020-10-18,,,,4.25,6.555564
2020-10-19,21.1342,,4.5255,4.25,6.555422
2020-10-20,21.0902,4.14,4.525,4.25,6.555281
2020-10-21,21.064,,4.525,4.25,6.555139
2020-10-22,21.03,,4.5207,4.25,6.554998
2020-10-23,20.9205,,4.5222,4.25,6.554856
2020-10-24,,,,4.25,6.554715
2020-10-25,,,,4.25,6.554573
2020-10-26,20.9818,,4.5225,4.25,6.5568
2020-10-27,20.8798,4.22,4.5215,4.25,6.559027
2020-10-28,21.1648,,4.5162,4.25,6.561255
2020-10-29,21.377,,4.5155,4.25,6.563484
2020-10-30,21.2508,,4.5125,4.25,6.565713
2020-10-31,,,,4.25,6.567944
2020-11-01,,,,4.25,6.570175
2020-11-02,,,,4.25,6.572406
2020-11-03,21.1555,4.25,4.516,4.25,6.574639
2020-11-04,21.0345,,4.511,4.25,6.576872
2020-11-05,20.7612,,4.506,4.25,6.579106
2020-11-06,20.62,,4.503,4.25,6.581341
2020-11-07,,,,4.25,6.583577
2020-11-08,,,,4.25,6.585813
2020-11-09,20.36,,4.5,4.25,6.58805
2020-11-10,20.4018,4.14,4.5007,4.25,6.590288
2020-11-11,20.5772,,4.4987,4.25,6.590999
2020-11-12,20.5303,,4.493,4.25,6.59171
2020-11-13,20.4833,,4.505,4.25,6.592421
2020-11-14,,,,4.25,6.593132
2020-11-15,,,,4.25,6.593843
2020-11-16,,,,4.25,6.594555
2020-11-17,20.3212,4.24,4.5025,4.25,6.595266
2020-11-18,20.2388,,4.4985,4.25,6.595977
2020-11-19,20.1858,,4.4952,4.25,6.596689
2020-11-20,20.1172,,4.4925,4.25,6.597401
2020-11-21,,,,4.25,6.598112
2020-11-22,,,,4.25,6.598824
2020-11-23,20.1012,,4.4925,4.25,6.599536
2020-11-24,20.0577,4.28,4.49,4.25,6.600248
2020-11-25,20.0465,,4.4875,4.25,6.60096
2020-11-26,20.0467,,4.4835,4.25,6.601154
2020-11-27,20.0777,,4.4855,4.25,6.601348
2020-11-28,,,,4.25,6.601542
2020-11-29,,,,4.25,6.601736
2020-11-30,20.1398,,4.4872,4.25,6.60193
2020-12-01,20.0508,4.35,4.4885,4.25,6.602124
2020-12-02,20.0497,,4.4889,4.25,6.602318
2020-12-03,19.9083,,4.4845,4.25,6.602512
2020-12-04,19.7838,,4.4825,4.25,6.602706
2020-12-05,,,,4.25,6.6029
2020-12-06,,,,4.25,6.603094
2020-12-07,19.8213,,4.4825,4.25,6.603288
2020-12-08,19.7537,4.26,4.4819,4.25,6.603482
2020-12-09,19.8368,,4.4775,4.25,6.603676
2020-12-10,19.9572,,4.4782,4.25,6.60387
2020-12-11,20.1075,,4.4775,4.25,6.60343
2020-12-12,,,,4.25,6.602989
2020-12-13,,,,4.25,6.602548
2020-12-14,20.1778,,4.4745,4.25,6.602107
2020-12-15,20.1113,4.23,4.471,4.25,6.601667
2020-12-16,19.9513,,4.5,4.25,6.601226
2020-12-17,19.8173,,4.4965,4.25,6.600785
2020-12-18,19.9487,,4.494,4.25,6.600345
2020-12-19,,,,4.25,6.599904
2020-12-20,,,,4.25,6.599463
2020-12-21,20.0905,,4.495,4.25,6.599023
2020-12-22,20.0562,4.27,4.4922,4.25,6.598582
2020-12-23,20.1175,,4.4882,4.25,6.598142
2020-12-24,19.8517,,4.4878,4.25,6.597701
2020-12-25,,,,4.25,6.597261
2020-12-26,,,,4.25,6.59865
2020-12-27,,,,4.25,6.600039
2020-12-28,20.0477,,4.4875,4.25,6.601428
2020-12-29,19.9487,4.24,4.485,4.25,6.602817
2020-12-30,19.9352,,4.4842,4.25,6.604207
2020-12-31,19.9087,,4.4805,4.25,6.605597
2021-01-01,,,,4.25,6.606988
2021-01-02,,,,4.25,6.608378
2021-01-03,,,,4.25,6.609769
2021-01-04,19.8457,,4.481,4.25,6.611161
2021-01-05,19.9437,4.28,4.4812,4.25,6.612552
2021-01-06,19.725,,4.4776,4.25,6.613944
2021-01-07,19.91,,4.4775,4.25,6.615336
2021-01-08,19.9705,,4.4775,4.25,6.616729
2021-01-09,,,,4.25,6.618121
2021-01-10,,,,4.25,6.619514
2021-01-11,20.113,,4.475,4.25,6.620346
2021-01-12,19.9373,4.19,4.4716,4.25,6.621179
2021-01-13,19.7935,,4.47,4.25,6.622011
2021-01-14,19.7793,,4.4677,4.25,6.622843
2021-01-15,19.7875,,4.4675,4.25,6.623676
2021-01-16,,,,4.25,6.624508
2021-01-17,,,,4.25,6.625341
2021-01-18,19.757,,4.4655,4.25,6.626173
2021-01-19,19.6788,4.19,4.4667,4.25,6.627006
2021-01-20,19.5793,,4.4637,4.25,6.627839
2021-01-21,19.7393,,4.4615,4.25,6.628672
2021-01-22,19.9833,,4.4615,4.25,6.629505
2021-01-23,,,,4.25,6.630339
2021-01-24,,,,4.25,6.631172
2021-01-25,20.1598,,4.4592,4.25,6.632006
2021-01-26,20.0152,4.22,4.4565,4.25,6.63413
2021-01-27,20.2168,,4.4542,4.25,6.636256
2021-01-28,20.2697,,4.452,4.25,6.638382
2021-01-29,20.2248,,4.45,4.25,6.640509
2021-01-30,,,,4.25,6.642636
2021-01-31,,,,4.25,6.644764
2021-02-01,,,,4.25,6.646893
2021-02-02,20.1722,4.24,4.4504,4.25,6.649022
2021-02-03,20.1953,,4.4477,4.25,6.651153
2021-02-04,20.4435,,4.4465,4.25,6.653283
2021-02-05,20.1388,,4.4437,4.25,6.655415
2021-02-06,,,,4.25,6.657547
2021-02-07,,,,4.25,6.65968
2021-02-08,20.1227,,4.4425,4.25,6.661814
2021-02-09,20.0913,4.19,4.442,4.25,6.663948
2021-02-10,20.0588,,4.4415,4.25,6.666083
2021-02-11,19.9535,,4.449,4.25,6.668293
2021-02-12,19.9622,,4.2948,4.0,6.670504
2021-02-13,,,,4.0,6.672715
2021-02-14,,,,4.0,6.674928
2021-02-15,19.9518,,4.2925,4.0,6.677141
2021-02-16,20.2023,4.01,4.2915,4.0,6.679355
2021-02-17,20.2257,,4.289,4.0,6.681569
2021-02-18,20.4165,,4.2875,4.0,6.683784
2021-02-19,20.4222,,4.2865,4.0,6.686
2021-02-20,,,,4.0,6.688217
2021-02-21,,,,4.0,6.690434
2021-02-22,20.6783,,4.2875,4.0,6.692653
2021-02-23,20.5833,4.02,4.2862,4.0,6.694871
2021-02-24,20.4752,,4.2831,4.0,6.697091
2021-02-25,20.8523,,4.2825,4.0,6.699312
2021-02-26,20.939,,4.2812,4.0,6.700486
2021-02-27,,,,4.0,6.70166
2021-02-28,,,,4.0,6.702835
2021-03-01,20.6123,,4.2825,4.0,6.704009
2021-03-02,20.6903,4.06,4.2813,4.0,6.705184
2021-03-03,20.8957,,4.2825,4.0,6.70636
2021-03-04,20.8498,,4.2825,4.0,6.707535
2021-03-05,21.2635,,4.282,4.0,6.708711
2021-03-06,,,,4.0,6.709886
2021-03-07,,,,4.0,6.711062
2021-03-08,21.4177,,4.285,4.0,6.712239
2021-03-09,21.2575,4.05,4.284,4.0,6.713415
2021-03-10,20.9853,,4.2845,4.0,6.714592
2021-03-11,20.7133,,4.2845,4.0,6.715976
2021-03-12,20.7637,,4.283,4.0,6.717361
2021-03-13,,,,4.0,6.718746
2021-03-14,,,,4.0,6.720132
2021-03-15,,,,4.0,6.721517
2021-03-16,20.5753,4.05,4.2825,4.0,6.722903
2021-03-17,20.6828,,4.2812,4.0,6.72429
2021-03-18,20.4415,,4.2812,4.0,6.725676
2021-03-19,20.4823,,4.285,4.0,6.727063
2021-03-20,,,,4.0,6.72845
2021-03-21,,,,4.0,6.729837
2021-03-22,20.5788,,4.2837,4.0,6.731225
2021-03-23,20.6408,4.03,4.2825,4.0,6.732613
2021-03-24,20.7882,,4.2825,4.0,6.734001
2021-03-25,20.7662,,4.283,4.0,6.73539
2021-03-26,20.5677,,4.2862,4.0,6.737617
2021-03-27,,,,4.0,6.739844
2021-03-28,,,,4.0,6.742072
2021-03-29,20.6047,4.08,4.285,4.0,6.744301
2021-03-30,20.6025,,4.2875,4.0,6.74653
2021-03-31,20.44,,4.2875,4.0,6.748761
2021-04-01,,,,4.0,6.750992
2021-04-02,,,,4.0,6.753224
2021-04-03,,,,4.0,6.755456
2021-04-04,,,,4.0,6.757689
2021-04-05,20.2483,,4.288,4.0,6.759923
2021-04-06,20.1612,4.07,4.2885,4.0,6.762158
2021-04-07,20.1765,,4.2875,4.0,6.764394
2021-04-08,20.089,,4.2875,4.0,6.76663
2021-04-09,20.163,,4.2885,4.0,6.768867
2021-04-10,,,,4.0,6.771105
2021-04-11,,,,4.0,6.772368
2021-04-12,20.095,,4.2875,4.0,6.773632
2021-04-13,20.0735,4.07,4.2885,4.0,6.774896
2021-04-14,20.0583,,4.285,4.0,6.77616
2021-04-15,19.927,,4.2831,4.0,6.777425
2021-04-16,19.9158,,4.2815,4.0,6.77869
2021-04-17,,,,4.0,6.779955
2021-04-18,,,,4.0,6.78122
2021-04-19,19.8145,,4.2825,4.0,6.782486
2021-04-20,19.8877,4.06,4.2829,4.0,6.783751
2021-04-21,19.874,,4.281,4.0,6.785017
2021-04-22,19.8865,,4.281,4.0,6.786284
2021-04-23,19.8695,,4.2825,4.0,6.78755
2021-04-24,,,,4.0,6.788817
2021-04-25,,,,4.0,6.790084
2021-04-26,19.8362,,4.281,4.0,6.790371
2021-04-27,19.9785,4.06,4.281,4.0,6.790658
2021-04-28,19.9712,,4.281,4.0,6.790944
2021-04-29,20.0978,,4.283,4.0,6.791231
2021-04-30,20.1822,,4.285,4.0,6.791518
2021-05-01,,,,4.0,6.791805
2021-05-02,,,,4.0,6.792092
2021-05-03,20.1902,,4.2852,4.0,6.792379
2021-05-04,20.2235,4.07,4.286,4.0,6.792666
2021-05-05,20.2077,,4.284,4.0,6.792953
2021-05-06,20.1838,,4.2837,4.0,6.793241
2021-05-07,19.9223,,4.2837,4.0,6.793528
2021-05-08,,,,4.0,6.793815
2021-05-09,,,,,6.794102
2021-05-10,19.886,,4.285,4.0,6.794389
2021-05-11,19.8848,4.06,4.2875,4.0,6.795503
2021-05-12,20.094,,4.2872,4.0,6.796618
2021-05-13,20.0495,,4.2897,4.0,6.797733
2021-05-14,19.8487,,4.29,4.0,6.798848
2021-05-15,,,,4.0,6.799963
2021-05-16,,,,4.0,6.801078
2021-05-17,19.8028,,4.2892,4.0,6.802194
2021-05-18,19.8313,4.05,4.289,4.0,6.803309
2021-05-19,19.8143,,4.2885,4.0,6.804425
2021-05-20,19.881,,4.2745,4.0,6.805541
2021-05-21,19.951,,4.2815,4.0,6.806658
2021-05-22,,,,4.0,6.807774
2021-05-23,,,,4.0,6.808891
2021-05-24,19.872,,4.2824,4.0,6.810007
2021-05-25,19.8903,4.07,4.2815,4.0,6.811124
2021-05-26,19.8783,,4.285,4.0,6.811098
2021-05-27,19.9487,,4.285,4.0,6.811071
2021-05-28,19.9442,,4.284,4.0,6.811045
2021-05-29,,,,4.0,6.811018
2021-05-30,,,,4.0,6.810992
2021-05-31,19.9213,,4.283,4.0,6.810965
2021-06-01,19.8927,4.02,4.2825,4.0,6.810939
2021-06-02,19.9277,,4.2825,4.0,6.810912
2021-06-03,20.0605,,4.281,4.0,6.810886
2021-06-04,19.9328,,4.2822,4.0,6.810859
2021-06-05,,,,4.0,6.810833
2021-06-06,,,,4.0,6.810806
2021-06-07,19.797,,4.2815,4.0,6.810779
2021-06-08,19.7728,4.04,4.285,4.0,6.810753
2021-06-09,19.6897,,4.2827,4.0,6.810726
2021-06-10,19.7002,,4.282,4.0,6.8107
2021-06-11,19.8823,,4.285,4.0,6.811492
2021-06-12,,,,4.0,6.812283
2021-06-13,,,,4.0,6.813075
2021-06-14,19.9065,,4.2859,4.0,6.813867
2021-06-15,20.1235,4.0,4.2875,4.0,6.814659
2021-06-16,20.0588,,4.285,4.0,6.815451
2021-06-17,20.4292,,4.2855,4.0,6.816244
2021-06-18,20.7002,,4.2856,4.0,6.817036
2021-06-19,,,,4.0,6.817828
2021-06-20,,,,4.0,6.818621
2021-06-21,20.6,,4.285,4.0,6.819413
2021-06-22,20.5712,4.03,4.285,4.0,6.820206
2021-06-23,20.2505,,4.2827,4.0,6.820999
2021-06-24,20.0483,,4.2863,4.0,6.821792
2021-06-25,19.793,,4.52,4.25,6.822585
2021-06-26,,,,4.25,6.824142
2021-06-27,,,,4.25,6.825701
2021-06-28,19.8027,,4.53,4.25,6.827259
2021-06-29,19.8157,4.3,4.5292,4.25,6.828818
2021-06-30,19.9062,,4.529,4.25,6.830377
2021-07-01,20.0368,,4.529,4.25,6.831937
2021-07-02,19.8817,,4.5265,4.25,6.833497
2021-07-03,,,,4.25,6.835058
2021-07-04,,,,4.25,6.836618
2021-07-05,19.8532,,4.5265,4.25,6.838179
2021-07-06,19.9658,4.3,4.5245,4.25,6.839741
2021-07-07,19.9915,,4.524,4.25,6.841303
2021-07-08,20.007,,4.5235,4.25,6.842865
2021-07-09,19.88,,4.525,4.25,6.844427
2021-07-10,,,,4.25,6.84599
2021-07-11,,,,4.25,6.846915
2021-07-12,19.8577,,4.524,4.25,6.84784
2021-07-13,19.9988,4.3,4.5225,4.25,6.848765
2021-07-14,19.8992,,4.5245,4.25,6.84969
2021-07-15,19.9412,,4.5227,4.25,6.850615
2021-07-16,19.8537,,4.5215,4.25,6.851541
2021-07-17,,,,4.25,6.852467
2021-07-18,,,,4.25,6.853392
2021-07-19,20.0,,4.5215,4.25,6.854318
2021-07-20,20.1348,4.33,4.4922,4.25,6.855244
2021-07-21,20.1907,,4.5055,4.25,6.85617
2021-07-22,20.1812,,4.514,4.25,6.857096
2021-07-23,20.0238,,4.514,4.25,6.858023
2021-07-24,,,,4.25,6.858949
2021-07-25,,,,4.25,6.859876
2021-07-26,20.0245,,4.513,4.25,6.861446
2021-07-27,19.977,4.35,4.5125,4.25,6.863016
2021-07-28,19.9535,,4.515,4.25,6.864587
2021-07-29,19.8448,,4.5142,4.25,6.866158
2021-07-30,19.8455,,4.5135,4.25,6.86773
2021-07-31,,,,4.25,6.869301
2021-08-01,,,,4.25,6.870874
2021-08-02,19.852,,4.5125,4.25,6.872446
2021-08-03,19.892,4.33,4.514,4.25,6.874019
2021-08-04,19.9547,,4.5125,4.25,6.875592
2021-08-05,19.9293,,4.5133,4.25,6.877166
2021-08-06,20.0037,,4.5115,4.25,6.87874
2021-08-07,,,,4.25,6.880314
2021-08-08,,,,4.25,6.881889
2021-08-09,20.0648,,4.5125,4.25,6.883464
2021-08-10,20.1038,4.5,4.5147,4.25,6.88504
2021-08-11,19.953,,4.52,4.25,6.886134
2021-08-12,19.8907,,4.5315,4.25,6.887228
2021-08-13,19.8603,,4.7525,4.5,6.888323
2021-08-14,,,,4.5,6.889418
2021-08-15,,,,4.5,6.890513
2021-08-16,19.8863,,4.7532,4.5,6.891608
2021-08-17,19.9912,4.5,4.7528,4.5,6.892703
2021-08-18,20.0107,,4.755,4.5,6.893799
2021-08-19,20.1175,,4.7575,4.5,6.894894
2021-08-20,20.402,,4.7587,4.5,6.89599
2021-08-21,,,,4.5,6.897086
2021-08-22,,,,4.5,6.898182
2021-08-23,20.3907,,4.755,4.5,6.899279
2021-08-24,20.2967,4.49,4.7544,4.5,6.900375
2021-08-25,20.2933,,4.7545,4.5,6.901472
2021-08-26,20.3522,,4.7502,4.5,6.901381
2021-08-27,20.2293,,4.75,4.5,6.90129
2021-08-28,,,,4.5,6.901199
2021-08-29,,,,4.5,6.901108
2021-08-30,20.1403,,4.751,4.5,6.901017
2021-08-31,20.0605,4.39,4.749,4.5,6.900926
2021-09-01,19.9615,,4.7502,4.5,6.900835
2021-09-02,19.9703,,4.7455,4.5,6.900744
2021-09-03,19.8992,,4.7425,4.5,6.900653
2021-09-04,,,,4.5,6.900562
2021-09-05,,,,4.5,6.900472
2021-09-06,19.8878,,4.7436,4.5,6.900381
2021-09-07,19.944,4.49,4.7471,4.5,6.90029
2021-09-08,19.9383,,4.7485,4.5,6.900199
2021-09-09,19.9318,,4.7445,4.5,6.900108
2021-09-10,19.8717,,4.745,4.5,6.900017
2021-09-11,,,,4.5,6.900861
2021-09-12,,,,4.5,6.901705
2021-09-13,19.8677,4.6,4.7425,4.5,6.90255
2021-09-14,19.9035,,4.745,4.5,6.903394
2021-09-15,19.9003,,4.745,4.5,6.904239
2021-09-16,,,,4.5,6.905083
2021-09-17,19.9853,,4.745,4.5,6.905928
2021-09-18,,,,4.5,6.906773
2021-09-19,,,,4.5,6.907618
2021-09-20,20.1735,,4.744,4.5,6.908463
2021-09-21,20.1438,4.58,4.7445,4.5,6.909308
2021-09-22,20.0328,,4.7475,4.5,6.910153
2021-09-23,20.028,,4.7475,4.5,6.910999
2021-09-24,20.1118,,4.7465,4.5,6.911844
2021-09-25,,,,4.5,6.91269
2021-09-26,,,,4.5,6.914622
2021-09-27,20.1052,,4.7475,4.5,6.916555
2021-09-28,20.306,4.69,4.7487,4.5,6.918489
2021-09-29,20.4977,,4.749,4.5,6.920423
2021-09-30,20.5623,,4.7515,4.5,6.922358
2021-10-01,20.5103,,4.965,4.75,6.924293
2021-10-02,,,,4.75,6.926229
2021-10-03,,,,4.75,6.928165
2021-10-04,20.5747,,4.9825,4.75,6.930102
2021-10-05,20.5818,4.81,4.985,4.75,6.932039
2021-10-06,20.6947,,4.9875,4.75,6.933977
2021-10-07,20.604,,4.9825,4.75,6.935916
2021-10-08,20.7293,,4.985,4.75,6.937855
2021-10-09,,,,4.75,6.939794
2021-10-10,,,,4.75,6.941734
2021-10-11,20.8017,,4.9862,4.75,6.942696
2021-10-12,20.7767,4.79,4.9825,4.75,6.943657
2021-10-13,20.6827,,4.9857,4.75,6.944618
2021-10-14,20.6075,,4.9806,4.75,6.94558
2021-10-15,20.4672,,4.9855,4.75,6.946542
2021-10-16,,,,4.75,6.947503
2021-10-17,,,,4.75,6.948465
2021-10-18,20.3587,,4.9875,4.75,6.949427
2021-10-19,20.2647,4.83,4.9825,4.75,6.95039
2021-10-20,20.185,,4.9825,4.75,6.951352
2021-10-21,20.2643,,4.9912,4.75,6.952314
2021-10-22,20.1837,,4.9925,4.75,6.953277
2021-10-23,,,,4.75,6.95424
2021-10-24,,,,4.75,6.955203
2021-10-25,20.1897,,4.995,4.75,6.956166
2021-10-26,20.1888,4.93,4.995,4.75,6.958509
2021-10-27,20.193,,4.995,4.75,6.960854
2021-10-28,20.3255,,4.9962,4.75,6.963199
2021-10-29,20.5297,,4.9975,4.75,6.965545
2021-10-30,,,,4.75,6.967892
2021-10-31,,,,4.75,6.97024
2021-11-01,20.8598,5.0,5.0004,4.75,6.972588
2021-11-02,,,,4.75,6.974938
2021-11-03,20.8352,,5.0022,4.75,6.977288
2021-11-04,20.6242,,4.9754,4.75,6.979638
2021-11-05,20.3925,,4.9902,4.75,6.98199
2021-11-06,,,,4.75,6.984342
2021-11-07,,,,4.75,6.986696
2021-11-08,20.3265,,4.995,4.75,6.98905
2021-11-09,20.2833,5.14,4.9975,4.75,6.991405
2021-11-10,20.4702,,4.9987,4.75,6.99376
2021-11-11,20.4652,,5.001,4.75,6.99554
2021-11-12,20.5072,,5.22,5.0,6.99732
2021-11-13,,,,5.0,6.9991
2021-11-14,,,,5.0,7.000881
2021-11-15,,,,5.0,7.002662
2021-11-16,20.8092,5.0,5.23,5.0,7.004444
2021-11-17,20.6912,,5.229,5.0,7.006226
2021-11-18,20.7628,,5.2335,5.0,7.008009
2021-11-19,20.8283,,5.2362,5.0,7.009792
2021-11-20,,,,5.0,7.011576
2021-11-21,,,,5.0,7.01336
2021-11-22,20.9632,,5.2368,5.0,7.015144
2021-11-23,21.2107,5.05,5.2375,5.0,7.016929
2021-11-24,21.4357,,5.235,5.0,7.018715
2021-11-25,21.5462,,5.235,5.0,7.020501
2021-11-26,21.8185,,5.2325,5.0,7.023736
2021-11-27,,,,5.0,7.026973
2021-11-28,,,,5.0,7.030212
2021-11-29,21.7333,,5.2275,5.0,7.033452
2021-11-30,21.4453,5.1,5.2275,5.0,7.036693
2021-12-01,21.271,,5.231,5.0,7.039936
2021-12-02,21.3033,,5.2315,5.0,7.043181
2021-12-03,21.4177,,5.227,5.0,7.046427
2021-12-04,,,,5.0,7.049675
2021-12-05,,,,5.0,7.052924
2021-12-06,21.2047,,5.2325,5.0,7.056174
2021-12-07,21.0907,5.2,5.2372,5.0,7.059426
2021-12-08,20.933,,5.235,5.0,7.06268
2021-12-09,21.0328,,5.24,5.0,7.065935
2021-12-10,20.8922,,5.2362,5.0,7.069191
2021-12-11,,,,5.0,7.071611
2021-12-12,,,,5.0,7.074031
2021-12-13,20.9383,,5.2377,5.0,7.076453
2021-12-14,21.165,5.2,5.2389,5.0,7.078875
2021-12-15,21.2393,,5.2382,5.0,7.081298
2021-12-16,20.9238,,5.2491,5.0,7.083722
2021-12-17,20.7337,,5.7,5.5,7.086146
2021-12-18,,,,5.5,7.088572
2021-12-19,,,,5.5,7.090998
2021-12-20,20.7363,,5.71,5.5,7.093425
2021-12-21,20.7823,5.45,5.71,5.5,7.095853
2021-12-22,20.7527,,5.712,5.5,7.098282
2021-12-23,20.6582,,5.7122,5.5,7.100711
2021-12-24,20.6112,,5.7135,5.5,7.103142
2021-12-25,,,,5.5,7.105573
2021-12-26,,,,5.5,7.106016
2021-12-27,20.6828,,5.714,5.5,7.106459
2021-12-28,20.577,5.49,5.7157,5.5,7.106903
2021-12-29,20.5835,,5.715,5.5,7.107346
2021-12-30,20.5157,,5.715,5.5,7.107789
2021-12-31,20.4672,,5.715,5.5,7.108233
2022-01-01,,,,5.5,7.108676
2022-01-02,,,,5.5,7.109119
2022-01-03,20.589,,5.7175,5.5,7.109563
2022-01-04,20.4742,5.51,5.7165,5.5,7.110006
2022-01-05,20.3977,,5.718,5.5,7.11045
2022-01-06,20.4588,,5.7185,5.5,7.110893
2022-01-07,20.4237,,5.719,5.5,7.111337
2022-01-08,,,,5.5,7.11178
2022-01-09,,,,5.5,7.112224
2022-01-10,20.4453,,5.719,5.5,7.112667
2022-01-11,20.3785,5.52,5.721,5.5,7.11272
2022-01-12,20.366,,5.7225,5.5,7.112772
2022-01-13,20.3607,,5.7225,5.5,7.112825
2022-01-14,20.3118,,5.7215,5.5,7.112878
2022-01-15,,,,5.5,7.11293
2022-01-16,,,,5.5,7.112983
2022-01-17,20.3002,,5.722,5.5,7.113035
2022-01-18,20.403,5.57,5.7225,5.5,7.113088
2022-01-19,20.46,,5.7262,5.5,7.11314
2022-01-20,20.4507,,5.728,5.5,7.113193
2022-01-21,20.4598,,5.7277,5.5,7.113245
2022-01-22,,,,5.5,7.113298
2022-01-23,,,,5.5,7.113351
2022-01-24,20.6308,,5.7298,5.5,7.113403
2022-01-25,20.6683,5.5,5.7319,5.5,7.113456
2022-01-26,20.6415,,5.733,5.5,7.115181
2022-01-27,20.7383,,5.733,5.5,7.116906
2022-01-28,20.8597,,5.734,5.5,7.118632
2022-01-29,,,,5.5,7.120358
2022-01-30,,,,5.5,7.122085
2022-01-31,20.6352,,5.7365,5.5,7.123812
2022-02-01,20.58,5.84,5.738,5.5,7.125539
2022-02-02,20.6003,,5.739,5.5,7.127267
2022-02-03,20.5562,,5.7415,5.5,7.128996
2022-02-04,20.7325,,5.742,5.5,7.130724
2022-02-05,,,,5.5,7.132453
2022-02-06,,,,5.5,7.134183
2022-02-07,,,,5.5,7.135913
2022-02-08,20.6413,5.75,5.745,5.5,7.137644
2022-02-09,20.5008,,5.745,5.5,7.139374
2022-02-10,20.4148,,5.7537,5.5,7.141106
2022-02-11,20.4188,,6.2012,6.0,7.142978
2022-02-12,,,,6.0,7.144851
2022-02-13,,,,6.0,7.146724
2022-02-14,20.411,,6.2256,6.0,7.148598
2022-02-15,20.3992,5.95,6.2325,6.0,7.150472
2022-02-16,20.3335,,6.2375,6.0,7.152346
2022-02-17,20.2978,,6.2325,6.0,7.154222
2022-02-18,20.3063,,6.2275,6.0,7.156097
2022-02-19,,,,6.0,7.157973
2022-02-20,,,,6.0,7.15985
2022-02-21,20.2825,,6.225,6.0,7.161727
2022-02-22,20.2977,5.94,6.225,6.0,7.163605
2022-02-23,20.2435,,6.221,6.0,7.165483
2022-02-24,20.6525,,6.228,6.0,7.167362
2022-02-25,20.4465,,6.234,6.0,7.169241
2022-02-26,,,,6.0,7.171564
2022-02-27,,,,6.0,7.173887
2022-02-28,20.4257,,6.2367,6.0,7.176212
2022-03-01,20.5272,6.06,6.2395,6.0,7.178537
2022-03-02,20.7193,,6.241,6.0,7.180863
2022-03-03,20.7033,,6.2362,6.0,7.18319
2022-03-04,20.9262,,6.2315,6.0,7.185517
2022-03-05,,,,6.0,7.187846
2022-03-06,,,,6.0,7.190175
2022-03-07,21.1947,,6.23,6.0,7.192504
2022-03-08,21.3775,6.15,6.23,6.0,7.194835
2022-03-09,20.9677,,6.235,6.0,7.197166
2022-03-10,20.9743,,6.2375,6.0,7.199498
2022-03-11,20.9695,,6.2375,6.0,7.201499
2022-03-12,,,,6.0,7.203501
2022-03-13,,,,6.0,7.205503
2022-03-14,20.8908,,6.2425,6.0,7.207506
2022-03-15,20.8743,6.33,6.2487,6.0,7.209509
2022-03-16,20.7035,,6.2523,6.0,7.211513
2022-03-17,20.5585,,6.26,6.0,7.213518
2022-03-18,20.4145,,6.2625,6.0,7.215523
2022-03-19,,,,6.0,7.217528
2022-03-20,,,,6.0,7.219535
2022-03-21,,,,6.0,7.221541
2022-03-22,20.2782,6.49,6.275,6.0,7.223548
2022-03-23,20.18,,6.2825,6.0,7.225556
2022-03-24,20.1313,,6.2912,6.0,7.227565
2022-03-25,19.9577,,6.7175,6.5,7.229574
2022-03-26,,,,6.5,7.231752
2022-03-27,,,,6.5,7.23393
2022-03-28,20.1195,,6.7237,6.5,7.236109
2022-03-29,19.9942,6.52,6.7265,6.5,7.238289
2022-03-30,19.8632,,6.7265,6.5,7.24047
2022-03-31,19.9112,,6.7225,6.5,7.242651
2022-04-01,19.8432,,6.721,6.5,7.244833
2022-04-02,,,,6.5,7.247016
2022-04-03,,,,6.5,7.249199
2022-04-04,19.7443,,6.7225,6.5,7.251383
2022-04-05,19.9012,6.52,6.721,6.5,7.253567
2022-04-06,20.0665,,6.7255,6.5,7.255753
2022-04-07,20.1605,,6.7277,6.5,7.257938
2022-04-08,20.12,,6.7285,6.5,7.260125
2022-04-09,,,,6.5,7.262312
2022-04-10,,,,,7.2645
2022-04-11,20.0093,6.52,6.726,6.5,7.267354
2022-04-12,19.8407,,6.73,6.5,7.270209
2022-04-13,19.7967,,6.7345,6.5,7.273066
2022-04-14,,,,6.5,7.275923
2022-04-15,,,,6.5,7.278782
2022-04-16,,,,6.5,7.281642
2022-04-17,,,,6.5,7.284503
2022-04-18,19.9377,,6.737,6.5,7.287365
2022-04-19,20.0447,6.5,6.7304,6.5,7.290228
2022-04-20,20.0383,,6.73,6.5,7.293092
2022-04-21,20.1802,,6.735,6.5,7.295957
2022-04-22,20.3183,,6.7325,6.5,7.298824
2022-04-23,,,,6.5,7.301692
2022-04-24,,,,6.5,7.30456
2022-04-25,20.2992,,6.74,6.5,7.30743
2022-04-26,20.356,6.68,6.745,6.5,7.308198
2022-04-27,20.4707,,6.745,6.5,7.308965
2022-04-28,20.567,,6.7506,6.5,7.309733
2022-04-29,20.3728,,6.7525,6.5,7.310501
2022-04-30,,,,6.5,7.311269
2022-05-01,,,,6.5,7.312036
2022-05-02,20.4075,,6.757,6.5,7.312804
2022-05-03,20.335,6.85,6.7556,6.5,7.313572
2022-05-04,20.2535,,6.7603,6.5,7.314341
2022-05-05,20.2218,,6.765,6.5,7.315109
2022-05-06,20.1085,,6.765,6.5,7.315877
2022-05-07,,,,6.5,7.316646
2022-05-08,,,,6.5,7.317414
2022-05-09,20.3172,,6.7725,6.5,7.318183
2022-05-10,20.372,6.97,6.795,6.5,7.318951
2022-05-11,20.2592,,6.8075,6.5,7.319811
2022-05-12,20.32,,6.8199,6.5,7.320672
2022-05-13,20.1443,,7.235,7.0,7.321532
2022-05-14,,,,7.0,7.322393
2022-05-15,,,,7.0,7.323254
2022-05-16,20.0782,,7.218,7.0,7.324115
2022-05-17,19.9637,6.93,7.2087,7.0,7.324976
2022-05-18,19.9663,,7.205,7.0,7.325837
2022-05-19,19.9267,,7.203,7.0,7.326698
2022-05-20,19.8657,,7.202,7.0,7.327559
2022-05-21,,,,7.0,7.32842
2022-05-22,,,,7.0,7.329282
2022-05-23,19.8282,,7.2075,7.0,7.330143
2022-05-24,19.887,6.9,7.2187,7.0,7.331005
2022-05-25,19.8377,,7.2107,7.0,7.331867
2022-05-26,19.7933,,7.207,7.0,7.331571
2022-05-27,19.5965,,7.215,7.0,7.331275
2022-05-28,,,,7.0,7.33098
2022-05-29,,,,7.0,7.330684
2022-05-30,19.4953,,7.2225,7.0,7.330388
2022-05-31,19.694,7.01,7.225,7.0,7.330093
2022-06-01,19.7388,,7.23,7.0,7.329797
2022-06-02,19.5585,,7.2355,7.0,7.329501
2022-06-03,19.5742,,7.2335,7.0,7.329206
2022-06-04,,,,7.0,7.32891
2022-06-05,,,,7.0,7.328615
2022-06-06,19.5547,,7.242,7.0,7.328319
2022-06-07,19.5998,7.32,7.2465,7.0,7.328024
2022-06-08,19.59,,7.2627,7.0,7.327728
2022-06-09,19.6128,,7.267,7.0,7.327433
2022-06-10,19.9297,,7.2715,7.0,7.327137
2022-06-11,,,,7.0,7.328622
2022-06-12,,,,7.0,7.330108
2022-06-13,20.4527,,7.28,7.0,7.331594
2022-06-14,20.6583,7.15,7.2855,7.0,7.333081
2022-06-15,20.6675,,7.3025,7.0,7.334567
2022-06-16,20.5728,,7.3225,7.0,7.336054
2022-06-17,20.476,,7.33,7.0,7.337542
2022-06-18,,,,7.0,7.339029
2022-06-19,,,,7.0,7.340517
2022-06-20,20.2442,,7.3375,7.0,7.342005
2022-06-21,20.1963,7.5,7.355,7.0,7.343494
2022-06-22,20.0465,,7.3775,7.0,7.344983
2022-06-23,20.0365,,7.3913,7.0,7.346472
2022-06-24,19.8707,,8.0125,7.75,7.347961
2022-06-25,,,,7.75,7.349451
2022-06-26,,,,7.75,7.351863
2022-06-27,19.8797,,8.018,7.75,7.354275
2022-06-28,19.9847,7.56,8.0255,7.75,7.356689
2022-06-29,20.1443,,8.0245,7.75,7.359103
2022-06-30,20.1335,,8.0303,7.75,7.361518
2022-07-01,20.3817,,8.032,7.75,7.363934
2022-07-02,,,,7.75,7.36635
2022-07-03,,,,7.75,7.368768
2022-07-04,20.2877,,8.025,7.75,7.371186
2022-07-05,20.5598,7.7,8.0303,7.75,7.373605
2022-07-06,20.7228,,8.032,7.75,7.376025
2022-07-07,20.6022,,8.03,7.75,7.378445
2022-07-08,20.4423,,8.0315,7.75,7.380866
2022-07-09,,,,7.75,7.383288
2022-07-10,,,,7.75,7.385711
2022-07-11,20.7473,,8.0375,7.75,7.387652
2022-07-12,20.7882,7.55,8.03,7.75,7.389594
2022-07-13,20.7613,,8.0365,7.75,7.391535
2022-07-14,20.9415,,8.035,7.75,7.393478
2022-07-15,20.611,,8.0245,7.75,7.395421
2022-07-16,,,,7.75,7.397364
2022-07-17,,,,7.75,7.399308
2022-07-18,20.3957,,8.02,7.75,7.401252
2022-07-19,20.4407,7.74,8.03,7.75,7.403197
2022-07-20,20.4913,,8.04,7.75,7.405143
2022-07-21,20.6562,,8.045,7.75,7.407089
2022-07-22,20.515,,8.0445,7.75,7.409035
2022-07-23,,,,7.75,7.410982
2022-07-24,,,,7.75,7.412929
2022-07-25,20.4652,,8.044,7.75,7.414877
2022-07-26,20.433,8.05,8.05,7.75,7.416859
2022-07-27,20.512,,8.06,7.75,7.418842
2022-07-28,20.3778,,8.075,7.75,7.420824
2022-07-29,20.3485,,8.08,7.75,7.422808
2022-07-30,,,,7.75,7.424792
2022-07-31,,,,7.75,7.426776
2022-08-01,20.2633,,8.0912,7.75,7.428761
2022-08-02,20.5152,8.01,8.105,7.75,7.430747
2022-08-03,20.6305,,8.1074,7.75,7.432733
2022-08-04,20.3358,,8.1187,7.75,7.43472
2022-08-05,20.401,,8.119,7.75,7.436707
2022-08-06,,,,7.75,7.438695
2022-08-07,,,,7.75,7.440683
2022-08-08,20.2789,,8.1225,7.75,7.442672
2022-08-09,20.2715,8.3,8.1312,7.75,7.444661
2022-08-10,19.9562,,8.1624,7.75,7.446651
2022-08-11,19.9595,,8.1787,7.75,7.447777
2022-08-12,19.874,,8.775,8.5,7.448904
2022-08-13,,,,8.5,7.450031
2022-08-14,,,,8.5,7.451158
2022-08-15,19.8618,,8.7612,8.5,7.452286
2022-08-16,19.9303,8.35,8.7706,8.5,7.453413
2022-08-17,20.0387,,8.768,8.5,7.454541
2022-08-18,20.0835,,8.7728,8.5,7.455668
2022-08-19,20.1957,,8.7763,8.5,7.456796
2022-08-20,,,,8.5,7.457925
2022-08-21,,,,8.5,7.459053
2022-08-22,20.1598,,8.781,8.5,7.460182
2022-08-23,19.9982,8.35,8.783,8.5,7.46131
2022-08-24,19.9198,,8.8,8.5,7.462439
2022-08-25,19.9437,,8.808,8.5,7.463568
2022-08-26,19.9268,,8.812,8.5,7.465516
2022-08-27,,,,8.5,7.467464
2022-08-28,,,,8.5,7.469413
2022-08-29,19.9945,,8.8148,8.5,7.471363
2022-08-30,20.1465,8.35,8.8163,8.5,7.473313
2022-08-31,20.0962,,8.821,8.5,7.475263
2022-09-01,20.2473,,8.8235,8.5,7.477214
2022-09-02,19.9753,,8.82,8.5,7.479166
2022-09-03,,,,8.5,7.481118
2022-09-04,,,,8.5,7.48307
2022-09-05,19.962,,8.8177,8.5,7.485023
2022-09-06,20.138,8.55,8.8196,8.5,7.486977
2022-09-07,20.0297,,8.835,8.5,7.488931
2022-09-08,20.0203,,8.843,8.5,7.490885
2022-09-09,19.9027,,8.8527,8.5,7.49284
2022-09-10,,,,8.5,7.494796
2022-09-11,,,,8.5,7.496406
2022-09-12,19.7957,,8.8599,8.5,7.498017
2022-09-13,20.055,8.75,8.8699,8.5,7.499628
2022-09-14,19.9768,,8.8787,8.5,7.50124
2022-09-15,20.0525,,8.8912,8.5,7.502852
2022-09-16,,,,8.5,7.504464
2022-09-17,,,,8.5,7.506076
2022-09-18,,,,8.5,7.507689
2022-09-19,19.9943,,8.9006,8.5,7.509303
2022-09-20,20.0,8.61,8.915,8.5,7.510916
2022-09-21,20.0027,,8.9275,8.5,7.51253
2022-09-22,19.9608,,8.9395,8.5,7.514144
2022-09-23,20.1627,,8.9509,8.5,7.515759
2022-09-24,,,,8.5,7.517374
2022-09-25,,,,,7.518989
2022-09-26,20.3517,,8.9585,8.5,7.521027
2022-09-27,20.357,9.25,8.9792,8.5,7.523065
2022-09-28,20.3058,,8.9896,8.5,7.525104
2022-09-29,20.1927,,9.02,8.5,7.527143
2022-09-30,20.0925,,9.535,9.25,7.529183
2022-10-01,,,,9.25,7.531223
2022-10-02,,,,9.25,7.533264
2022-10-03,20.0008,,9.5366,9.25,7.535305
2022-10-04,19.9698,9.0,9.5453,9.25,7.537347
2022-10-05,20.1267,,9.5515,9.25,7.53939
2022-10-06,20.1087,,9.5451,9.25,7.541433
2022-10-07,20.0502,,9.5465,9.25,7.543476
2022-10-08,,,,9.25,7.545521
2022-10-09,,,,9.25,7.547565
2022-10-10,19.9752,,9.545,9.25,7.549611
2022-10-11,19.9652,8.9,9.5515,9.25,7.550128
2022-10-12,20.0352,,9.5595,9.25,7.550645
2022-10-13,20.0398,,9.5635,9.25,7.551162
2022-10-14,20.0838,,9.5655,9.25,7.55168
2022-10-15,,,,9.25,7.552197
2022-10-16,,,,9.25,7.552714
2022-10-17,19.9913,,9.5665,9.25,7.553232
2022-10-18,20.0207,8.8,9.567,9.25,7.553749
2022-10-19,20.1272,,9.5663,9.25,7.554266
2022-10-20,20.0448,,9.567,9.25,7.554784
2022-10-21,19.9647,,9.5675,9.25,7.555302
2022-10-22,,,,9.25,7.555819
2022-10-23,,,,9.25,7.556337
2022-10-24,19.9535,,9.575,9.25,7.556854
2022-10-25,19.8712,9.0,9.584,9.25,7.557372
2022-10-26,19.8553,,9.591,9.25,7.559441
2022-10-27,19.8365,,9.59,9.25,7.56151
2022-10-28,19.8303,,9.594,9.25,7.56358
2022-10-29,,,,9.25,7.56565
2022-10-30,,,,9.25,7.567721
2022-10-31,19.8245,9.4,9.596,9.25,7.569793
2022-11-01,19.7463,,9.597,9.25,7.571865
2022-11-02,,,,9.25,7.573938
2022-11-03,19.6673,,9.606,9.25,7.576011
2022-11-04,19.5202,,9.612,9.25,7.578085
2022-11-05,,,,9.25,7.580159
2022-11-06,,,,9.25,7.582234
2022-11-07,19.4647,,9.6125,9.25,7.58431
2022-11-08,19.4775,9.19,9.62,9.25,7.586386
2022-11-09,19.5887,,9.63,9.25,7.588463
2022-11-10,19.394,,9.65,9.25,7.59054
2022-11-11,19.5353,,10.22,10.0,7.591303
2022-11-12,,,,10.0,7.592067
2022-11-13,,,,10.0,7.592831
2022-11-14,19.4015,,10.235,10.0,7.593594
2022-11-15,19.3818,9.37,10.2457,10.0,7.594358
2022-11-16,19.3137,,10.24,10.0,7.595122
2022-11-17,19.4333,,10.2395,10.0,7.595886
2022-11-18,19.493,,10.2495,10.0,7.59665
2022-11-19,,,,10.0,7.597414
2022-11-20,,,,10.0,7.598178
2022-11-21,,,,10.0,7.598942
2022-11-22,19.4667,9.7,10.2487,10.0,7.599707
2022-11-23,19.3683,,10.2599,10.0,7.600471
2022-11-24,19.3692,,10.2694,10.0,7.601236
2022-11-25,19.3393,,10.2749,10.0,7.602
2022-11-26,,,,10.0,7.604814
2022-11-27,,,,10.0,7.60763
2022-11-28,19.325,,10.2857,10.0,7.610446
2022-11-29,19.216,9.68,10.2875,10.0,7.613264
2022-11-30,19.3965,,10.2935,10.0,7.616082
2022-12-01,19.1433,,10.2987,10.0,7.618902
2022-12-02,19.3422,,10.309,10.0,7.621722
2022-12-03,,,,10.0,7.624544
2022-12-04,,,,10.0,7.627366
2022-12-05,19.7567,,10.3162,10.0,7.63019
2022-12-06,19.803,10.0,10.3249,10.0,7.633015
2022-12-07,19.6977,,10.3287,10.0,7.63584
2022-12-08,19.6732,,10.3343,10.0,7.638667
2022-12-09,19.8192,,10.3471,10.0,7.641495
2022-12-10,,,,10.0,7.644324
2022-12-11,,,,10.0,7.643746
2022-12-12,,,,10.0,7.643167
2022-12-13,19.6458,9.8,10.3535,10.0,7.642589
2022-12-14,19.6955,,10.3612,10.0,7.642011
2022-12-15,19.7963,,10.3737,10.0,7.641433
2022-12-16,19.7932,,10.7125,10.5,7.640855
2022-12-17,,,,10.5,7.640276
2022-12-18,,,,10.5,7.639698
2022-12-19,19.7557,,10.715,10.5,7.63912
2022-12-20,19.7482,10.2,10.722,10.5,7.638542
2022-12-21,19.6932,,10.7359,10.5,7.637964
2022-12-22,19.574,,10.7375,10.5,7.637387
2022-12-23,19.4287,,10.7472,10.5,7.636809
2022-12-24,,,,10.5,7.636231
2022-12-25,,,,10.5,7.635653
2022-12-26,19.3983,,10.745,10.5,7.637511
2022-12-27,19.4407,10.1,10.7545,10.5,7.639368
2022-12-28,19.4143,,10.762,10.5,7.641227
2022-12-29,19.3615,,10.7605,10.5,7.643085
2022-12-30,19.4715,,10.77,10.5,7.644945
2022-12-31,,,,10.5,7.646804
2023-01-01,,,,10.5,7.648664
2023-01-02,19.4883,,10.7775,10.5,7.650525
2023-01-03,19.422,10.49,10.777,10.5,7.652386
2023-01-04,19.3568,,10.7663,10.5,7.654247
2023-01-05,19.3672,,10.768,10.5,7.656109
2023-01-06,19.1753,,10.769,10.5,7.657971
2023-01-07,,,,10.5,7.659834
2023-01-08,,,,10.5,7.661698
2023-01-09,19.1648,,10.7745,10.5,7.663561
2023-01-10,19.1108,10.46,10.7675,10.5,7.665425
2023-01-11,19.026,,10.7675,10.5,7.665918
2023-01-12,18.8735,,10.7675,10.5,7.666411
2023-01-13,18.7922,,10.76,10.5,7.666904
2023-01-14,,,,10.5,7.667397
2023-01-15,,,,10.5,7.667891
2023-01-16,18.7913,,10.775,10.5,7.668384
2023-01-17,18.7493,10.7,10.7775,10.5,7.668877
2023-01-18,18.7493,,10.7872,10.5,7.66937
2023-01-19,19.0327,,10.7885,10.5,7.669863
2023-01-20,18.9257,,10.7899,10.5,7.670356
2023-01-21,,,,10.5,7.67085
2023-01-22,,,,10.5,7.671343
2023-01-23,18.8267,,10.7924,10.5,7.671836
2023-01-24,18.8318,10.8,10.791,10.5,7.67233
2023-01-25,18.82,,10.7965,10.5,7.672823
2023-01-26,18.8355,,10.7955,10.5,7.675005
2023-01-27,18.7872,,10.805,10.5,7.677188
2023-01-28,,,,10.5,7.679371
2023-01-29,,,,10.5,7.681555
2023-01-30,18.7793,,10.8162,10.5,7.683739
2023-01-31,18.7937,10.78,10.8125,10.5,7.685924
2023-02-01,18.739,,10.8274,10.5,7.68811
2023-02-02,18.6232,,10.8335,10.5,7.690297
2023-02-03,18.8895,,10.8449,10.5,7.692484
2023-02-04,,,,10.5,7.694671
2023-02-05,,,,10.5,7.696859
2023-02-06,,,,10.5,7.699048
2023-02-07,19.0517,10.82,10.8512,10.5,7.701238
2023-02-08,18.9435,,10.8605,10.5,7.703428
2023-02-09,18.9543,,10.88,10.5,7.705619
2023-02-10,18.6893,,11.2275,11.0,7.70781
2023-02-11,,,,11.0,7.709586
2023-02-12,,,,11.0,7.711362
2023-02-13,18.6327,,11.2349,11.0,7.713139
2023-02-14,18.5383,11.05,11.237,11.0,7.714916
2023-02-15,18.6428,,11.243,11.0,7.716693
2023-02-16,18.5497,,11.241,11.0,7.718471
2023-02-17,18.4142,,11.245,11.0,7.720249
2023-02-18,,,,11.0,7.722028
2023-02-19,,,,11.0,7.723807
2023-02-20,18.397,,11.2545,11.0,7.725586
2023-02-21,18.3938,11.04,11.2642,11.0,7.727366
2023-02-22,18.3483,,11.2604,11.0,7.729147
2023-02-23,18.4107,,11.27,11.0,7.730927
2023-02-24,18.4023,,11.275,11.0,7.732708
2023-02-25,,,,11.0,7.73449
2023-02-26,,,,11.0,7.736288
2023-02-27,18.4077,,11.2655,11.0,7.738086
2023-02-28,18.3448,11.05,11.274,11.0,7.739885
2023-03-01,18.17,,11.2675,11.0,7.741684
2023-03-02,18.126,,11.2775,11.0,7.743484
2023-03-03,18.0123,,11.2823,11.0,7.745284
2023-03-04,,,,11.0,7.747084
2023-03-05,,,,11.0,7.748885
2023-03-06,18.0122,,11.285,11.0,7.750686
2023-03-07,18.1155,11.19,11.296,11.0,7.752488
2023-03-08,17.9662,,11.2962,11.0,7.75429
2023-03-09,18.0577,,11.308,11.0,7.756092
2023-03-10,18.4083,,11.314,11.0,7.757895
2023-03-11,,,,11.0,7.75874
2023-03-12,,,,11.0,7.759584
2023-03-13,18.8302,,11.3195,11.0,7.760428
2023-03-14,18.6427,11.3,11.3245,11.0,7.761273
2023-03-15,18.9972,,11.3372,11.0,7.762117
2023-03-16,18.9095,,11.3474,11.0,7.762962
2023-03-17,18.8977,,11.35,11.0,7.763807
2023-03-18,,,,11.0,7.764652
2023-03-19,,,,11.0,7.765497
2023-03-20,,,,11.0,7.766342
2023-03-21,18.6755,11.28,11.355,11.0,7.767187
2023-03-22,18.5437,,11.365,11.0,7.768032
2023-03-23,18.4902,,11.3749,11.0,7.768877
2023-03-24,18.5178,,11.3874,11.0,7.769723
2023-03-25,,,,11.0,7.770568
2023-03-26,,,,11.0,7.771288
2023-03-27,18.383,,11.3986,11.0,7.772007
2023-03-28,18.2523,11.34,11.4035,11.0,7.772727
2023-03-29,18.1052,,11.4149,11.0,7.773447
2023-03-30,18.0932,,11.4274,11.0,7.774167
2023-03-31,18.0415,,11.52,11.25,7.774887
2023-04-01,,,,11.25,7.775607
2023-04-02,,,,11.25,7.776327
2023-04-03,18.107,11.28,11.5195,11.25,7.777047
2023-04-04,18.1185,,11.5175,11.25,7.777767
2023-04-05,18.3323,,11.5267,11.25,7.778487
2023-04-06,,,,11.25,7.779207
2023-04-07,,,,11.25,7.779928
2023-04-08,,,,11.25,7.780648
2023-04-09,,,,11.25,7.781369
2023-04-10,18.1765,,11.5175,11.25,7.782089
2023-04-11,18.187,11.3,11.5175,11.25,7.782477
2023-04-12,18.066,,11.5255,11.25,7.782865
2023-04-13,18.0152,,11.5345,11.25,7.783253
2023-04-14,18.0638,,11.539,11.25,7.783641
2023-04-15,,,,11.25,7.784029
2023-04-16,,,,11.25,7.784417
2023-04-17,18.0868,,11.5353,11.25,7.784805
2023-04-18,18.063,11.3,11.537,11.25,7.785193
2023-04-19,18.0448,,11.5329,11.25,7.785581
2023-04-20,18.009,,11.5293,11.25,7.785969
2023-04-21,17.9988,,11.5253,11.25,7.786358
2023-04-22,,,,11.25,7.786746
2023-04-23,,,,11.25,7.787134
2023-04-24,18.0082,,11.525,11.25,7.787522
2023-04-25,18.0892,11.27,11.5265,11.25,7.78791
2023-04-26,18.103,,11.5357,11.25,7.787069
2023-04-27,18.0723,,11.5445,11.25,7.786227
2023-04-28,17.9975,,11.5499,11.25,7.785386
2023-04-29,,,,11.25,7.784545
2023-04-30,,,,11.25,7.783704
2023-05-01,,,,11.25,7.782863
2023-05-02,18.0325,11.4,11.549,11.25,7.782022
2023-05-03,17.906,,11.554,11.25,7.781181
2023-05-04,17.9575,,11.5669,11.25,7.78034
2023-05-05,17.7863,,11.5625,11.25,7.7795
2023-05-06,,,,11.25,7.778659
2023-05-07,,,,11.25,7.777819
2023-05-08,17.8213,,11.562,11.25,7.776978
2023-05-09,17.7608,11.39,11.5652,11.25,7.776138
2023-05-10,17.5845,,11.5538,11.25,7.775298
2023-05-11,17.6287,,11.5523,11.25,7.776384
2023-05-12,17.6142,,11.5493,11.25,7.777471
2023-05-13,,,,11.25,7.778557
2023-05-14,,,,11.25,7.779644
2023-05-15,17.538,,11.5384,11.25,7.780731
2023-05-16,17.4672,11.25,11.5375,11.25,7.781818
2023-05-17,17.5872,,11.525,11.25,7.782906
2023-05-18,17.7342,,11.526,11.25,7.783993
2023-05-19,17.693,,11.5213,11.25,7.78508
2023-05-20,,,,11.25,7.786168
2023-05-21,,,,11.25,7.787256
2023-05-22,17.868,,11.515,11.25,7.788344
2023-05-23,17.9687,11.25,11.5135,11.25,7.789432
2023-05-24,17.8195,,11.51,11.25,7.790521
2023-05-25,17.8252,,11.5135,11.25,7.791609
2023-05-26,17.6723,,11.5017,11.25,7.79006
2023-05-27,,,,11.25,7.788512
2023-05-28,,,,11.25,7.786964
2023-05-29,17.5605,,11.509,11.25,7.785417
2023-05-30,17.6532,11.2,11.5057,11.25,7.783869
2023-05-31,17.7418,,11.4966,11.25,7.782322
2023-06-01,17.5673,,11.504,11.25,7.780776
2023-06-02,17.5063,,11.5033,11.25,7.779229
2023-06-03,,,,11.25,7.777683
2023-06-04,,,,11.25,7.776138
2023-06-05,17.4732,,11.5,11.25,7.774592
2023-06-06,17.4192,11.32,11.498,11.25,7.773047
2023-06-07,17.3608,,11.5015,11.25,7.771502
2023-06-08,17.4085,,11.509,11.25,7.769958
2023-06-09,17.284,,11.5125,11.25,7.768413
2023-06-10,,,,11.25,7.76687
2023-06-11,,,,11.25,7.766821
2023-06-12,17.312,,11.5075,11.25,7.766772
2023-06-13,17.2185,11.15,11.4975,11.25,7.766724
2023-06-14,17.1247,,11.4995,11.25,7.766675
2023-06-15,17.1762,,11.498,11.25,7.766627
2023-06-16,17.0792,,11.5032,11.25,7.766578
2023-06-17,,,,11.25,7.76653
2023-06-18,,,,11.25,7.766481
2023-06-19,17.0945,,11.4995,11.25,7.766433
2023-06-20,17.2043,11.09,11.5067,11.25,7.766384
2023-06-21,17.1547,,11.5045,11.25,7.766336
2023-06-22,17.1713,,11.5,11.25,7.766287
2023-06-23,17.1795,,11.508,11.25,7.766239
2023-06-24,,,,11.25,7.76619
2023-06-25,,,,11.25,7.766142
2023-06-26,17.1445,,11.5005,11.25,7.766267
2023-06-27,17.1013,11.02,11.4855,11.25,7.766392
2023-06-28,17.072,,11.4962,11.25,7.766518
2023-06-29,17.1187,,11.4925,11.25,7.766643
2023-06-30,17.1358,,11.498,11.25,7.766768
2023-07-01,,,,11.25,7.766894
2023-07-02,,,,11.25,7.767019
2023-07-03,17.0517,,11.503,11.25,7.767144
2023-07-04,17.026,11.3,11.503,11.25,7.76727
2023-07-05,17.004,,11.508,11.25,7.767395
2023-07-06,17.2825,,11.5105,11.25,7.76752
2023-07-07,17.1012,,11.5002,11.25,7.767646
2023-07-08,,,,11.25,7.767771
2023-07-09,,,,11.25,7.767896
2023-07-10,17.0605,,11.4904,11.25,7.768022
2023-07-11,17.0783,11.29,11.495,11.25,7.76887
2023-07-12,16.8537,,11.4925,11.25,7.769718
2023-07-13,16.8905,,11.49,11.25,7.770567
2023-07-14,16.7892,,11.4865,11.25,7.771415
2023-07-15,,,,11.25,7.772264
2023-07-16,,,,11.25,7.773113
2023-07-17,16.7858,,11.49,11.25,7.773961
2023-07-18,16.748,11.18,11.4915,11.25,7.77481
2023-07-19,16.7667,,11.5,11.25,7.775659
2023-07-20,16.846,,11.505,11.25,7.776508
2023-07-21,16.9393,,11.5037,11.25,7.777358
2023-07-22,,,,11.25,7.778207
2023-07-23,,,,11.25,7.779056
2023-07-24,16.8367,,11.5084,11.25,7.779906
2023-07-25,16.9075,11.09,11.5054,11.25,7.780755
2023-07-26,16.8825,,11.5095,11.25,7.782178
2023-07-27,16.7338,,11.514,11.25,7.783601
2023-07-28,16.6895,,11.5135,11.25,7.785025
2023-07-29,,,,11.25,7.786449
2023-07-30,,,,11.25,7.787873
2023-07-31,16.7303,,11.508,11.25,7.789297
2023-08-01,16.8533,11.28,11.5105,11.25,7.790722
2023-08-02,17.0193,,11.5053,11.25,7.792146
2023-08-03,17.2892,,11.505,11.25,7.793571
2023-08-04,17.0555,,11.5025,11.25,7.794997
2023-08-05,,,,11.25,7.796422
2023-08-06,,,,11.25,7.797848
2023-08-07,17.0608,,11.5,11.25,7.799274
2023-08-08,17.1122,11.25,11.494,11.25,7.800701
2023-08-09,17.0767,,11.5005,11.25,7.802127
2023-08-10,16.9548,,11.494,11.25,7.803554
2023-08-11,17.0045,,11.4975,11.25,7.804665
2023-08-12,,,,11.25,7.805776
2023-08-13,,,,,7.806886
2023-08-14,17.0672,,11.485,11.25,7.807997
2023-08-15,17.1388,11.26,11.485,11.25,7.809109
2023-08-16,17.0768,,11.5,11.25,7.81022
2023-08-17,17.1225,,11.4925,11.25,7.811332
2023-08-18,17.0477,,11.4925,11.25,7.812443
2023-08-19,,,,11.25,7.813555
2023-08-20,,,,11.25,7.814667
2023-08-21,17.0202,,11.4975,11.25,7.815779
2023-08-22,16.9267,10.96,11.505,11.25,7.816891
2023-08-23,16.8077,,11.4975,11.25,7.818004
2023-08-24,16.809,,11.494,11.25,7.819116
2023-08-25,16.7718,,11.5062,11.25,7.820229
2023-08-26,,,,11.25,7.821781
2023-08-27,,,,11.25,7.823333
2023-08-28,16.7432,,11.5055,11.25,7.824885
2023-08-29,16.8402,11.07,11.5079,11.25,7.826437
2023-08-30,16.7477,,11.509,11.25,7.82799
2023-08-31,16.917,,11.507,11.25,7.829543
2023-09-01,17.1113,,11.506,11.25,7.831096
2023-09-02,,,,11.25,7.83265
2023-09-03,,,,11.25,7.834204
2023-09-04,17.175,,11.5019,11.25,7.835758
2023-09-05,17.3492,11.0,11.4972,11.25,7.837313
2023-09-06,17.5805,,11.501,11.25,7.838867
2023-09-07,17.5543,,11.5,11.25,7.840423
2023-09-08,17.5767,,11.5012,11.25,7.841978
2023-09-09,,,,11.25,7.843534
2023-09-10,,,,11.25,7.84509
2023-09-11,17.3813,,11.5055,11.25,7.846426
2023-09-12,17.2553,11.25,11.5004,11.25,7.847763
2023-09-13,17.1235,,11.505,11.25,7.8491
2023-09-14,17.1042,,11.5075,11.25,7.850437
2023-09-15,17.0807,,11.506,11.25,7.851774
2023-09-16,,,,11.25,7.853112
2023-09-17,,,,11.25,7.85445
2023-09-18,17.1307,,11.5055,11.25,7.855788
2023-09-19,17.0805,11.0,11.5075,11.25,7.857126
2023-09-20,17.024,,11.5037,11.25,7.858465
2023-09-21,17.1675,,11.5065,11.25,7.859803
2023-09-22,17.1568,,11.5055,11.25,7.861142
2023-09-23,,,,11.25,7.862481
2023-09-24,,,,11.25,7.863821
2023-09-25,17.3733,,11.499,11.25,7.865161
2023-09-26,17.4758,11.05,11.4995,11.25,7.866461
2023-09-27,17.7287,,11.5041,11.25,7.867761
2023-09-28,17.6195,,11.4983,11.25,7.869062
2023-09-29,17.4127,,11.5028,11.25,7.870362
2023-09-30,,,,11.25,7.871663
2023-10-01,,,,11.25,7.872965
2023-10-02,17.592,,11.5,11.25,7.874266
2023-10-03,17.9025,11.05,11.4985,11.25,7.875568
2023-10-04,18.017,,11.4983,11.25,7.87687
2023-10-05,18.2407,,11.4979,11.25,7.878172
2023-10-06,18.1837,,11.4977,11.25,7.879474
2023-10-07,,,,11.25,7.880776
2023-10-08,,,,11.25,7.882079
2023-10-09,18.3482,,11.5,11.25,7.883382
2023-10-10,17.9917,11.05,11.501,11.25,7.884685
2023-10-11,17.842,,11.502,11.25,7.885384
2023-10-12,17.9132,,11.5022,11.25,7.886083
2023-10-13,18.0362,,11.5045,11.25,7.886782
2023-10-14,,,,11.25,7.887481
2023-10-15,,,,11.25,7.88818
2023-10-16,17.9568,,11.506,11.25,7.88888
2023-10-17,17.9097,10.95,11.5065,11.25,7.889579
2023-10-18,18.244,,11.507,11.25,7.890278
2023-10-19,18.2873,,11.507,11.25,7.890978
2023-10-20,18.2343,,11.507,11.25,7.891677
2023-10-21,,,,11.25,7.892377
2023-10-22,,,,11.25,7.893076
2023-10-23,18.1218,,11.507,11.25,7.893776
2023-10-24,18.2842,11.26,11.507,11.25,7.894476
2023-10-25,18.3122,,11.5047,11.25,7.895175
2023-10-26,18.2178,,11.506,11.25,7.896372
2023-10-27,18.0752,,11.5065,11.25,7.897568
2023-10-28,,,,11.25,7.898765
2023-10-29,,,,11.25,7.899961
2023-10-30,18.064,11.09,11.5045,11.25,7.901158
2023-10-31,18.0368,,11.5035,11.25,7.902355
2023-11-01,17.9305,,11.5055,11.25,7.903553
2023-11-02,,,,11.25,7.90475
2023-11-03,17.4117,,11.5065,11.25,7.905948
2023-11-04,,,,11.25,7.907146
2023-11-05,,,,11.25,7.908344
2023-11-06,17.5308,,11.507,11.25,7.909542
2023-11-07,17.5097,10.95,11.507,11.25,7.91074
2023-11-08,17.5017,,11.507,11.25,7.911939
2023-11-09,17.4888,,11.507,11.25,7.913137
2023-11-10,17.748,,11.507,11.25,7.914336
2023-11-11,,,,11.25,7.915039
2023-11-12,,,,11.25,7.915742
2023-11-13,17.6138,,11.5064,11.25,7.916445
2023-11-14,17.3917,10.87,11.5055,11.25,7.917148
2023-11-15,17.3387,,11.5051,11.25,7.917852
2023-11-16,17.2708,,11.505,11.25,7.918555
2023-11-17,17.2175,,11.5037,11.25,7.919258
2023-11-18,,,,11.25,7.919962
2023-11-19,,,,11.25,7.920665
2023-11-20,,,,11.25,7.921369
2023-11-21,17.2102,10.75,11.504,11.25,7.922072
2023-11-22,17.2133,,11.504,11.25,7.922776
2023-11-23,17.1787,,11.504,11.25,7.923479
2023-11-24,17.1268,,11.504,11.25,7.924183
2023-11-25,,,,11.25,7.924887
2023-11-26,,,,11.25,7.928184
2023-11-27,17.1555,,11.5032,11.25,7.931483
2023-11-28,17.1357,10.78,11.504,11.25,7.934782
2023-11-29,17.187,,11.5041,11.25,7.938084
2023-11-30,17.373,,11.5033,11.25,7.941386
2023-12-01,17.2143,,11.504,11.25,7.94469
2023-12-02,,,,11.25,7.947995
2023-12-03,,,,11.25,7.951302
2023-12-04,17.406,,11.5051,11.25,7.95461
2023-12-05,17.4215,11.25,11.5038,11.25,7.957919
2023-12-06,17.2685,,11.504,11.25,7.96123
2023-12-07,17.4197,,11.504,11.25,7.964542
2023-12-08,17.3688,,11.506,11.25,7.967856
2023-12-09,,,,11.25,7.971171
2023-12-10,,,,11.25,7.974487
2023-12-11,17.447,11.25,11.5075,11.25,7.973929
2023-12-12,,,,11.25,7.973371
2023-12-13,17.398,,11.506,11.25,7.972813
2023-12-14,17.299,,11.5043,11.25,7.972255
2023-12-15,17.1908,,11.504,11.25,7.971697
2023-12-16,,,,11.25,7.971139
2023-12-17,,,,11.25,7.970581
2023-12-18,17.2277,,11.504,11.25,7.970023
2023-12-19,17.0652,11.09,11.5025,11.25,7.969466
2023-12-20,17.0673,,11.5025,11.25,7.968908
2023-12-21,17.059,,11.5025,11.25,7.96835
2023-12-22,16.9738,,11.5037,11.25,7.967792
2023-12-23,,,,11.25,7.967235
2023-12-24,,,,11.25,7.966677
2023-12-25,,,,11.25,7.96612
2023-12-26,16.9727,11.26,11.505,11.25,7.968698
2023-12-27,16.922,,11.504,11.25,7.971277
2023-12-28,16.8935,,11.5035,11.25,7.973857
2023-12-29,16.919,,11.5025,11.25,7.976438
2023-12-30,,,,11.25,7.97902
2023-12-31,,,,11.25,7.981602
2024-01-01,,,,11.25,7.984185
2024-01-02,17.0297,11.3,11.5022,11.25,7.98677
2024-01-03,17.0492,,11.5025,11.25,7.989355
2024-01-04,17.0458,,11.5025,11.25,7.991941
2024-01-05,16.8987,,11.5025,11.25,7.994527
2024-01-06,,,,11.25,7.997115
2024-01-07,,,,11.25,7.999703
2024-01-08,16.8133,,11.5025,11.25,8.002292
2024-01-09,16.9347,11.28,11.5025,11.25,8.004882
2024-01-10,16.9912,,11.5025,11.25,8.007473
2024-01-11,16.9898,,11.5025,11.25,8.010014
2024-01-12,16.858,,11.4975,11.25,8.012556
2024-01-13,,,,11.25,8.015099
2024-01-14,,,,11.25,8.017642
2024-01-15,16.8983,,11.5002,11.25,8.020187
2024-01-16,17.1598,11.3,11.4988,11.25,8.022732
2024-01-17,17.2957,,11.5006,11.25,8.025278
2024-01-18,17.1995,,11.501,11.25,8.027824
2024-01-19,17.1325,,11.5017,11.25,8.030372
2024-01-20,,,,11.25,8.03292
2024-01-21,,,,11.25,8.035469
2024-01-22,17.1125,,11.4985,11.25,8.038019
2024-01-23,17.352,11.28,11.5002,11.25,8.04057
2024-01-24,17.1673,,11.5015,11.25,8.043122
2024-01-25,17.2375,,11.4995,11.25,8.045674
2024-01-26,17.1657,,11.4985,11.25,8.048139
2024-01-27,,,,11.25,8.050605
2024-01-28,,,,11.25,8.053072
2024-01-29,17.2333,,11.499,11.25,8.05554
2024-01-30,17.1932,11.15,11.5,11.25,8.058008
2024-01-31,17.1633,,11.5012,11.25,8.060477
2024-02-01,17.1335,,11.4993,11.25,8.062947
2024-02-02,17.1447,,11.4984,11.25,8.065417
2024-02-03,,,,11.25,8.067888
2024-02-04,,,,11.25,8.07036
2024-02-05,,,,11.25,8.072833
2024-02-06,17.0357,11.06,11.498,11.25,8.075307
2024-02-07,17.0398,,11.499,11.25,8.077781
2024-02-08,17.1023,,11.4982,11.25,8.080256
2024-02-09,17.0855,,11.4995,11.25,8.082732
2024-02-10,,,,11.25,8.085209
2024-02-11,,,,11.25,8.086944
2024-02-12,17.068,,11.5007,11.25,8.08868
2024-02-13,17.1982,11.05,11.4966,11.25,8.090417
2024-02-14,17.1105,,11.4983,11.25,8.092153
2024-02-15,17.068,,11.4954,11.25,8.093891
2024-02-16,17.0602,,11.495,11.25,8.095628
2024-02-17,,,,11.25,8.097366
2024-02-18,,,,11.25,8.099104
2024-02-19,17.05,,11.495,11.25,8.100843
2024-02-20,17.0458,11.0,11.4925,11.25,8.102582
2024-02-21,17.0603,,11.4962,11.25,8.104321
2024-02-22,17.121,,11.4925,11.25,8.106061
2024-02-23,17.126,,11.4925,11.25,8.107801
2024-02-24,,,,11.25,8.109541
2024-02-25,,,,11.25,8.111282
2024-02-26,17.126,,11.4891,11.25,8.110715
2024-02-27,17.0605,11.0,11.49,11.25,8.110147
2024-02-28,17.0962,,11.4875,11.25,8.109579
2024-02-29,17.0633,,11.4937,11.25,8.109012
2024-03-01,17.0217,,11.485,11.25,8.108444
2024-03-02,,,,11.25,8.107877
2024-03-03,,,,11.25,8.10731
2024-03-04,16.9828,,11.4775,11.25,8.106742
2024-03-05,16.9257,11.0,11.485,11.25,8.106175
2024-03-06,16.8728,,11.485,11.25,8.105608
2024-03-07,16.877,,11.4859,11.25,8.10504
2024-03-08,16.7985,,11.4825,11.25,8.104473
2024-03-09,,,,11.25,8.103906
2024-03-10,,,,11.25,8.103339
2024-03-11,16.8083,,11.4724,11.25,8.103678
2024-03-12,16.8272,11.18,11.4748,11.25,8.104018
2024-03-13,16.7127,,11.47,11.25,8.104357
2024-03-14,16.692,,11.475,11.25,8.104697
2024-03-15,16.71,,11.4775,11.25,8.105036
2024-03-16,,,,11.25,8.105376
2024-03-17,,,,11.25,8.105715
2024-03-18,,,,11.25,8.106055
2024-03-19,16.8523,10.99,11.4775,11.25,8.106395
2024-03-20,16.759,,11.48,11.25,8.106734
2024-03-21,16.762,,11.4799,11.25,8.107074
2024-03-22,16.7367,,11.245,11.0,8.107413
2024-03-23,,,,11.0,8.107753
2024-03-24,,,,11.0,8.108093
2024-03-25,16.7032,10.9,11.247,11.0,8.108432
2024-03-26,16.678,,11.2475,11.0,8.109802
2024-03-27,16.5323,,11.2485,11.0,8.111173
2024-03-28,,,,11.0,8.112543
2024-03-29,,,,11.0,8.113914
2024-03-30,,,,11.0,8.115285
2024-03-31,,,,11.0,8.116657
2024-04-01,16.6578,,11.249,11.0,8.118028
2024-04-02,16.5673,10.88,11.2475,11.0,8.1194
2024-04-03,16.5415,,11.2475,11.0,8.120772
2024-04-04,16.5173,,11.2485,11.0,8.122144
2024-04-05,16.4758,,11.2485,11.0,8.123517
2024-04-06,,,,11.0,8.124889
2024-04-07,,,,11.0,8.126262
2024-04-08,16.3357,,11.249,11.0,8.127636
2024-04-09,16.3932,10.92,11.2492,11.0,8.129009
2024-04-10,16.4883,,11.249,11.0,8.130383
2024-04-11,16.4583,,11.2502,11.0,8.130225
2024-04-12,16.6693,,11.2488,11.0,8.130067
2024-04-13,,,,11.0,8.12991
2024-04-14,,,,11.0,8.129752
2024-04-15,16.6815,,11.2407,11.0,8.129594
2024-04-16,17.0252,11.04,11.2445,11.0,8.129437
2024-04-17,16.9948,,11.245,11.0,8.129279
2024-04-18,17.1145,,11.2465,11.0,8.129121
2024-04-19,17.212,,11.245,11.0,8.128964
2024-04-20,,,,11.0,8.128806
2024-04-21,,,,11.0,8.128648
2024-04-22,17.1243,,11.245,11.0,8.128491
2024-04-23,16.9995,11.04,11.245,11.0,8.128333
2024-04-24,17.1098,,11.245,11.0,8.128175
2024-04-25,17.1883,,11.245,11.0,8.128018
2024-04-26,17.1552,,11.245,11.0,8.128515
2024-04-27,,,,11.0,8.129012
2024-04-28,,,,11.0,8.129509
2024-04-29,17.0243,10.95,11.245,11.0,8.130006
2024-04-30,17.0958,,11.24,11.0,8.130503
2024-05-01,,,,11.0,8.131
2024-05-02,16.9393,,11.24,11.0,8.131497
2024-05-03,17.0042,,11.2366,11.0,8.131995
2024-05-04,,,,11.0,8.132492
2024-05-05,,,,11.0,8.132989
2024-05-06,16.8947,,11.24,11.0,8.133486
2024-05-07,16.9083,11.03,11.24,11.0,8.133984
2024-05-08,16.9087,,11.24,11.0,8.134481
2024-05-09,16.866,,11.24,11.0,8.134979
2024-05-10,16.769,,11.24,11.0,8.135476
2024-05-11,,,,11.0,8.136829
2024-05-12,,,,11.0,8.138181
2024-05-13,16.8072,,11.24,11.0,8.139535
2024-05-14,16.846,10.95,11.24,11.0,8.140888
2024-05-15,16.6782,,11.2399,11.0,8.142241
2024-05-16,16.6893,,11.235,11.0,8.143595
2024-05-17,16.6217,,11.2399,11.0,8.144949
2024-05-18,,,,11.0,8.146303
2024-05-19,,,,,8.147658
2024-05-20,16.5668,,11.235,11.0,8.149012
2024-05-21,16.6138,11.0,11.235,11.0,8.150367
2024-05-22,16.6405,,11.235,11.0,8.151722
2024-05-23,16.6945,,11.2415,11.0,8.153078
2024-05-24,16.7023,,11.235,11.0,8.154433
2024-05-25,,,,11.0,8.155789
2024-05-26,,,,11.0,8.154704
2024-05-27,16.6568,,11.2425,11.0,8.153619
2024-05-28,16.7457,11.03,11.245,11.0,8.152535
2024-05-29,16.95,,11.2465,11.0,8.15145
2024-05-30,16.9377,,11.245,11.0,8.150366
2024-05-31,17.0177,,11.2465,11.0,8.149281
2024-06-01,,,,11.0,8.148197
2024-06-02,,,,11.0,8.147113
2024-06-03,17.6338,,11.245,11.0,8.14603
2024-06-04,17.8607,11.04,11.245,11.0,8.144946
2024-06-05,17.5592,,11.245,11.0,8.143863
2024-06-06,17.5335,,11.245,11.0,8.142779
2024-06-07,18.2622,,11.247,11.0,8.141696
2024-06-08,,,,11.0,8.140613
2024-06-09,,,,11.0,8.13953
2024-06-10,18.3848,,11.245,11.0,8.138447
2024-06-11,18.4457,11.0,11.245,11.0,8.137383
2024-06-12,18.7832,,11.245,11.0,8.136319
2024-06-13,18.5385,,11.245,11.0,8.135255
2024-06-14,18.4512,,11.2475,11.0,8.134191
2024-06-15,,,,11.0,8.133128
2024-06-16,,,,11.0,8.132064
2024-06-17,18.5248,,11.245,11.0,8.131001
2024-06-18,18.4128,10.95,11.243,11.0,8.129938
2024-06-19,18.423,,11.245,11.0,8.128875
2024-06-20,18.4027,,11.245,11.0,8.127812
2024-06-21,18.1848,,11.245,11.0,8.126749
2024-06-22,,,,11.0,8.125687
2024-06-23,,,,11.0,8.124624
2024-06-24,17.9627,,11.245,11.0,8.123562
2024-06-25,18.1372,10.88,11.245,11.0,8.1225
2024-06-26,18.2215,,11.2449,11.0,8.123635
2024-06-27,18.3773,,11.24,11.0,8.12477
2024-06-28,18.2478,,11.2445,11.0,8.125905
2024-06-29,,,,11.0,8.12704
2024-06-30,,,,11.0,8.128175
2024-07-01,18.3897,,11.2472,11.0,8.129311
2024-07-02,18.2485,11.02,11.245,11.0,8.130447
2024-07-03,18.1355,,11.245,11.0,8.131583
2024-07-04,18.0958,,11.245,11.0,8.132719
2024-07-05,18.0977,,11.2465,11.0,8.133855
2024-07-06,,,,11.0,8.134991
2024-07-07,,,,11.0,8.136128
2024-07-08,18.0095,,11.2475,11.0,8.137265
2024-07-09,17.9428,10.9,11.245,11.0,8.138402
2024-07-10,17.8288,,11.2465,11.0,8.139539
2024-07-11,17.8192,,11.245,11.0,8.142426
2024-07-12,17.6502,,11.247,11.0,8.145314
2024-07-13,,,,11.0,8.148203
2024-07-14,,,,11.0,8.151093
2024-07-15,17.7837,,11.245,11.0,8.153985
2024-07-16,17.6795,10.89,11.245,11.0,8.156877
2024-07-17,17.7438,,11.245,11.0,8.15977
2024-07-18,17.8907,,11.2449,11.0,8.162665
2024-07-19,17.997,,11.245,11.0,8.16556
2024-07-20,,,,11.0,8.168457
2024-07-21,,,,11.0,8.171354
2024-07-22,17.9107,,11.245,11.0,8.174252
2024-07-23,18.0987,10.87,11.2465,11.0,8.177152
2024-07-24,18.3458,,11.2475,11.0,8.180052
2024-07-25,18.385,,11.245,11.0,8.182954
2024-07-26,18.4475,,11.245,11.0,8.186576
2024-07-27,,,,11.0,8.1902
2024-07-28,,,,11.0,8.193826
2024-07-29,18.6818,,11.2449,11.0,8.197453
2024-07-30,18.79,10.97,11.245,11.0,8.201082
2024-07-31,18.597,,11.245,11.0,8.204712
2024-08-01,18.706,,11.2475,11.0,8.208344
2024-08-02,19.0442,,11.245,11.0,8.211977
2024-08-03,,,,11.0,8.215613
2024-08-04,,,,11.0,8.219249
2024-08-05,19.3905,,11.245,11.0,8.222888
2024-08-06,19.33,10.86,11.2325,11.0,8.226528
2024-08-07,19.189,,11.248,11.0,8.230169
2024-08-08,19.09,,11.2475,11.0,8.233813
2024-08-09,18.8368,,11.025,10.75,8.237457
2024-08-10,,,,10.75,8.241104
2024-08-11,,,,,8.241847
2024-08-12,19.032,,11.0025,10.75,8.242591
2024-08-13,19.0387,10.65,11.0012,10.75,8.243334
2024-08-14,18.8478,,11.0028,10.75,8.244078
2024-08-15,18.6513,,11.0032,10.75,8.244821
2024-08-16,18.6228,,11.0016,10.75,8.245565
2024-08-17,,,,10.75,8.246309
2024-08-18,,,,10.75,8.247052
2024-08-19,18.7357,,11.0064,10.75,8.247796
2024-08-20,18.9448,10.65,11.0077,10.75,8.24854
2024-08-21,19.2535,,11.0038,10.75,8.249284
2024-08-22,19.4235,,11.0028,10.75,8.250028
2024-08-23,19.0708,,11.0014,10.75,8.250772
2024-08-24,,,,10.75,8.251517
2024-08-25,,,,10.75,8.252261
2024-08-26,19.382,,11.0007,10.75,8.252113
2024-08-27,19.6692,10.65,10.9994,10.75,8.251965
2024-08-28,19.6037,,10.9985,10.75,8.251818
2024-08-29,19.8168,,10.998,10.75,8.25167
2024-08-30,19.6535,,10.9977,10.75,8.251522
2024-08-31,,,,10.75,8.251374
2024-09-01,,,,10.75,8.251226
2024-09-02,19.798,,10.9976,10.75,8.251078
2024-09-03,19.8335,10.51,10.985,10.75,8.250931
2024-09-04,19.846,,10.98,10.75,8.250783
2024-09-05,20.0028,,10.975,10.75,8.250635
2024-09-06,20.0172,,10.9725,10.75,8.250487
2024-09-07,,,,10.75,8.25034
2024-09-08,,,,10.75,8.250192
2024-09-09,19.8798,,10.9638,10.75,8.250044
2024-09-10,20.0583,10.49,10.9675,10.75,8.249896
2024-09-11,19.839,,10.965,10.75,8.249552
2024-09-12,19.5887,,10.965,10.75,8.249209
2024-09-13,19.2483,,10.9725,10.75,8.248865
2024-09-14,,,,10.75,8.248521
2024-09-15,,,,10.75,8.248178
2024-09-16,,,,10.75,8.247834
2024-09-17,19.267,10.4,10.9606,10.75,8.247491
2024-09-18,19.3033,,10.9525,10.75,8.247147
2024-09-19,19.2773,,10.945,10.75,8.246803
2024-09-20,19.3725,,10.95,10.75,8.24646
2024-09-21,,,,10.75,8.246116
2024-09-22,,,,10.75,8.245773
2024-09-23,19.415,,10.9364,10.75,8.245429
2024-09-24,19.3562,10.35,10.935,10.75,8.245086
2024-09-25,19.587,,10.9199,10.75,8.244742
2024-09-26,19.629,,10.92,10.75,8.245227
2024-09-27,19.6697,,10.74,10.5,8.245712
2024-09-28,,,,10.5,8.246197
2024-09-29,,,,10.5,8.246682
2024-09-30,19.644,10.3,10.74,10.5,8.247167
2024-10-01,,,,10.5,8.247652
2024-10-02,19.3885,,10.7399,10.5,8.248137
2024-10-03,19.4678,,10.7437,10.5,8.248622
2024-10-04,19.2127,,10.7399,10.5,8.249107
2024-10-05,,,,10.5,8.249592
2024-10-06,,,,10.5,8.250077
2024-10-07,19.3388,,10.7399,10.5,8.250563
2024-10-08,19.3532,10.3,10.7437,10.5,8.251048
2024-10-09,19.4175,,10.74,10.5,8.251533
2024-10-10,19.5113,,10.7399,10.5,8.252018
2024-10-11,19.3983,,10.7435,10.5,8.251934
2024-10-12,,,,10.5,8.251849
2024-10-13,,,,10.5,8.251764
2024-10-14,19.342,,10.74,10.5,8.251679
2024-10-15,19.62,10.21,10.7434,10.5,8.251594
2024-10-16,19.8925,,10.7399,10.5,8.251509
2024-10-17,19.9313,,10.74,10.5,8.251424
2024-10-18,19.8325,,10.74,10.5,8.251339
2024-10-19,,,,10.5,8.251254
2024-10-20,,,,10.5,8.251169
2024-10-21,20.0075,,10.735,10.5,8.251085
2024-10-22,19.8985,10.2,10.74,10.5,8.251
2024-10-23,19.9338,,10.7252,10.5,8.250915
2024-10-24,19.8385,,10.73,10.5,8.25083
2024-10-25,19.9303,,10.7157,10.5,8.250745
2024-10-26,,,,10.5,8.252935
2024-10-27,,,,10.5,8.255125
2024-10-28,20.0007,,10.72,10.5,8.257317
2024-10-29,20.0208,10.2,10.721,10.5,8.259508
2024-10-30,20.1617,,10.7205,10.5,8.2617
2024-10-31,20.0378,,10.7078,10.5,8.263893
2024-11-01,20.0908,,10.72,10.5,8.266087
2024-11-02,,,,10.5,8.268281
2024-11-03,,,,10.5,8.270475
2024-11-04,20.0367,,10.72,10.5,8.27267
2024-11-05,20.2695,10.1,10.7058,10.5,8.274866
2024-11-06,20.3093,,10.7,10.5,8.277062
2024-11-07,19.8277,,10.6975,10.5,8.279259
2024-11-08,20.1332,,10.6958,10.5,8.281457
2024-11-09,,,,10.5,8.283655
2024-11-10,,,,,8.285853
2024-11-11,20.4502,,10.6983,10.5,8.287299
2024-11-12,20.5693,10.1,10.695,10.5,8.288744
2024-11-13,20.6025,,10.6825,10.5,8.29019
2024-11-14,20.494,,10.6945,10.5,8.291636
2024-11-15,20.3887,,10.49,10.25,8.293083
2024-11-16,,,,10.25,8.29453
2024-11-17,,,,10.25,8.295977
2024-11-18,,,,10.25,8.297424
2024-11-19,20.1848,10.05,10.493,10.25,8.298871
2024-11-20,20.2903,,10.4945,10.25,8.300319
2024-11-21,20.3775,,10.495,10.25,8.301767
2024-11-22,20.4872,,10.4954,10.25,8.303215
2024-11-23,,,,10.25,8.304663
2024-11-24,,,,10.25,8.306112
2024-11-25,20.2993,,10.4833,10.25,8.307561
2024-11-26,20.7185,9.95,10.485,10.25,8.309591
2024-11-27,20.6418,,10.485,10.25,8.311621
2024-11-28,20.4173,,10.4763,10.25,8.313652
2024-11-29,20.3212,,10.475,10.25,8.315683
2024-11-30,,,,10.25,8.317715
2024-12-01,,,,10.25,8.319748
2024-12-02,20.4357,,10.47,10.25,8.32178
2024-12-03,20.3233,9.9,10.4663,10.25,8.323814
2024-12-04,20.283,,10.4563,10.25,8.325848
2024-12-05,20.1963,,10.45,10.25,8.327882
2024-12-06,20.2275,,10.4425,10.25,8.329917
2024-12-07,,,,10.25,8.331952
2024-12-08,,,,10.25,8.333988
2024-12-09,20.1547,9.95,10.4388,10.25,8.336024
2024-12-10,20.2485,,10.436,10.25,8.338061
2024-12-11,20.1647,,10.4333,10.25,8.337369
2024-12-12,,,,10.25,8.336678
2024-12-13,20.142,,10.4375,10.25,8.335986
2024-12-14,,,,10.25,8.335295
2024-12-15,,,,10.25,8.334603
2024-12-16,20.1448,,10.425,10.25,8.333912
2024-12-17,20.2363,9.8,10.4188,10.25,8.333221
2024-12-18,20.1395,,10.415,10.25,8.332529
2024-12-19,20.4402,,10.425,10.25,8.331838
2024-12-20,20.1035,,10.2244,10.0,8.331147
2024-12-21,,,,10.0,8.330456
2024-12-22,,,,10.0,8.329765
2024-12-23,20.1948,9.74,10.2344,10.0,8.329074
2024-12-24,20.1558,,10.237,10.0,8.328383
2024-12-25,,,,10.0,8.327692
2024-12-26,20.1657,,10.2422,10.0,8.329893
2024-12-27,20.2683,,10.2429,10.0,8.332095
2024-12-28,,,,10.0,8.334298
2024-12-29,,,,10.0,8.336501
2024-12-30,20.5103,10.04,10.244,10.0,8.338704
2024-12-31,20.7862,,10.245,10.0,8.340909
2025-01-01,,,,10.0,8.343113
2025-01-02,20.6917,,10.245,10.0,8.345319
2025-01-03,20.6708,,10.4791,10.0,8.347525
2025-01-04,,,,10.0,8.349731
2025-01-05,,,,10.0,8.351938
2025-01-06,20.3195,,10.328,10.0,8.354146
2025-01-07,20.344,9.88,10.2776,10.0,8.356354
2025-01-08,20.3823,,10.2776,10.0,8.358563
2025-01-09,20.4742,,10.2675,10.0,8.360772
2025-01-10,20.7045,,10.2574,10.0,8.362982
2025-01-11,,,,10.0,8.363209
2025-01-12,,,,10.0,8.363435
2025-01-13,20.8012,,10.2474,10.0,8.363661
2025-01-14,20.482,9.78,10.2373,10.0,8.363888
2025-01-15,20.4875,,10.2474,10.0,8.364114
2025-01-16,20.7732,,10.2675,10.0,8.36434
2025-01-17,20.718,,10.2675,10.0,8.364567
2025-01-18,,,,10.0,8.364793
2025-01-19,,,,10.0,8.36502
2025-01-20,20.543,,10.2675,10.0,8.365246
2025-01-21,20.6358,9.75,10.2675,10.0,8.365472
2025-01-22,20.5397,,10.2776,10.0,8.365699
2025-01-23,20.3943,,10.2877,10.0,8.365925
2025-01-24,20.2255,,10.2776,10.0,8.366152
2025-01-25,,,,10.0,8.366378
2025-01-26,,,,10.0,8.367438
2025-01-27,20.7002,,10.2977,10.0,8.368498
2025-01-28,20.5668,9.87,10.2877,10.0,8.369559
2025-01-29,20.5677,,10.2776,10.0,8.370619
2025-01-30,20.4497,,10.2977,10.0,8.37168
2025-01-31,20.6068,,10.2776,10.0,8.372741
2025-02-01,,,,10.0,8.373802
2025-02-02,,,,10.0,8.374863
2025-02-03,,,,10.0,8.375924
2025-02-04,20.4268,9.65,10.2776,10.0,8.376985
2025-02-05,20.6363,,10.3078,10.0,8.378047
2025-02-06,20.5125,,10.2977,10.0,8.379108
2025-02-07,20.5512,,10.328,9.5,8.38017
2025-02-08,,,,9.5,8.381232
2025-02-09,,,,9.5,8.382294
2025-02-10,20.6693,,9.7739,9.5,8.383356
2025-02-11,20.568,9.35,9.7638,9.5,8.384051
2025-02-12,20.4917,,9.7739,9.5,8.384746
2025-02-13,20.4978,,9.7739,9.5,8.385441
2025-02-14,20.3082,,9.7739,9.5,8.386136
2025-02-15,,,,9.5,8.386831
2025-02-16,,,,9.5,8.387526
2025-02-17,20.283,,9.7638,9.5,8.388222
2025-02-18,20.2617,9.37,9.7638,9.5,8.388917
2025-02-19,20.4208,,9.7739,9.5,8.389612
2025-02-20,20.3733,,9.7638,9.5,8.390308
2025-02-21,20.3448,,9.7638,9.5,8.391003
2025-02-22,,,,9.5,8.391699
2025-02-23,,,,9.5,8.392394
2025-02-24,20.464,,9.7538,9.5,8.39309
2025-02-25,20.4683,9.44,9.784,9.5,8.393785
2025-02-26,20.4277,,9.7538,9.5,8.394727
2025-02-27,20.4722,,9.7538,9.5,8.395669
2025-02-28,20.508,,9.7538,9.5,8.39661
2025-03-01,,,,9.5,8.397552
2025-03-02,,,,9.5,8.398494
2025-03-03,20.4333,,9.7538,9.5,8.399436
2025-03-04,20.8518,9.15,9.7941,9.5,8.400379
2025-03-05,20.3893,,9.7638,9.5,8.401321
2025-03-06,20.2777,,9.7739,9.5,8.402263
2025-03-07,20.283,,9.7739,9.5,8.403206
2025-03-08,,,,9.5,8.404148
2025-03-09,,,,9.5,8.405091
2025-03-10,20.2922,,9.7236,9.5,8.406034
2025-03-11,20.3388,9.14,9.7236,9.5,8.406806
2025-03-12,20.1828,,9.7437,9.5,8.407577
2025-03-13,20.0848,,9.7538,9.5,8.408349
2025-03-14,19.8693,,9.7739,9.5,8.409121
2025-03-15,,,,9.5,8.409893
2025-03-16,,,,9.5,8.410665
2025-03-17,,,,9.5,8.411437
2025-03-18,19.9845,9.1,9.7739,9.5,8.412209
2025-03-19,20.0553,,9.7739,9.5,8.412981
2025-03-20,20.1345,,9.7638,9.5,8.413753
2025-03-21,20.2163,,9.7739,9.5,8.414525
2025-03-22,,,,9.5,8.415298
2025-03-23,,,,9.5,8.41607
2025-03-24,20.1123,,9.7739,9.5,8.416843
2025-03-25,20.0762,9.02,9.7739,9.5,8.417615
2025-03-26,20.0963,,9.7739,9.5,8.418335
2025-03-27,20.3182,,9.7739,9.5,8.419055
2025-03-28,20.4003,,9.7638,9.0,8.419774
2025-03-29,,,,9.0,8.420494
2025-03-30,,,,9.0,8.421214
2025-03-31,20.438,,9.2604,9.0,8.421934
2025-04-01,20.3587,8.8,9.2704,9.0,8.422654
2025-04-02,20.4568,,9.3208,9.0,8.423374
2025-04-03,19.9708,,9.3208,9.0,8.424094
2025-04-04,20.501,,9.2704,9.0,8.424814
2025-04-05,,,,9.0,8.425534
2025-04-06,,,,9.0,8.426255
2025-04-07,20.6947,,9.2604,9.0,8.426975
2025-04-08,20.6867,8.8,9.2503,9.0,8.427695
2025-04-09,20.7653,,9.2604,9.0,8.428416
2025-04-10,20.492,,9.2604,9.0,8.429136
2025-04-11,20.3363,,9.2604,9.0,8.43034
2025-04-12,,,,9.0,8.431543
2025-04-13,,,,9.0,8.432747
2025-04-14,20.1025,9.0,9.2704,9.0,8.433951
2025-04-15,20.0213,,9.2704,9.0,8.435155
2025-04-16,19.9737,,9.2704,9.0,8.436359
2025-04-17,,,,9.0,8.437564
2025-04-18,,,,9.0,8.438769
2025-04-19,,,,9.0,8.439973
2025-04-20,,,,9.0,8.441178
2025-04-21,19.6718,,9.2704,9.0,8.442383
2025-04-22,19.5688,8.8,9.2704,9.0,8.443589
2025-04-23,19.6278,,9.2704,9.0,8.444794
2025-04-24,19.5825,,9.2906,9.0,8.446
2025-04-25,19.5478,,9.2906,9.0,8.447206
2025-04-26,,,,9.0,8.447909
2025-04-27,,,,9.0,8.448612
2025-04-28,19.5723,8.65,9.2805,9.0,8.449315
2025-04-29,19.5868,,9.3006,9.0,8.450018
2025-04-30,19.6095,,9.3006,9.0,8.450721
2025-05-01,,,,9.0,8.451424
2025-05-02,19.657,,9.3409,9.0,8.452128
2025-05-03,,,,9.0,8.452831
2025-05-04,,,,9.0,8.453535
2025-05-05,19.6365,,9.351,9.0,8.454238
2025-05-06,19.6785,8.55,9.2805,9.0,8.454942
2025-05-07,19.588,,9.2906,9.0,8.455645
2025-05-08,19.5642,,9.3006,9.0,8.456349
2025-05-09,19.4912,,9.2805,9.0,8.457053
2025-05-10,,,,9.0,8.457756
2025-05-11,,,,9.0,8.458855
2025-05-12,19.6162,,9.2805,9.0,8.459954
2025-05-13,19.4373,8.4,9.2805,9.0,8.461053
2025-05-14,19.363,,9.2805,9.0,8.462151
2025-05-15,19.478,,9.2805,9.0,8.463251
2025-05-16,19.5147,,9.2704,8.5,8.46435
2025-05-17,,,,8.5,8.465449
2025-05-18,,,,8.5,8.466549
2025-05-19,19.3723,,8.7671,8.5,8.467648
2025-05-20,19.2648,8.15,8.7772,8.5,8.468748
2025-05-21,19.3198,,8.7772,8.5,8.469848
2025-05-22,19.3227,,8.7772,8.5,8.470948
2025-05-23,19.2748,,8.7772,8.5,8.472049
2025-05-24,,,,8.5,8.473149
2025-05-25,,,,8.5,8.474249
2025-05-26,19.2188,,8.7973,8.5,8.474712
2025-05-27,19.2338,8.12,8.7973,8.5,8.475174
2025-05-28,19.4,,8.7873,8.5,8.475636
2025-05-29,19.328,,8.7873,8.5,8.476098
2025-05-30,19.3858,,8.7671,8.5,8.476561
2025-05-31,,,,8.5,8.477023
2025-06-01,,,,8.5,8.477485
2025-06-02,19.2338,,8.7772,8.5,8.477947
2025-06-03,19.2638,8.1,8.8175,8.5,8.47841
2025-06-04,19.1932,,8.7772,8.5,8.478872
2025-06-05,19.17,,8.7571,8.5,8.479335
2025-06-06,19.1317,,8.747,8.5,8.479797
2025-06-07,,,,8.5,8.48026
2025-06-08,,,,8.5,8.480722
2025-06-09,19.0595,,8.737,8.5,8.481185
2025-06-10,19.0518,8.1,8.7168,8.5,8.481647
2025-06-11,18.879,,8.737,8.5,8.482729
2025-06-12,18.9068,,8.737,8.5,8.483812
2025-06-13,18.9302,,8.737,8.5,8.484895
2025-06-14,,,,8.5,8.485977
2025-06-15,,,,8.5,8.48706
2025-06-16,18.9083,,8.737,8.5,8.488144
2025-06-17,18.9872,8.14,8.747,8.5,8.489227
2025-06-18,19.0047,,8.7571,8.5,8.49031
2025-06-19,19.0898,,8.7671,8.5,8.491394
2025-06-20,19.1458,,8.7571,8.5,8.492477
2025-06-21,,,,8.5,8.493561
2025-06-22,,,,8.5,8.494645
2025-06-23,19.1527,,8.7671,8.5,8.495729
2025-06-24,19.0267,8.0,8.7671,8.5,8.496813
2025-06-25,18.9203,,8.7873,8.5,8.497898
2025-06-26,18.8928,,8.7671,8.5,8.498487
2025-06-27,18.8483,,8.7772,8.0,8.499077
2025-06-28,,,,8.0,8.499667
2025-06-29,,,,8.0,8.500257
2025-06-30,18.8332,,8.2842,8.0,8.500847
2025-07-01,18.765,7.7,8.3043,8.0,8.501438
2025-07-02,18.754,,8.4049,8.0,8.502028
2025-07-03,18.6652,,8.2942,8.0,8.502618
2025-07-04,18.6327,,8.264,8.0,8.503208
2025-07-05,,,,8.0,8.503798
2025-07-06,,,,8.0,8.504389
2025-07-07,18.6698,,8.2238,8.0,8.504979
2025-07-08,18.714,7.85,8.2439,8.0,8.505569
2025-07-09,18.5733,,8.2439,8.0,8.50616
2025-07-10,18.6267,,8.2439,8.0,8.50675
2025-07-11,18.6595,,8.2439,8.0,8.507667
2025-07-12,,,,8.0,8.508584
2025-07-13,,,,8.0,8.509501
2025-07-14,18.751,,8.2439,8.0,8.510419
2025-07-15,18.8397,7.65,8.2339,8.0,8.511336
2025-07-16,18.7178,,8.2439,8.0,8.512253
2025-07-17,18.7685,,8.2439,8.0,8.513171
2025-07-18,18.72,,8.2339,8.0,8.514089
2025-07-19,,,,8.0,8.515006
2025-07-20,,,,8.0,8.515924
2025-07-21,18.6455,,8.2339,8.0,8.516842
2025-07-22,18.6212,7.65,8.2339,8.0,8.51776
2025-07-23,18.5735,,8.254,8.0,8.518678
2025-07-24,18.5538,,8.2741,8.0,8.519596
2025-07-25,18.557,,8.254,8.0,8.520515
2025-07-26,,,,8.0,8.521318
2025-07-27,,,,8.0,8.522121
2025-07-28,18.7267,,8.264,8.0,8.522924
2025-07-29,18.7642,7.48,8.2339,8.0,8.523727
2025-07-30,18.796,,8.2339,8.0,8.52453
2025-07-31,18.7963,,8.2339,8.0,8.525333
2025-08-01,18.916,,8.2439,8.0,8.526136
2025-08-02,,,,8.0,8.52694
2025-08-03,,,,8.0,8.527743
2025-08-04,18.8783,,8.3143,8.0,8.528547
2025-08-05,18.762,7.5,8.2439,8.0,8.52935
2025-08-06,18.6192,,8.2439,8.0,8.530154
2025-08-07,18.6765,,8.2439,8.0,8.530958
2025-08-08,18.5518,,8.2439,7.75,8.531762
2025-08-09,,,,7.75,8.532566
2025-08-10,,,,7.75,8.53337
2025-08-11,18.6683,,8.0025,7.75,8.53377
2025-08-12,18.5657,7.38,8.0126,7.75,8.53417
2025-08-13,18.6353,,8.0025,7.75,8.53457
2025-08-14,18.8137,,8.0025,7.75,8.53497
2025-08-15,18.7295,,8.0126,7.75,8.53537
2025-08-16,,,,7.75,8.53577
2025-08-17,,,,7.75,8.53617
2025-08-18,18.784,,8.0126,7.75,8.536571
2025-08-19,18.7982,7.4,8.0327,7.75,8.536971
2025-08-20,18.7572,,8.0126,7.75,8.537371
2025-08-21,18.7737,,8.0226,7.75,8.537771
2025-08-22,18.595,,8.0327,7.75,8.538172
2025-08-23,,,,7.75,8.538572
2025-08-24,,,,7.75,8.538972
2025-08-25,18.6368,,8.0226,7.75,8.539373
2025-08-26,18.6843,7.27,8.0126,7.75,8.539259
2025-08-27,18.6912,,8.0226,7.75,8.539145
2025-08-28,18.6522,,8.0327,7.75,8.539031
2025-08-29,18.644,,8.0327,7.75,8.538918
2025-08-30,,,,7.75,8.538804
2025-08-31,,,,7.75,8.53869
2025-09-01,18.646,,8.0427,7.75,8.538577
2025-09-02,18.7072,7.35,8.1132,7.75,8.538463
2025-09-03,18.6873,,8.0226,7.75,8.538349
2025-09-04,18.7577,,8.0226,7.75,8.538236
2025-09-05,18.6792,,8.0226,7.75,8.538122
2025-09-06,,,,7.75,8.538008
2025-09-07,,,,7.75,8.537895
2025-09-08,18.655,,8.0226,7.75,8.537781
2025-09-09,18.6353,7.35,8.0126,7.75,8.537667
2025-09-10,18.592,,8.0126,7.75,8.537553
2025-09-11,18.5287,,8.0126,7.75,8.538095
2025-09-12,18.4757,,8.0126,7.75,8.538636
2025-09-13,,,,7.75,8.539178
2025-09-14,,,,7.75,8.539719
2025-09-15,18.3635,7.25,8.0126,7.75,8.540261
2025-09-16,,,,7.75,8.540803
2025-09-17,18.3257,,8.0226,7.75,8.541344
2025-09-18,18.361,,8.0226,7.75,8.541886
2025-09-19,18.3892,,8.0327,7.75,8.542428
2025-09-20,,,,7.75,8.542969
2025-09-21,,,,7.75,8.543511
2025-09-22,18.4082,,8.0427,7.75,8.544053
2025-09-23,18.3232,7.2,8.0629,7.75,8.544595
2025-09-24,18.4312,,8.0629,7.75,8.545137
2025-09-25,18.4457,,8.0427,7.75,8.545679
2025-09-26,18.3825,,8.0629,7.5,8.546676
2025-09-27,,,,7.5,8.547674
2025-09-28,,,,7.5,8.548672
2025-09-29,18.3507,,7.8315,7.5,8.54967
2025-09-30,18.3342,7.19,7.8818,7.5,8.550668
2025-10-01,18.3477,,7.8617,7.5,8.551666
2025-10-02,18.4843,,8.1132,7.5,8.552665
2025-10-03,18.3902,,7.8617,7.5,8.553663
2025-10-04,,,,7.5,8.554662
2025-10-05,,,,7.5,8.555661
2025-10-06,18.3528,,7.8516,7.5,8.556659
2025-10-07,18.3762,7.47,7.8114,7.5,8.557658
2025-10-08,18.3477,,7.7812,7.5,8.558657
2025-10-09,18.383,,7.7913,7.5,8.559657
2025-10-10,18.5567,,7.7712,7.5,8.560656
2025-10-11,,,,7.5,8.560781
2025-10-12,,,,7.5,8.560906
2025-10-13,18.44,,7.7913,7.5,8.561032
2025-10-14,18.522,7.4,7.7812,7.5,8.561157
2025-10-15,18.4808,,7.7913,7.5,8.561282
2025-10-16,18.4108,,7.7913,7.5,8.561408
2025-10-17,18.407,,7.7913,7.5,8.561533
2025-10-18,,,,7.5,8.561658
2025-10-19,,,,7.5,8.561784
2025-10-20,18.4032,,7.7812,7.5,8.561909
2025-10-21,18.4252,7.1,7.7712,7.5,8.562034
2025-10-22,18.4333,,7.7812,7.5,8.56216
2025-10-23,18.4033,,7.7812,7.5,8.562285
2025-10-24,18.3948,,7.7812,7.5,8.56241
2025-10-25,,,,7.5,8.562536
2025-10-26,,,,7.5,8.564034
2025-10-27,18.3892,,7.7913,7.5,8.565533
2025-10-28,18.4145,7.1,7.7913,7.5,8.567033
2025-10-29,18.4072,,7.8114,7.5,8.568532
2025-10-30,18.538,,7.8215,7.5,8.570032
2025-10-31,18.5725,,7.7812,7.5,8.571532
2025-11-01,,,,7.5,8.573032
2025-11-02,,,,7.5,8.574533
2025-11-03,18.4835,,7.7812,7.5,8.576034
2025-11-04,18.6133,7.3,7.8718,7.5,8.577535
2025-11-05,18.5947,,7.7812,7.5,8.579036
2025-11-06,18.6233,,7.7712,7.5,8.580538
2025-11-07,18.5,,7.7611,7.25,8.58204
2025-11-08,,,,7.25,8.583542
2025-11-09,,,,7.25,8.585045
2025-11-10,18.3922,,7.5097,7.25,8.586547
2025-11-11,18.3333,7.05,7.5097,7.25,8.587359
2025-11-12,18.2982,,7.5097,7.25,8.588171
2025-11-13,18.2805,,7.5198,7.25,8.588984
2025-11-14,18.3262,,7.5198,7.25,8.589796
2025-11-15,,,,7.25,8.590608
2025-11-16,,,,7.25,8.59142
2025-11-17,,,,7.25,8.592233
2025-11-18,18.3728,7.25,7.5097,7.25,8.593045
2025-11-19,18.341,,7.5198,7.25,8.593858
2025-11-20,18.355,,7.5198,7.25,8.594671
2025-11-21,18.4965,,7.5801,7.25,8.595483
2025-11-22,,,,7.25,8.596296
2025-11-23,,,,7.25,8.597109
2025-11-24,18.4997,,7.56,7.25,8.597922
2025-11-25,18.4308,7.15,7.5701,7.25,8.598735
2025-11-26,18.356,,7.56,7.25,8.601401
2025-11-27,18.3467,,7.6203,7.25,8.604069
2025-11-28,18.3075,,7.6103,7.25,8.606736
2025-11-29,,,,7.25,8.609405
2025-11-30,,,,7.25,8.612075
2025-12-01,18.2757,,7.6103,7.25,8.614745
2025-12-02,18.291,7.29,7.6907,7.25,8.617416
2025-12-03,18.2642,,7.5801,7.25,8.620088
2025-12-04,18.2293,,7.56,7.25,8.622761
2025-12-05,18.186,,7.5299,7.25,8.625435
2025-12-06,,,,7.25,8.628109
2025-12-07,,,,7.25,8.630785
2025-12-08,18.2367,,7.4997,7.25,8.633461
2025-12-09,18.194,7.25,7.4896,7.25,8.636138
2025-12-10,18.2085,,7.4997,7.25,8.638816
2025-12-11,18.0543,,7.5097,7.25,8.640225
2025-12-12,,,,7.25,8.641634
2025-12-13,,,,7.25,8.643044
2025-12-14,,,,7.25,8.644454
2025-12-15,17.9925,,7.5097,7.25,8.645864
2025-12-16,17.9525,7.15,7.5097,7.25,8.647274
2025-12-17,18.02,,7.5198,7.25,8.648685
2025-12-18,17.9792,,7.5399,7.25,8.650096
2025-12-19,18.0065,,7.5299,7.0,8.651507
2025-12-20,,,,7.0,8.652918
2025-12-21,,,,7.0,8.654329
2025-12-22,17.9785,7.04,7.2584,7.0,8.655741
2025-12-23,17.9332,,7.3187,7.0,8.657153
2025-12-24,17.9248,,7.3388,7.0,8.658565
2025-12-25,,,,7.0,8.659978
2025-12-26,17.9042,,7.3388,7.0,8.660879
2025-12-27,,,,7.0,8.66178
2025-12-28,,,,7.0,8.662682
2025-12-29,17.9667,7.07,7.3589,7.0,8.663583
2025-12-30,17.9528,,7.3489,7.0,8.664485
2025-12-31,18.0012,,7.3489,7.0,8.665387
2026-01-01,,,,7.0,8.666288
2026-01-02,17.8803,,7.379,7.0,8.66719
2026-01-03,,,,7.0,8.668092
2026-01-04,,,,7.0,8.668994
2026-01-05,17.8905,,7.56,7.0,8.669897
2026-01-06,17.9697,7.07,7.2886,7.0,8.670799
2026-01-07,17.9587,,7.2886,7.0,8.671701
2026-01-08,17.9807,,7.2685,7.0,8.672604
2026-01-09,17.9842,,7.2484,7.0,8.673506
2026-01-10,,,,7.0,8.674409
2026-01-11,,,,7.0,8.674288
2026-01-12,17.9075,,7.2484,7.0,8.674166
2026-01-13,17.854,6.99,7.2584,7.0,8.674045
2026-01-14,17.8167,,7.2584,7.0,8.673924
2026-01-15,17.6897,,7.2584,7.0,8.673803
2026-01-16,17.6867,,7.2584,7.0,8.673681
2026-01-17,,,,7.0,8.67356
2026-01-18,,,,7.0,8.673439
2026-01-19,17.599,,7.2584,7.0,8.673318
2026-01-20,17.6008,7.0,7.2584,7.0,8.673196
2026-01-21,17.452,,7.2685,7.0,8.673075
2026-01-22,17.4828,,7.2785,7.0,8.672954
2026-01-23,17.4545,,7.2986,7.0,8.672832
2026-01-24,,,,7.0,8.672711
2026-01-25,,,,7.0,8.67259
2026-01-26,17.283,,7.3087,7.0,8.674251
2026-01-27,17.2357,6.95,7.3489,7.0,8.675913
2026-01-28,17.2322,,7.3489,7.0,8.677575
2026-01-29,17.2532,,7.3589,7.0,8.679237
2026-01-30,17.331,,7.2986,7.0,8.6809
2026-01-31,,,,7.0,8.682563
2026-02-01,,,,7.0,8.684226
2026-02-02,,,,7.0,8.685889
2026-02-03,17.235,6.9,7.2785,7.0,8.687553
2026-02-04,17.2925,,7.4595,7.0,8.689217
2026-02-05,17.407,,7.2685,7.0,8.690882
2026-02-06,17.2988,,7.2685,7.0,8.692547
2026-02-07,,,,7.0,8.694212
2026-02-08,,,,7.0,8.695877
2026-02-09,17.1907,,7.2584,7.0,8.697543
2026-02-10,17.2315,6.88,7.2584,7.0,8.699209
2026-02-11,17.2155,,7.2584,7.0,8.700199
2026-02-12,17.2,,7.2584,7.0,8.701188
2026-02-13,17.1798,,7.2584,7.0,8.702178
2026-02-14,,,,7.0,8.703168
2026-02-15,,,,7.0,8.704158
2026-02-16,17.1723,,7.2584,7.0,8.705148
2026-02-17,17.1753,6.84,7.2584,7.0,8.706139
2026-02-18,17.1392,,7.2785,7.0,8.707129
2026-02-19,17.27,,7.2584,7.0,8.70812
2026-02-20,17.1722,,7.2584,7.0,8.70911
2026-02-21,,,,7.0,8.710101
2026-02-22,,,,7.0,8.711092
2026-02-23,17.2162,,7.2785,7.0,8.712083
2026-02-24,17.191,6.83,7.3087,7.0,8.713074
2026-02-25,17.17,,7.3087,7.0,8.714065
2026-02-26,17.2563,,7.3589,7.0,8.71571
2026-02-27,17.2193,,7.3087,7.0,8.717355
2026-02-28,,,,7.0,8.719
2026-03-01,,,,7.0,8.720645
2026-03-02,17.3485,,7.3288,7.0,8.722291
2026-03-03,17.7228,6.81,7.3992,7.0,8.723937
2026-03-04,17.5445,,7.3187,7.0,8.725584
2026-03-05,17.677,,7.2584,7.0,8.727231
2026-03-06,17.7962,,7.2383,7.0,8.728878
2026-03-07,,,,7.0,8.730525
2026-03-08,,,,7.0,8.732173
2026-03-09,17.7687,,7.1981,7.0,8.733821
2026-03-10,17.5037,6.81,7.1679,7.0,8.73547
2026-03-11,17.6543,,7.2282,7.0,8.737435
2026-03-12,17.8368,,7.2282,7.0,8.739401
2026-03-13,17.9218,,7.2383,7.0,8.741367
2026-03-14,,,,7.0,8.743334
2026-03-15,,,,7.0,8.745302
2026-03-16,,,,7.0,8.747269
2026-03-17,17.6922,6.81,7.2282,7.0,8.749238
2026-03-18,17.669,,7.2785,7.0,8.751206
2026-03-19,17.8117,,7.2584,7.0,8.753175
2026-03-20,17.8998,,7.2584,7.0,8.755145
2026-03-21,,,,7.0,8.757115
2026-03-22,,,,7.0,8.759085
2026-03-23,17.778,,7.2886,7.0,8.761056
2026-03-24,17.8047,6.81,7.2886,7.0,8.763028
2026-03-25,17.7548,,7.2886,7.0,8.764999
2026-03-26,17.7957,,7.2785,7.0,8.768381
2026-03-27,18.0667,,7.2685,6.75,8.771765
2026-03-28,,,,6.75,8.775149
2026-03-29,,,,6.75,8.778535
2026-03-30,18.1033,6.64,7.0071,6.75,8.781922
2026-03-31,18.0033,,7.0272,6.75,8.785311
2026-04-01,17.8117,,7.0574,6.75,8.788701
2026-04-02,,,,6.75,8.792092
2026-04-03,,,,6.75,8.795484
2026-04-04,,,,6.75,8.798878
2026-04-05,,,,6.75,8.802273
2026-04-06,17.7932,,7.1981,6.75,8.80567
2026-04-07,17.758,6.6,7.0574,6.75,8.809067
2026-04-08,17.4157,,7.0071,6.75,8.812467
2026-04-09,17.3593,,7.0071,6.75,8.815867
2026-04-10,17.3033,,6.9971,6.75,8.819269
2026-04-11,,,,6.75,8.820064
2026-04-12,,,,6.75,8.82086
2026-04-13,17.347,,6.9971,6.75,8.821656
2026-04-14,17.2688,6.6,6.9971,6.75,8.822452
2026-04-15,17.2623,,7.0071,6.75,8.823248
2026-04-16,17.2723,,7.0071,6.75,8.824045
2026-04-17,17.2447,,7.0071,6.75,8.824841
2026-04-18,,,,6.75,8.825637
2026-04-19,,,,6.75,8.826434
2026-04-20,17.32,,7.0071,6.75,8.82723
2026-04-21,17.3323,6.55,7.0071,6.75,8.828027
2026-04-22,17.3287,,6.9971,6.75,8.828823
2026-04-23,17.3587,,7.0071,6.75,8.82962
2026-04-24,17.4052,,7.0172,6.75,8.830417
2026-04-25,,,,6.75,8.831214
2026-04-26,,,,6.75,8.831868
2026-04-27,17.3838,,7.0272,6.75,8.832523
2026-04-28,17.403,6.5,7.0071,6.75,8.833178
2026-04-29,17.4948,,7.0172,6.75,8.833832
2026-04-30,17.5118,,7.0071,6.75,8.834487
2026-05-01,,,,6.75,8.835142
2026-05-02,,,,6.75,8.835797
2026-05-03,,,,6.75,8.836451
2026-05-04,17.5157,,7.0172,6.75,8.837106
2026-05-05,17.3752,6.49,7.1277,6.75,8.837761
2026-05-06,17.253,,7.0172,6.75,8.838416
2026-05-07,17.24,,6.9971,6.75,8.839071
2026-05-08,17.2105,,6.9971,6.5,8.839726
2026-05-09,,,,6.5,8.840382
2026-05-10,,,,6.5,8.841037
2026-05-11,17.1908,,6.7559,6.5,8.841247
2026-05-12,17.252,6.54,6.7559,6.5,8.841457
2026-05-13,17.1878,,6.776,6.5,8.841667
2026-05-14,17.213,,6.7659,6.5,8.841878
2026-05-15,17.3477,,6.7659,6.5,8.842088
2026-05-16,,,,6.5,8.842298
2026-05-17,,,,6.5,8.842508
2026-05-18,17.2928,,6.7458,6.5,8.842718
2026-05-19,17.3968,6.45,6.7458,6.5,8.842929
2026-05-20,17.2938,,6.7458,6.5,8.843139
2026-05-21,17.3305,,6.7559,6.5,8.843349
2026-05-22,17.3213,,6.776,6.5,8.843559
2026-05-23,,,,6.5,8.843769
2026-05-24,,,,6.5,8.84398
2026-05-25,17.272,,6.7961,6.5,8.84419
2026-05-26,17.3232,6.38,6.7559,6.5,8.843299
2026-05-27,17.3793,,6.7559,6.5,8.842407
2026-05-28,17.3213,,6.7559,6.5,8.841516
2026-05-29,17.3505,,6.7559,6.5,8.840625
2026-05-30,,,,6.5,8.839734
2026-05-31,,,,6.5,8.838844
2026-06-01,17.378,,6.7458,6.5,8.837953
2026-06-02,17.2945,6.36,6.8061,6.5,8.837062
2026-06-03,17.3328,,6.7358,6.5,8.836172
2026-06-04,17.2888,,6.7257,6.5,8.835281
2026-06-05,17.4755,,6.6554,6.5,8.834391
