date,AAPL,MSFT,NVDA,AMZN,GOOGL
2021-01-04,125.74089050292969,207.95606994628906,13.060795783996582,159.3314971923828,85.5990219116211
2021-01-05,127.29546356201172,208.15672302246094,13.350875854492188,160.92550659179688,86.28933715820312
2021-01-06,123.01052856445312,202.7593536376953,12.563800811767578,156.91900634765625,85.43785858154297
2021-01-07,127.2080307006836,208.529296875,13.290369033813477,158.10800170898438,87.9897689819336
2021-01-08,128.3059844970703,209.79981994628906,13.223389625549316,159.13499450683594,89.15463256835938
2021-01-11,125.32302856445312,207.76507568359375,13.566755294799805,155.7104949951172,87.09465789794922
2021-01-12,125.1481704711914,205.31951904296875,13.43055248260498,156.04150390625,86.15939331054688
2021-01-13,127.17888641357422,206.66651916503906,13.477364540100098,158.29449462890625,86.6463851928711
2021-01-14,125.25503540039062,203.4949493408203,13.147196769714355,156.37350463867188,85.83656311035156
2021-01-15,123.53520202636719,203.14146423339844,12.807817459106445,155.21249389648438,85.67290496826172
2021-01-19,124.20565795898438,206.7620391845703,12.972902297973633,156.03799438476562,88.49211883544922
2021-01-20,128.2865753173828,214.30874633789062,13.312033653259277,163.16900634765625,93.2329330444336
2021-01-21,132.9893341064453,214.91061401367188,13.81176471710205,165.34950256347656,93.43524932861328
2021-01-22,135.126953125,215.8468017578125,13.657387733459473,164.6114959716797,93.8523178100586
2021-01-25,138.8677978515625,219.2667236328125,13.598376274108887,164.6999969482422,93.93760681152344
2021-01-26,139.10098266601562,221.94146728515625,13.381253242492676,166.30650329589844,94.61549377441406
2021-01-27,138.03221130371094,222.4860076904297,12.86583423614502,161.62899780273438,90.20148468017578
2021-01-28,133.20309448242188,228.2463836669922,12.998543739318848,161.88099670410156,91.90044403076172
2021-01-29,128.21852111816406,221.5880889892578,12.937543869018555,160.30999755859375,90.61902618408203
2021-02-01,130.3367156982422,228.9341583251953,13.183798789978027,167.1439971923828,93.87760925292969
2021-02-02,131.16261291503906,228.8004608154297,13.502265930175781,169.0,95.16941833496094
2021-02-03,130.1423797607422,232.1343994140625,13.476119041442871,165.62649536132812,102.10014343261719
2021-02-04,133.4945831298828,231.18865966796875,13.609331130981445,166.5500030517578,101.83979797363281
2021-02-05,133.0810089111328,231.37017822265625,13.536377906799316,167.6074981689453,103.58536529541016
2021-02-08,133.22698974609375,231.62811279296875,14.380719184875488,166.14700317382812,103.37163543701172
2021-02-09,132.35116577148438,232.86997985839844,14.205924987792969,165.25,102.91888427734375
2021-02-10,131.74789428710938,231.96246337890625,14.704909324645996,164.32899475097656,103.46881866455078
2021-02-11,131.49485778808594,233.55780029296875,15.18945598602295,163.10650634765625,103.58140563964844
2021-02-12,131.72840881347656,234.035400390625,14.90112018585205,163.885498046875,103.89282989501953
2021-02-16,129.6070556640625,232.80311584472656,15.268636703491211,163.44749450683594,104.66991424560547
2021-02-17,127.3202896118164,233.81802368164062,14.846091270446777,165.4320068359375,105.06265258789062
2021-02-18,126.2206802368164,233.42544555664062,14.769403457641602,166.4114990234375,104.42741394042969
2021-02-19,126.3763656616211,230.72532653808594,14.866510391235352,162.4949951171875,103.5843734741211
2021-02-22,122.61048889160156,224.54002380371094,14.298054695129395,159.03700256347656,101.87102508544922
2021-02-23,122.47422790527344,223.3527374267578,14.085163116455078,159.72500610351562,102.16162109375
2021-02-24,121.97795867919922,224.5783233642578,14.440727233886719,157.97650146484375,103.33641815185547
2021-02-25,117.7352523803711,219.2546844482422,13.254015922546387,152.85800170898438,99.97123718261719
2021-02-26,117.99798583984375,222.5005340576172,13.659382820129395,154.64649963378906,100.26680755615234
2021-03-01,124.35232543945312,226.86668395996094,13.786118507385254,157.3070068359375,102.63471984863281
2021-03-02,121.7541732788086,223.92718505859375,13.352370262145996,154.72650146484375,102.37784576416016
2021-03-03,118.7764663696289,217.8854522705078,12.75328540802002,150.25,99.74609375
2021-03-04,116.89839935302734,217.0907745361328,12.320531845092773,148.8784942626953,100.86286926269531
2021-03-05,118.15367889404297,221.75369262695312,12.411416053771973,150.0229949951172,103.99398040771484
2021-03-08,113.22979736328125,217.72268676757812,11.546655654907227,147.59750366210938,99.55219268798828
2021-03-09,117.83256530761719,223.841064453125,12.474235534667969,153.1425018310547,101.1817398071289
2021-03-10,116.75243377685547,222.53884887695312,12.422425270080566,152.8820037841797,100.97494506835938
2021-03-11,118.67915344238281,227.04861450195312,12.9457426071167,155.67950439453125,104.16605377197266
2021-03-12,117.77416229248047,225.72727966308594,12.808749198913574,154.47450256347656,101.65978240966797
2021-03-15,120.65453338623047,224.8272247314453,13.142765998840332,154.08399963378906,101.87996673583984
2021-03-16,122.19204711914062,227.6039581298828,13.242401123046875,154.59300231933594,103.34040069580078
2021-03-17,121.40383911132812,226.9624481201172,13.292216300964355,156.7864990234375,103.25758361816406
2021-03-18,117.28763580322266,220.91110229492188,12.675741195678711,151.39950561523438,100.23853302001953
2021-03-19,116.76214599609375,220.55685424804688,12.798539161682129,153.7480010986328,100.51722717285156
2021-03-22,120.07071685791016,225.9571075439453,13.137787818908691,155.5435028076172,100.70220184326172
2021-03-23,119.24356079101562,227.4794464111328,13.022713661193848,156.875,101.22984313964844
2021-03-24,116.85948181152344,225.4495849609375,12.596534729003906,154.35350036621094,100.79344940185547
2021-03-25,117.34600067138672,222.46221923828125,12.489176750183105,152.31300354003906,100.78997802734375
2021-03-26,117.94932556152344,226.42626953125,12.792061805725098,152.60150146484375,100.4066390991211
2021-03-29,118.12448120117188,225.23895263671875,12.90066146850586,153.7864990234375,101.45099639892578
2021-03-30,116.67456817626953,221.99310302734375,12.824440956115723,152.76449584960938,101.48473358154297
2021-03-31,118.86405181884766,225.74642944335938,13.299190521240234,154.70399475097656,102.28064727783203
2021-04-01,119.6911849975586,232.04669189453125,13.76098918914795,158.0500030517578,105.61607360839844
2021-04-05,122.51316833496094,238.48101806640625,13.936091423034668,161.3365020751953,110.03852844238281
2021-04-06,122.81482696533203,237.3224334716797,13.81055736541748,161.1909942626953,109.55750274658203
2021-04-07,124.45938110351562,239.2756805419922,14.09151840209961,163.96949768066406,111.0338134765625
2021-04-08,126.85320281982422,242.48324584960938,14.264383316040039,164.96499633789062,111.59913635253906
2021-04-09,129.42218017578125,244.97274780273438,14.347075462341309,168.61000061035156,112.60284423828125
2021-04-12,127.70951843261719,245.0301971435547,15.153101921081543,168.96949768066406,111.3110122680664
2021-04-13,130.813720703125,247.50047302246094,15.621870040893555,170.0,111.79749298095703
2021-04-14,128.47828674316406,244.72378540039062,15.220852851867676,166.64999389648438,111.17662048339844
2021-04-15,130.88182067871094,248.46754455566406,16.077939987182617,168.95449829101562,113.32585906982422
2021-04-16,130.55099487304688,249.6548309326172,15.854020118713379,169.9720001220703,113.2018814086914
2021-04-19,131.21270751953125,247.7398681640625,15.305292129516602,168.60049438476562,113.54952239990234
2021-04-20,129.52920532226562,247.28028869628906,15.115490913391113,166.7344970703125,113.01641845703125
2021-04-21,129.90872192382812,249.50160217285156,15.304044723510742,168.1009979248047,112.98368835449219
2021-04-22,128.3906707763672,246.2366180419922,14.795671463012695,165.45199584960938,111.70277404785156
2021-04-23,130.70664978027344,250.04747009277344,15.209146499633789,167.04400634765625,114.05384826660156
2021-04-26,131.0959014892578,250.43038940429688,15.421113014221191,170.4499969482422,114.54974365234375
2021-04-27,130.77476501464844,250.83258056640625,15.325218200683594,170.8715057373047,113.6100082397461
2021-04-28,129.986572265625,243.7375946044922,15.220603942871094,172.9250030517578,116.9851303100586
2021-04-29,129.8892364501953,241.7747039794922,15.26842975616455,173.5655059814453,118.65729522705078
2021-04-30,127.92362976074219,241.458740234375,14.954337120056152,173.37100219726562,116.71038055419922
2021-05-03,128.9745635986328,241.1523895263672,14.782219886779785,169.32449340820312,116.19367218017578
2021-05-04,124.41072082519531,237.25540161132812,14.298504829406738,165.593505859375,114.3960189819336
2021-05-05,124.65399932861328,235.99151611328125,14.405363082885742,163.52699279785156,114.7897720336914
2021-05-06,126.2498550415039,239.11293029785156,14.469625473022461,165.31849670410156,115.90951538085938
2021-05-07,126.92243194580078,241.72686767578125,14.757811546325684,164.58050537109375,116.63253784179688
2021-05-10,123.64729309082031,236.6713409423828,14.213318824768066,159.52450561523438,113.64820098876953
2021-05-11,122.73102569580078,235.76170349121094,14.253670692443848,161.19549560546875,112.57257843017578
2021-05-12,119.67029571533203,228.839111328125,13.70793628692627,157.5970001220703,109.11071014404297
2021-05-13,121.81473541259766,232.69775390625,13.615028381347656,158.07350158691406,110.53839874267578
2021-05-14,124.23211669921875,237.60008239746094,14.190652847290039,161.14500427246094,112.98516845703125
2021-05-17,123.08191680908203,234.75636291503906,14.113436698913574,163.51950073242188,113.50785827636719
2021-05-18,121.69779205322266,232.74563598632812,13.964239120483398,161.61399841308594,112.1961898803711
2021-05-19,121.54181671142578,233.3214874267578,14.014053344726562,161.58999633789062,112.64400482177734
2021-05-20,124.09567260742188,236.5460662841797,14.558795928955078,162.38400268554688,114.4019775390625
2021-05-21,122.26313018798828,235.28884887695312,14.936651229858398,160.1540069580078,113.76622772216797
2021-05-24,123.89095306396484,240.6727294921875,15.554621696472168,162.24949645996094,117.08431243896484
2021-05-25,123.6960220336914,241.57484436035156,15.590238571166992,162.95249938964844,117.17504119873047
2021-05-26,123.64729309082031,241.3541259765625,15.642295837402344,163.25799560546875,118.03990936279297
2021-05-27,122.11692810058594,239.26193237304688,15.431077003479004,161.5054931640625,117.16564178466797
2021-05-28,121.46385192871094,239.6170654296875,16.184797286987305,161.15350341796875,116.87651824951172
2021-06-01,121.14218139648438,237.428955078125,16.20472526550293,160.9324951171875,118.08304595947266
2021-06-02,121.90245819091797,237.3330078125,16.716585159301758,161.69949340820312,117.55789184570312
2021-06-03,120.42084503173828,235.80709838867188,16.907384872436523,159.35049438476562,116.41681671142578
2021-06-04,122.7115249633789,240.6823272705078,17.513643264770508,160.31100463867188,118.69745635986328
2021-06-07,122.72126770019531,243.58059692382812,17.554241180419922,159.90049743652344,119.13037872314453
2021-06-08,123.5400619506836,242.390625,17.39284324645996,163.20550537109375,118.93896484375
2021-06-09,123.92019653320312,243.36949157714844,17.298418045043945,164.0574951171875,119.41007995605469
2021-06-10,122.92594909667969,246.8723907470703,17.364938735961914,167.4824981689453,120.75843811035156
2021-06-11,124.1346664428711,247.49620056152344,17.763805389404297,167.3415069580078,120.51396179199219
2021-06-14,127.18563842773438,249.41561889648438,17.956636428833008,169.19349670410156,121.44178771972656
2021-06-15,126.3668212890625,247.94723510742188,17.727182388305664,169.156494140625,120.42420196533203
2021-06-16,126.86396026611328,247.00672912597656,17.74885368347168,170.7624969482422,119.7824935913086
2021-06-17,128.4625701904297,250.38482666015625,18.592941284179688,174.46200561523438,120.74554443359375
2021-06-18,127.16613006591797,248.97415161132812,18.574501037597656,174.34500122070312,119.12641906738281
2021-06-21,128.95968627929688,252.04510498046875,18.363725662231445,172.697998046875,120.81397247314453
2021-06-22,130.59722900390625,254.80908203125,18.821643829345703,175.27200317382812,121.32772827148438
2021-06-23,130.3243408203125,254.57872009277344,18.991558074951172,175.1909942626953,121.12590026855469
2021-06-24,130.0416717529297,255.94151306152344,19.13929557800293,172.45399475097656,121.4958267211914
2021-06-25,129.7492218017578,254.33880615234375,18.96540069580078,170.072998046875,121.5042724609375
2021-06-28,131.37705993652344,257.8897399902344,19.916112899780273,172.1945037841797,121.53154754638672
2021-06-29,132.88795471191406,260.4616394042969,19.957719802856445,172.40699768066406,121.27020263671875
2021-06-30,133.50201416015625,259.9818115234375,19.933555603027344,172.00799560546875,121.08870697021484
2021-07-01,133.80422973632812,260.653564453125,20.142332077026367,171.64849853515625,121.44080352783203
2021-07-02,136.42626953125,266.459716796875,20.416383743286133,175.5489959716797,124.23072814941406
2021-07-06,138.43421936035156,266.4693908691406,20.62714958190918,183.78700256347656,125.15558624267578
2021-07-07,140.9198760986328,268.64794921875,20.301530838012695,184.82899475097656,125.437255859375
2021-07-08,139.62347412109375,266.2390441894531,19.834148406982422,186.57049560546875,124.01896667480469
2021-07-09,141.4462432861328,266.7380676269531,19.98113441467285,185.9669952392578,124.4896011352539
2021-07-12,140.85166931152344,266.14300537109375,20.44179344177246,185.92750549316406,125.93465423583984
2021-07-13,141.96286010742188,269.65557861328125,20.180200576782227,183.8679962158203,126.29765319824219
2021-07-14,145.38424682617188,271.12396240234375,19.773103713989258,184.08399963378906,127.18580627441406
2021-07-15,144.7311553955078,269.7035217285156,18.90087127685547,181.55999755859375,125.96390533447266
2021-07-16,142.69395446777344,269.43487548828125,18.09839630126953,178.68150329589844,125.92920684814453
2021-07-19,138.8534393310547,265.8455505371094,18.715015411376953,177.47950744628906,123.55679321289062
2021-07-20,142.45997619628906,268.0624694824219,18.547847747802734,178.6595001220703,125.1749267578125
2021-07-21,141.72891235351562,270.05865478515625,19.343093872070312,179.25999450683594,126.50345611572266
2021-07-22,143.0935821533203,274.6076354980469,19.526458740234375,181.90150451660156,127.36878967285156
2021-07-23,144.8091278076172,277.9953308105469,19.49057960510254,182.83200073242188,131.9246368408203
2021-07-26,145.22833251953125,277.4002990722656,19.227493286132812,184.99099731445312,132.93629455566406
2021-07-27,143.06436157226562,274.9915466308594,19.14179229736328,181.3195037841797,130.8187713623047
2021-07-28,141.3195343017578,274.6843566894531,19.435773849487305,181.51600646972656,134.9783935546875
2021-07-29,141.96286010742188,274.95306396484375,19.594226837158203,179.99600219726562,134.66448974609375
2021-07-30,142.1773223876953,273.4272155761719,19.431787490844727,166.37950134277344,133.62210083007812
2021-08-02,141.84591674804688,273.3408508300781,19.68192481994629,166.57400512695312,133.7490692138672
2021-08-03,143.63941955566406,275.5481872558594,19.7466983795166,168.31199645996094,134.51821899414062
2021-08-04,143.2397918701172,274.9627380371094,20.204111099243164,167.73599243164062,134.01785278320312
2021-08-05,143.34701538085938,277.85137939453125,20.565866470336914,168.79949951171875,135.1345977783203
2021-08-06,142.66368103027344,277.7938232421875,20.295795440673828,167.2469940185547,134.6258087158203
2021-08-09,142.6148681640625,276.7093811035156,20.225040435791016,167.093505859375,135.7906951904297
2021-08-10,142.1365509033203,274.8955993652344,19.86728286743164,166.03399658203125,135.68557739257812
2021-08-11,142.39035034179688,275.3849792480469,19.631093978881836,164.60549926757812,135.16189575195312
2021-08-12,145.34825134277344,278.1297607421875,19.83638572692871,165.1750030517578,136.06939697265625
2021-08-13,145.55328369140625,281.04718017578125,20.118412017822266,164.69850158691406,136.5985107421875
2021-08-16,147.52520751953125,282.72662353515625,19.881229400634766,164.94949340820312,137.1757354736328
2021-08-17,146.61734008789062,281.26788330078125,19.39093017578125,162.09800720214844,135.541259765625
2021-08-18,142.87843322753906,279.5467834472656,18.9743709564209,160.06100463867188,134.3386993408203
2021-08-19,143.21035766601562,285.3543701171875,19.729759216308594,159.3874969482422,134.5677947998047
2021-08-20,144.66490173339844,292.6524658203125,20.744251251220703,159.99749755859375,136.30296325683594
2021-08-23,146.1487579345703,292.9313049316406,21.882314682006836,163.2935028076172,138.8935546875
2021-08-24,146.06088256835938,290.9794921875,21.71788215637207,165.28900146484375,140.1035614013672
2021-08-25,144.83087158203125,290.3929138183594,22.136430740356445,164.95899963378906,140.91432189941406
2021-08-26,144.0303497314453,287.585205078125,21.991931915283203,165.8000030517578,140.28109741210938
2021-08-27,145.0651397705078,288.19097900390625,22.557973861694336,167.48150634765625,142.82357788085938
2021-08-30,149.47763061523438,291.91204833984375,22.60979652404785,171.07850646972656,143.40524291992188
2021-08-31,148.2183074951172,290.26788330078125,22.311771392822266,173.5395050048828,143.5113525390625
2021-09-01,148.88214111328125,290.21978759765625,22.367591857910156,173.9499969482422,144.02511596679688
2021-09-02,149.99497985839844,289.5659484863281,22.322738647460938,173.156005859375,142.11244201660156
2021-09-03,150.62957763671875,289.55633544921875,22.76827621459961,173.90249633789062,142.56121826171875
2021-09-07,152.96270751953125,288.63330078125,22.587862014770508,175.46449279785156,143.0978240966797
2021-09-08,151.42030334472656,288.66217041015625,22.265920639038086,176.27499389648438,142.51312255859375
2021-09-09,150.40504455566406,285.81597900390625,22.104454040527344,174.20799255371094,142.36436462402344
2021-09-10,145.42636108398438,284.335205078125,22.404468536376953,173.45750427246094,139.72122192382812
2021-09-13,145.9925537109375,285.5660095214844,22.07953643798828,172.85850524902344,141.165771484375
2021-09-14,144.59657287597656,288.2582702636719,22.16924285888672,172.5,141.37600708007812
2021-09-15,145.4849090576172,293.0947265625,22.267915725708008,173.7895050048828,143.24559020996094
2021-09-16,145.25064086914062,293.4793701171875,22.16924285888672,174.41200256347656,142.43280029296875
2021-09-17,142.58554077148438,288.33526611328125,21.82835578918457,173.12600708007812,139.64581298828125
2021-09-20,139.53981018066406,282.9794616699219,21.04393768310547,167.7864990234375,137.58236694335938
2021-09-21,140.0181121826172,283.4601745605469,21.176498413085938,167.18150329589844,137.893310546875
2021-09-22,142.38059997558594,287.0948791503906,21.86922836303711,169.00250244140625,139.13356018066406
2021-09-23,143.3372802734375,288.037109375,22.408456802368164,170.8000030517578,140.0584259033203
2021-09-24,143.4251251220703,287.83514404296875,22.008764266967773,171.2760009765625,141.0492401123047
2021-09-27,141.91197204589844,282.8544616699219,21.589147567749023,170.2899932861328,139.9156036376953
2021-09-28,138.53428649902344,272.61407470703125,20.631284713745117,165.79800415039062,134.71656799316406
2021-09-29,139.4324188232422,273.07568359375,20.449886322021484,165.05599975585938,133.25218200683594
2021-09-30,138.1340789794922,271.0757141113281,20.648231506347656,164.2519989013672,132.5802459716797
2021-10-01,139.25669860839844,277.9794616699219,20.674148559570312,164.16299438476562,135.42372131347656
2021-10-04,135.8301544189453,272.2198486328125,19.667449951171875,159.48899841308594,132.56385803222656
2021-10-05,137.75331115722656,277.6525573730469,20.38410186767578,161.0500030517578,134.9080047607422
2021-10-06,138.62213134765625,281.835205078125,20.63228416442871,163.10049438476562,136.43736267089844
2021-10-07,139.88145446777344,283.50830078125,21.006061553955078,165.1215057373047,138.08377075195312
2021-10-08,139.50076293945312,283.50830078125,20.762853622436523,164.43099975585938,138.6396484375
2021-10-11,139.41285705566406,282.91217041015625,20.62729835510254,162.31500244140625,137.77529907226562
2021-10-12,138.14376831054688,281.614013671875,20.60338020324707,162.3665008544922,135.3304901123047
2021-10-13,137.55810546875,284.91217041015625,20.87050437927246,164.21400451660156,136.45420837402344
2021-10-14,140.34027099609375,291.1043701171875,21.674863815307617,164.9929962158203,139.9939422607422
2021-10-15,141.3946075439453,292.5082092285156,21.790483474731445,170.4510040283203,140.20919799804688
2021-10-18,143.06394958496094,295.46978759765625,22.149307250976562,172.33700561523438,141.60763549804688
2021-10-19,145.22137451171875,296.3736572265625,22.217084884643555,172.20750427246094,142.06285095214844
2021-10-20,145.70944213867188,295.5850830078125,22.03069305419922,170.7530059814453,140.6068878173828
2021-10-21,145.9242401123047,298.8063659667969,22.617765426635742,171.75050354003906,140.7229461669922
2021-10-22,145.1530303955078,297.2678527832031,22.651657104492188,166.77749633789062,136.4388427734375
2021-10-25,145.10421752929688,296.2774658203125,23.0902156829834,166.01849365234375,136.32034301757812
2021-10-26,145.76800537109375,298.1812744140625,24.63614273071289,168.80349731445312,138.1665496826172
2021-10-27,145.30921936035156,310.7389831542969,24.37101173400879,169.62449645996094,145.01890563964844
2021-10-28,148.94073486328125,311.87353515625,24.859407424926758,172.32850646972656,144.65341186523438
2021-10-29,146.23660278320312,318.8638610839844,25.48335838317871,168.6215057373047,146.8324432373047
2021-11-01,145.41659545898438,316.70037841796875,25.742515563964844,165.90550231933594,142.32073974609375
2021-11-02,146.45138549804688,320.31585693359375,26.314632415771484,165.6374969482422,144.24037170410156
2021-11-03,147.8863983154297,321.15234375,26.5109920501709,169.1999969482422,145.39630126953125
2021-11-04,147.36904907226562,323.49847412109375,29.70351791381836,173.85000610351562,147.05210876464844
2021-11-05,147.8969268798828,323.1330261230469,29.654674530029297,175.94949340820312,147.63182067871094
2021-11-08,147.0757293701172,324.0273132324219,30.703231811523438,174.44900512695312,147.8093719482422
2021-11-09,147.43746948242188,323.0273742675781,30.556711196899414,178.81149291992188,147.69778442382812
2021-11-10,144.61207580566406,318.0754089355469,29.362634658813477,174.1024932861328,144.6975555419922
2021-11-11,144.56320190429688,319.6427307128906,30.29058837890625,173.625,144.57162475585938
2021-11-12,146.63577270507812,323.7677001953125,30.29058837890625,176.25750732421875,147.459228515625
2021-11-15,146.64553833007812,323.1427307128906,29.92677879333496,177.28399658203125,147.235107421875
2021-11-16,147.62319946289062,326.4504089355469,30.104196548461914,177.03500366210938,146.66380310058594
2021-11-17,150.05751037597656,326.67193603515625,29.165279388427734,177.4499969482422,146.83340454101562
2021-11-18,154.33956909179688,328.7430419921875,31.571378707885742,184.80299377441406,148.6102294921875
2021-11-19,156.9596710205078,330.5155029296875,32.87710189819336,183.82850646972656,147.70570373535156
2021-11-22,157.4191436767578,327.35595703125,31.851465225219727,178.6284942626953,145.1027374267578
2021-11-23,157.80039978027344,325.2848205566406,31.64215087890625,179.0019989013672,144.58697509765625
2021-11-24,158.31854248046875,325.5063781738281,32.567115783691406,179.02049255371094,144.92222595214844
2021-11-26,153.3032684326172,317.5784606933594,31.399948120117188,175.22799682617188,141.01747131347656
2021-11-29,156.6566162109375,324.27337646484375,33.26681900024414,178.07850646972656,144.33755493164062
2021-11-30,161.6034393310547,318.45501708984375,32.5691032409668,175.35350036621094,140.73435974121094
2021-12-01,161.08526611328125,317.9637756347656,31.33600425720215,172.18600463867188,139.89527893066406
2021-12-02,160.09780883789062,317.3953857421875,32.02482604980469,171.8679962158203,141.79409790039062
2021-12-03,158.2207794189453,311.1532897949219,30.59634017944336,169.489501953125,140.83749389648438
2021-12-06,161.62295532226562,314.21661376953125,29.94240951538086,171.36849975585938,141.9815216064453
2021-12-07,167.35194396972656,322.62615966796875,32.32487869262695,176.1645050048828,146.06228637695312
2021-12-08,171.16470336914062,322.67431640625,31.72577667236328,176.1580047607422,146.97177124023438
2021-12-09,170.6563262939453,320.8729248046875,30.39397621154785,174.17100524902344,146.42828369140625
2021-12-10,175.4369659423828,329.96636962890625,30.1028995513916,172.21200561523438,146.7882843017578
2021-12-13,171.80995178222656,326.941650390625,28.072315216064453,169.5675048828125,144.63113403320312
2021-12-14,170.4314727783203,316.2876892089844,28.24776268005371,169.0915069580078,142.72735595703125
2021-12-15,175.2903289794922,322.3659973144531,30.363079071044922,173.31500244140625,145.24057006835938
2021-12-16,168.40774536132812,312.97393798828125,28.297603607177734,168.87100219726562,143.2609405517578
2021-12-17,167.31280517578125,311.914306640625,27.713449478149414,170.0175018310547,140.56324768066406
2021-12-20,165.9539031982422,308.1671142578125,27.63170623779297,167.07899475097656,140.44622802734375
2021-12-21,169.12142944335938,315.2762145996094,28.983436584472656,170.41700744628906,142.29644775390625
2021-12-22,171.71217346191406,320.96923828125,29.30740737915039,171.03700256347656,145.2147674560547
2021-12-23,172.337890625,322.4045715332031,29.546655654907227,171.06849670410156,145.7122039794922
2021-12-27,176.2973175048828,329.8797912597656,30.84754753112793,169.66949462890625,146.69407653808594
2021-12-28,175.28054809570312,328.72381591796875,30.22650718688965,170.66099548339844,145.48458862304688
2021-12-29,175.3685302734375,329.3980407714844,29.906518936157227,169.2010040283203,145.45281982421875
2021-12-30,174.2149200439453,326.8645324707031,29.492826461791992,168.64450073242188,145.00204467773438
2021-12-31,173.59901428222656,323.9747314453125,29.31838035583496,166.7169952392578,143.6646270751953
2022-01-03,177.939697265625,322.46240234375,30.026142120361328,170.4044952392578,143.80296325683594
2022-01-04,175.68138122558594,316.93304443359375,29.197757720947266,167.52200317382812,143.2158203125
2022-01-05,171.00827026367188,304.7666931152344,27.51706886291504,164.35699462890625,136.6456298828125
2022-01-06,168.15357971191406,302.3583679199219,28.08926010131836,163.25399780273438,136.61834716796875
2022-01-07,168.31976318359375,302.5125427246094,27.16119384765625,162.5540008544922,135.8938446044922
2022-01-10,168.33932495117188,302.7341613769531,27.31371307373047,161.48599243164062,137.5327911376953
2022-01-11,171.16470336914062,303.4180908203125,27.72939682006836,165.36199951171875,138.59054565429688
2022-01-12,171.60464477539062,306.5872802734375,27.910823822021484,165.20700073242188,140.27114868164062
2022-01-13,168.33932495117188,293.6116943359375,26.491313934326172,161.21400451660156,137.45098876953125
2022-01-14,169.1996612548828,298.8134765625,26.857154846191406,162.13800048828125,138.33714294433594
2022-01-18,166.00277709960938,291.5406188964844,25.82142448425293,158.91749572753906,134.88320922851562
2022-01-19,162.51260375976562,292.1956481933594,24.988056182861328,156.2989959716797,134.00892639160156
2022-01-20,160.8311004638672,290.5292053222656,24.07394790649414,151.66749572753906,132.21473693847656
2022-01-21,158.7780303955078,285.16363525390625,23.300390243530273,142.64300537109375,129.28297424316406
2022-01-24,158.0056915283203,285.4911193847656,23.29839324951172,144.54400634765625,129.73178100585938
2022-01-25,156.2068634033203,277.900390625,22.253700256347656,139.98599243164062,125.89448547363281
2022-01-26,156.118896484375,285.81866455078125,22.700284957885742,138.87249755859375,128.17364501953125
2022-01-27,155.65940856933594,288.8338317871094,21.874895095825195,139.6374969482422,127.947509765625
2022-01-28,166.5209197998047,296.9447021484375,22.7680721282959,143.97799682617188,132.25790405273438
2022-01-31,170.87139892578125,299.5648498535156,24.408893585205078,149.57350158691406,134.19439697265625
2022-02-01,170.7052001953125,297.4264221191406,24.560409545898438,151.19349670410156,136.51568603515625
2022-02-02,171.90771484375,301.953857421875,25.162508010864258,150.6125030517578,146.78680419921875
2022-02-03,169.03346252441406,290.19207763671875,23.872583389282227,138.8455047607422,141.9170379638672
2022-02-04,168.7495880126953,294.7098693847656,24.242416381835938,157.63949584960938,142.11839294433594
2022-02-07,168.03497314453125,289.9030456542969,24.650127410888672,157.9355010986328,138.0599365234375
2022-02-08,171.1380615234375,293.38055419921875,25.028928756713867,161.4134979248047,138.25633239746094
2022-02-09,172.5574493408203,299.7864074707031,26.62089729309082,161.1894989013672,140.4313201904297
2022-02-10,168.4852752685547,291.2806091308594,25.74267578125,159.0034942626953,137.48367309570312
2022-02-11,165.0787811279297,284.2100524902344,23.873580932617188,153.2935028076172,133.18174743652344
2022-02-14,165.31375122070312,284.1715087890625,24.190576553344727,155.16700744628906,134.41505432128906
2022-02-15,169.1411590576172,289.4407043457031,26.411563873291016,156.510498046875,135.48870849609375
2022-02-16,168.9062042236328,289.1028137207031,26.427513122558594,158.10049438476562,136.60894775390625
2022-02-17,165.31375122070312,280.6372985839844,24.429824829101562,154.65249633789062,131.4525604248047
2022-02-18,163.76707458496094,277.93450927734375,23.567543029785156,152.60150146484375,129.3340606689453
2022-02-22,160.8499755859375,277.7317810058594,23.31634521484375,150.19749450683594,128.74940490722656
2022-02-23,156.68975830078125,270.5404052734375,22.316497802734375,144.82699584960938,126.54212951660156
2022-02-24,159.30335998535156,284.3632507324219,23.673213958740234,151.35800170898438,131.60328674316406
2022-02-25,161.36880493164062,286.9888000488281,24.0809268951416,153.7884979248047,133.3572998046875
2022-02-28,161.6331024169922,288.4175109863281,24.308204650878906,153.56300354003906,133.9499053955078
2022-03-01,159.75364685058594,284.71087646484375,23.403066635131836,151.14199829101562,132.96255493164062
2022-03-02,163.042724609375,289.7688903808594,24.14784049987793,152.05250549316406,133.46839904785156
2022-03-03,162.71966552734375,285.6470947265625,23.643346786499023,147.89849853515625,132.80189514160156
2022-03-04,159.7242889404297,279.7975158691406,22.867666244506836,145.64100646972656,130.8252410888672
2022-03-07,155.93606567382812,269.2275695800781,21.28838348388672,137.4530029296875,125.3425521850586
2022-03-08,154.11532592773438,266.2738342285156,21.449901580810547,136.01449584960938,126.0625991821289
2022-03-09,159.50894165039062,278.4847106933594,22.9454345703125,139.2790069580078,132.32630920410156
2022-03-10,155.1724853515625,275.67572021484375,22.59049415588379,146.8175048828125,131.34396362304688
2022-03-11,151.46249389648438,270.3473205566406,22.034154891967773,145.52450561523438,128.80592346191406
2022-03-14,147.4393310546875,266.84332275390625,21.26645278930664,141.85299682617188,124.91854858398438
2022-03-15,151.8148956298828,277.18157958984375,22.904556274414062,147.3665008544922,128.13894653320312
2022-03-16,156.2198486328125,284.17022705078125,24.42301368713379,153.10400390625,132.18797302246094
2022-03-17,157.22808837890625,284.97137451171875,24.692214965820312,157.23899841308594,132.74188232421875
2022-03-18,160.51718139648438,290.0005187988281,26.374181747436523,161.25050354003906,135.00967407226562
2022-03-21,161.88763427734375,288.774658203125,26.65435028076172,161.4915008544922,134.98583984375
2022-03-22,165.25498962402344,293.5045166015625,26.444978713989258,164.88900756835938,138.7214813232422
2022-03-23,166.61561584472656,289.09320068359375,25.557628631591797,163.4080047607422,137.14199829101562
2022-03-24,170.39413452148438,293.543212890625,28.06613540649414,163.64950561523438,140.4114990234375
2022-03-25,171.0303497314453,293.1377258300781,27.6094970703125,164.77349853515625,140.5116729736328
2022-03-28,171.89178466796875,299.9140319824219,28.13492774963379,168.99049377441406,140.2959747314453
2022-03-29,175.1808319091797,304.46051025390625,28.57062339782715,169.31500244140625,141.3373260498047
2022-03-30,174.01596069335938,302.96435546875,27.607501983642578,166.30099487304688,140.77499389648438
2022-03-31,170.92269897460938,297.6070251464844,27.20470428466797,162.99749755859375,137.92752075195312
2022-04-01,170.6290283203125,298.6784973144531,26.632417678833008,163.55999755859375,139.0016632080078
2022-04-04,174.6718292236328,304.03582763671875,27.278488159179688,168.34649658203125,141.7995147705078
2022-04-05,171.36317443847656,300.08782958984375,25.853740692138672,164.05499267578125,139.43853759765625
2022-04-06,168.201416015625,289.1028137207031,24.33428192138672,158.75599670410156,135.42868041992188
2022-04-07,168.50485229492188,290.9079895019531,24.135873794555664,157.7845001220703,134.7745819091797
2022-04-08,166.49815368652344,286.66064453125,23.05012321472168,154.4604949951172,132.19491577148438
2022-04-11,162.24978637695312,275.3572082519531,21.851699829101562,151.1219940185547,127.76752471923828
2022-04-12,164.11949157714844,272.26824951171875,21.439931869506836,150.78750610351562,126.66761016845703
2022-04-13,166.80162048339844,277.63519287109375,22.1368465423584,155.54100036621094,128.8292236328125
2022-04-14,161.7995147705078,270.1156921386719,21.194664001464844,151.7064971923828,125.69117736816406
2022-04-18,161.58416748046875,270.78167724609375,21.718101501464844,152.78500366210938,126.62989807128906
2022-04-19,163.8649444580078,275.39581298828125,22.13186264038086,158.11549377441406,128.94326782226562
2022-04-20,163.6985321044922,276.4189453125,21.41799545288086,153.9980010986328,126.99042510986328
2022-04-21,162.90565490722656,271.0616455078125,20.122867584228516,148.29600524902344,123.7913589477539
2022-04-22,158.37338256835938,264.5169372558594,19.456857681274414,144.35000610351562,118.65481567382812
2022-04-25,159.44041442871094,270.9747619628906,19.84270477294922,146.07400512695312,122.06513977050781
2022-04-26,153.4888153076172,260.8393249511719,18.73202133178711,139.39100646972656,117.67740631103516
2022-04-27,153.26370239257812,273.3880310058594,18.360136032104492,138.16700744628906,113.35761260986328
2022-04-28,160.18434143066406,279.5754089355469,19.723060607910156,144.59649658203125,117.55094146728516
2022-04-29,154.3208465576172,267.8858337402344,18.491744995117188,124.28150177001953,113.17412567138672
2022-05-02,154.62429809570312,274.5946044921875,19.474807739257812,124.5,115.6273422241211
2022-05-03,156.11219787597656,271.9979248046875,19.54360008239746,124.25350189208984,116.3721923828125
2022-05-04,162.51409912109375,279.913330078125,20.27341651916504,125.92849731445312,121.25880432128906
2022-05-05,153.45944213867188,267.7218017578125,18.787857055664062,116.40699768066406,115.55048370361328
2022-05-06,154.18484497070312,265.1927795410156,18.61935806274414,114.77249908447266,114.79769134521484
2022-05-09,149.0675811767578,255.39501953125,16.899497985839844,108.78900146484375,111.5887222290039
2022-05-10,151.4694061279297,260.144287109375,17.54257583618164,108.85900115966797,113.45728302001953
2022-05-11,143.6169891357422,251.5049285888672,16.580453872680664,105.37200164794922,112.67127227783203
2022-05-12,139.75453186035156,246.48550415039062,16.126808166503906,106.93049621582031,111.91899871826172
2022-05-13,144.21499633789062,252.05520629882812,17.65325164794922,113.05500030517578,115.0992202758789
2022-05-16,142.67587280273438,252.4219970703125,17.21256446838379,110.81050109863281,113.50686645507812
2022-05-17,146.30308532714844,257.55731201171875,18.122840881347656,115.36849975585938,115.51824188232422
2022-05-18,138.04879760742188,245.8308563232422,16.887537002563477,107.11250305175781,110.98223114013672
2022-05-19,134.64707946777344,244.92135620117188,17.072980880737305,107.31900024414062,109.47915649414062
2022-05-20,134.88233947753906,244.36016845703125,16.64426612854004,107.59100341796875,108.01525115966797
2022-05-23,140.29371643066406,252.18753051757812,16.847658157348633,107.55699920654297,110.57410430908203
2022-05-24,137.5978546142578,251.19094848632812,16.105871200561523,104.0999984741211,105.10135650634766
2022-05-25,137.7547149658203,253.996826171875,16.92442512512207,106.7750015258789,104.93769073486328
2022-05-26,140.95054626464844,257.2670593261719,17.79781723022461,111.07749938964844,106.90889739990234
2022-05-27,146.6951904296875,264.36871337890625,18.754953384399414,115.14649963378906,111.39581298828125
2022-05-31,145.9109649658203,263.0431823730469,18.61636734008789,120.20950317382812,112.82948303222656
2022-06-01,145.7834930419922,263.575439453125,18.265417098999023,121.68399810791016,112.9583969116211
2022-06-02,148.2343292236328,265.6651916503906,19.533626556396484,125.51100158691406,116.65831756591797
2022-06-03,142.51905822753906,261.25323486328125,18.664230346679688,122.3499984741211,113.60208892822266
2022-06-06,143.2640838623047,260.0245666503906,18.73002815246582,124.79000091552734,115.86289978027344
2022-06-07,145.7834930419922,263.6527404785156,18.869613647460938,123.0,116.18919372558594
2022-06-08,145.0482940673828,261.630615234375,18.596372604370117,121.18000030517578,116.23333740234375
2022-06-09,139.8329620361328,256.193115234375,17.99803352355957,116.1500015258789,113.8941650390625
2022-06-10,134.43142700195312,244.7762451171875,16.927005767822266,109.6500015258789,110.25028228759766
2022-06-13,129.28472900390625,234.39459228515625,15.603680610656738,103.66999816894531,105.52037048339844
2022-06-14,130.14739990234375,236.55215454101562,15.792156219482422,102.30999755859375,105.84072875976562
2022-06-15,132.76486206054688,243.58615112304688,16.481246948242188,107.66999816894531,108.86473083496094
2022-06-16,127.50054168701172,237.01663208007812,15.557809829711914,103.66000366210938,105.16431427001953
2022-06-17,128.9709930419922,239.6095733642578,15.83603572845459,106.22000122070312,106.26522827148438
2022-06-21,133.1962127685547,245.5018768310547,16.520132064819336,108.68000030517578,110.629638671875
2022-06-22,132.68641662597656,244.91168212890625,16.31471061706543,108.94999694824219,110.5736083984375
2022-06-23,135.5489501953125,250.45565795898438,16.180082321166992,112.44000244140625,111.32191467285156
2022-06-24,138.87225341796875,259.0086669921875,17.078582763671875,116.45999908447266,117.00791931152344
2022-06-27,138.87225341796875,256.28985595703125,16.822296142578125,113.22000122070312,114.88398742675781
2022-06-28,134.7352752685547,248.15292358398438,15.937751770019531,107.4000015258789,111.08934783935547
2022-06-29,136.4900665283203,251.8101806640625,15.498970985412598,108.91999816894531,110.78585815429688
2022-06-30,134.0294647216797,248.49156188964844,15.117033004760742,106.20999908447266,108.0698013305664
2022-07-01,136.19598388671875,251.15223693847656,14.482793807983398,109.55999755859375,107.84615325927734
2022-07-05,138.77423095703125,254.3160858154297,14.922572135925293,113.5,112.33455657958984
2022-07-06,140.10743713378906,257.56707763671875,15.088112831115723,114.33000183105469,113.63282775878906
2022-07-07,143.46998596191406,259.6859436035156,15.814095497131348,116.33000183105469,117.80931854248047
2022-07-08,144.14634704589844,258.969970703125,15.794151306152344,115.54000091552734,118.37512969970703
2022-07-11,142.01907348632812,255.9221954345703,15.110051155090332,111.75,114.72827911376953
2022-07-12,142.98959350585938,245.43417358398438,15.040242195129395,109.22000122070312,113.08584594726562
2022-07-13,142.62689208984375,244.5149688720703,15.122016906738281,110.4000015258789,110.44070434570312
2022-07-14,145.54824829101562,245.8308563232422,15.32944107055664,110.62999725341797,109.46279907226562
2022-07-15,147.21478271484375,248.38510131835938,15.718360900878906,113.55000305175781,110.86123657226562
2022-07-18,144.1758270263672,245.99526977539062,16.05642318725586,113.76000213623047,108.1362533569336
2022-07-19,148.02845764160156,251.1038360595703,16.94495391845703,118.20999908447266,112.8770751953125
2022-07-20,150.02828979492188,253.7549285888672,17.757699966430664,122.7699966430664,112.96633911132812
2022-07-21,152.29286193847656,256.2415466308594,18.00002670288086,124.62999725341797,113.40271759033203
2022-07-22,151.0576629638672,251.90687561035156,17.27105140686035,122.41999816894531,107.01551055908203
2022-07-25,149.94004821777344,250.42660522460938,16.976865768432617,121.13999938964844,106.62871551513672
2022-07-26,148.6166229248047,243.7215576171875,16.487226486206055,114.80999755859375,104.15911865234375
2022-07-27,153.70452880859375,260.0148620605469,17.740747451782227,120.97000122070312,112.13320922851562
2022-07-28,154.2534637451172,267.43585205078125,17.93421173095703,122.27999877929688,113.2837142944336
2022-07-29,159.3119354248047,271.625244140625,18.112714767456055,134.9499969482422,115.36649322509766
2022-08-01,158.33160400390625,268.9839172363281,18.389944076538086,135.38999938964844,113.91846466064453
2022-08-02,156.8611297607422,265.8974914550781,18.474708557128906,134.16000366210938,114.18624877929688
2022-08-03,162.8607177734375,273.2991027832031,18.84069061279297,139.52000427246094,117.11206817626953
2022-08-04,162.5469970703125,274.4407653808594,19.16180419921875,142.57000732421875,117.2211685180664
2022-08-05,162.3212127685547,273.7248229980469,18.936426162719727,140.8000030517578,116.50707244873047
2022-08-08,161.8500213623047,271.2189025878906,17.743738174438477,139.41000366210938,116.33847045898438
2022-08-09,161.8990936279297,273.13458251953125,17.038692474365234,137.8300018310547,115.67395782470703
2022-08-10,166.1400146484375,279.7718811035156,18.04689598083496,142.69000244140625,118.71879577636719
2022-08-11,165.4036865234375,277.70135498046875,17.89232635498047,140.63999938964844,117.86582946777344
2022-08-12,168.9475860595703,282.4326477050781,18.65719985961914,143.5500030517578,120.68256378173828
2022-08-15,170.017578125,283.94195556640625,18.979310989379883,143.17999267578125,121.07928466796875
2022-08-16,169.8605499267578,283.2066345214844,18.826732635498047,144.77999877929688,120.70238494873047
2022-08-17,171.35267639160156,282.4600830078125,18.28423500061035,142.10000610351562,118.57003021240234
2022-08-18,170.96002197265625,281.344970703125,18.721025466918945,142.3000030517578,119.1849365234375
2022-08-19,168.3782196044922,277.4472961425781,17.799585342407227,138.22999572753906,116.24919891357422
2022-08-22,164.5005645751953,269.302734375,16.986841201782227,133.22000122070312,113.30355072021484
2022-08-23,164.1667938232422,268.0326232910156,17.133434295654297,133.6199951171875,112.9266586303711
2022-08-24,164.46128845214844,267.4023742675781,17.174320220947266,133.8000030517578,112.75806427001953
2022-08-25,166.91552734375,270.3692932128906,17.863405227661133,137.27999877929688,115.69380187988281
2022-08-26,160.6229248046875,259.93658447265625,16.214981079101562,130.75,109.43550872802734
2022-08-29,158.42391967773438,257.1636047363281,15.757253646850586,129.7899932861328,108.5230484008789
2022-08-30,155.99916076660156,254.9722442626953,15.425175666809082,128.72999572753906,108.04698944091797
2022-08-31,154.34014892578125,253.51783752441406,15.05220890045166,126.7699966430664,107.33290100097656
2022-09-01,155.06655883789062,252.48046875,13.898414611816406,127.81999969482422,108.84043884277344
2022-09-02,152.9559783935547,248.27244567871094,13.609217643737793,127.51000213623047,106.96593475341797
2022-09-06,151.69940185546875,245.54786682128906,13.427720069885254,126.11000061035156,105.93445587158203
2022-09-07,153.1032257080078,250.24069213867188,13.680096626281738,129.47999572753906,108.55281066894531
2022-09-08,151.63070678710938,250.6575927734375,13.955411911010742,129.82000732421875,107.4915771484375
2022-09-09,154.4873809814453,256.4168395996094,14.351432800292969,133.27000427246094,109.74298095703125
2022-09-12,160.43638610839844,258.5404052734375,14.469141006469727,136.4499969482422,109.95124816894531
2022-09-13,151.02207946777344,244.32620239257812,13.098536491394043,126.81999969482422,103.4648666381836
2022-09-14,152.465087890625,244.5491943359375,13.095544815063477,128.5500030517578,104.13928985595703
2022-09-15,149.5789794921875,237.917236328125,12.897037506103516,126.27999877929688,102.0664291381836
2022-09-16,147.93954467773438,237.2967071533203,13.165369033813477,123.52999877929688,101.95732879638672
2022-09-19,151.6503448486328,237.0834197998047,13.348916053771973,124.66000366210938,102.22511291503906
2022-09-20,154.0260009765625,235.07632446289062,13.143424987792969,122.19000244140625,100.31092834472656
2022-09-21,150.90428161621094,231.6827850341797,13.228214263916016,118.54000091552734,98.4661865234375
2022-09-22,149.94219970703125,233.65101623535156,12.529946327209473,117.30999755859375,99.3191146850586
2022-09-23,147.6745147705078,230.68411254882812,12.48505687713623,113.77999877929688,97.93059539794922
2022-09-26,148.00828552246094,230.22842407226562,12.197768211364746,115.1500015258789,97.36527252197266
2022-09-27,148.98016357421875,229.22007751464844,12.38231086730957,114.41000366210938,96.70077514648438
2022-09-28,147.09530639648438,233.73834228515625,12.704513549804688,118.01000213623047,99.22986602783203
2022-09-29,139.87013244628906,230.27688598632812,12.189789772033691,114.80000305175781,96.62142181396484
2022-09-30,135.6685028076172,225.81675720214844,12.108989715576172,113.0,94.86592864990234
2022-10-03,139.84068298339844,233.41831970214844,12.481067657470703,115.87999725341797,97.83142852783203
2022-10-04,143.42385864257812,241.310791015625,13.134448051452637,121.08999633789062,100.80683898925781
2022-10-05,143.71829223632812,241.62106323242188,13.176344871520996,120.94999694824219,100.59854888916016
2022-10-06,142.76608276367188,239.28436279296875,13.097537994384766,120.30000305175781,100.58863830566406
2022-10-07,137.52391052246094,227.11602783203125,12.04614543914795,114.55999755859375,97.87109375
2022-10-10,137.8478546142578,222.2777862548828,11.641148567199707,113.66999816894531,97.05781555175781
2022-10-11,136.43426513671875,218.55458068847656,11.557354927062988,112.20999908447266,96.38337707519531
2022-10-12,135.80596923828125,218.88424682617188,11.471569061279297,112.9000015258789,96.76026916503906
2022-10-13,140.37081909179688,227.11602783203125,11.930431365966797,112.52999877929688,98.24798583984375
2022-10-14,135.84524536132812,221.60873413085938,11.199243545532227,106.9000015258789,95.76847839355469
2022-10-17,139.8014373779297,230.3059539794922,11.85860824584961,113.79000091552734,99.1505355834961
2022-10-18,141.1168670654297,231.2464599609375,11.937416076660156,116.36000061035156,99.94395446777344
2022-10-19,141.2248992919922,229.28787231445312,12.021206855773926,115.06999969482422,98.81330108642578
2022-10-20,140.7634735107422,228.96795654296875,12.163853645324707,115.25,99.1505355834961
2022-10-21,144.5723876953125,234.75636291503906,12.435181617736816,119.31999969482422,100.3010025024414
2022-10-24,146.71246337890625,239.7303466796875,12.567852020263672,119.81999969482422,101.67961883544922
2022-10-25,149.54953002929688,243.03665161132812,13.228214263916016,120.5999984741211,103.62356567382812
2022-10-26,146.61428833007812,224.28482055664062,12.864119529724121,115.66000366210938,94.1518325805664
2022-10-27,142.1476593017578,219.85382080078125,13.143424987792969,110.95999908447266,91.46405029296875
2022-10-28,152.8872833251953,228.69647216796875,13.799798011779785,103.41000366210938,95.50068664550781
2022-10-31,150.53123474121094,225.07017517089844,13.46363353729248,102.44000244140625,93.73527526855469
2022-11-01,147.89048767089844,221.23062133789062,13.509517669677734,96.79000091552734,89.72840118408203
2022-11-02,142.3734130859375,213.4060516357422,13.186319351196289,92.12000274658203,86.25709533691406
2022-11-03,136.33607482910156,207.73397827148438,13.387819290161133,89.30000305175781,82.74610900878906
2022-11-04,136.070556640625,214.65682983398438,14.121001243591309,90.9800033569336,85.87028503417969
2022-11-07,136.6015625,220.93975830078125,14.265645027160645,90.52999877929688,87.76461791992188
2022-11-08,137.17190551757812,221.90933227539062,14.565899848937988,89.9800033569336,88.17124938964844
2022-11-09,132.619140625,217.6819305419922,13.741944313049316,86.13999938964844,86.60420989990234
2022-11-10,144.41891479492188,235.59022521972656,15.71106243133545,96.62999725341797,93.16995239257812
2022-11-11,147.20164489746094,239.59461975097656,16.28663444519043,100.79000091552734,95.61970520019531
2022-11-14,145.80535888671875,234.20370483398438,16.25471305847168,98.48999786376953,94.91551971435547
2022-11-15,147.5359649658203,234.61093139648438,16.624799728393555,98.94000244140625,97.633056640625
2022-11-16,146.30682373046875,235.03872680664062,15.870667457580566,97.12000274658203,98.03971099853516
2022-11-17,148.2046356201172,234.99012756347656,15.6382417678833,94.8499984741211,97.55372619628906
2022-11-18,148.76512145996094,234.5428466796875,15.370904922485352,94.13999938964844,96.63134002685547
2022-11-21,145.53985595703125,235.34991455078125,15.279130935668945,92.45999908447266,94.81634521484375
2022-11-22,147.6736602783203,238.24740600585938,15.998348236083984,93.19999694824219,96.25447082519531
2022-11-23,148.5487823486328,240.72682189941406,16.478158950805664,94.12999725341797,97.65290069580078
2022-11-25,145.63818359375,240.63931274414062,16.229780197143555,93.41000366210938,96.6611099243164
2022-11-28,141.81314086914062,235.06793212890625,15.787871360778809,93.94999694824219,95.26264953613281
2022-11-29,138.81402587890625,233.6775360107422,15.600336074829102,92.41999816894531,94.40972137451172
2022-11-30,145.5595245361328,248.0775909423828,16.885482788085938,96.54000091552734,100.16216278076172
2022-12-01,145.83485412597656,247.63999938964844,17.097009658813477,95.5,100.16216278076172
2022-12-02,145.34323120117188,247.96090698242188,16.83858871459961,94.12999725341797,99.61666870117188
2022-12-05,144.1829071044922,243.27430725097656,16.57317543029785,91.01000213623047,98.66454315185547
2022-12-06,140.5249786376953,238.3348846435547,15.951555252075195,88.25,96.1850357055664
2022-12-07,138.5878448486328,237.60568237304688,16.08426284790039,88.45999908447266,94.16175079345703
2022-12-08,140.26931762695312,240.5518035888672,17.130935668945312,90.3499984741211,92.94183349609375
2022-12-09,139.7875213623047,238.62661743164062,16.963306427001953,89.08999633789062,92.06904602050781
2022-12-12,142.07864379882812,245.5203399658203,17.496126174926758,90.55000305175781,92.54511260986328
2022-12-13,143.04225158691406,249.8083038330078,18.031932830810547,92.48999786376953,94.8460922241211
2022-12-14,140.82000732421875,250.09994506835938,17.634815216064453,91.58000183105469,94.29070281982422
2022-12-15,134.22195434570312,242.11724853515625,16.91441535949707,88.44999694824219,90.11519622802734
2022-12-16,132.26516723632812,237.91680908203125,16.534263610839844,87.86000061035156,89.5201187133789
2022-12-19,130.16087341308594,233.794189453125,16.217960357666016,84.91999816894531,87.71504974365234
2022-12-20,130.09205627441406,235.10682678222656,16.049341201782227,85.19000244140625,88.29026794433594
2022-12-21,133.1894989013672,237.66400146484375,16.464414596557617,86.7699966430664,88.84569549560547
2022-12-22,130.02322387695312,231.5967254638672,15.304993629455566,83.79000091552734,87.04060363769531
2022-12-23,129.65943908691406,232.1217803955078,15.172286987304688,85.25,88.49856567382812
2022-12-27,127.85990142822266,230.40078735351562,14.089693069458008,83.04000091552734,86.67364501953125
2022-12-28,123.9365234375,228.03805541992188,14.004880905151367,81.81999969482422,85.31486511230469
2022-12-29,127.44694519042969,234.3386688232422,14.570626258850098,84.18000030517578,87.7249526977539
2022-12-30,127.7615737915039,233.18162536621094,14.5816011428833,84.0,87.50675964355469
2023-01-03,122.98272705078125,232.94825744628906,14.2832612991333,85.81999969482422,88.38945770263672
2023-01-04,124.25120544433594,222.75833129882812,14.716299057006836,85.13999938964844,87.35799407958984
2023-01-05,122.93354034423828,216.15631103515625,14.233375549316406,83.12000274658203,85.49337768554688
2023-01-06,127.4567642211914,218.70375061035156,14.826056480407715,86.08000183105469,86.62403869628906
2023-01-09,127.97793579101562,220.83316040039062,15.593351364135742,87.36000061035156,87.29846954345703
2023-01-10,128.5482635498047,222.51524353027344,15.87372875213623,89.87000274658203,87.69520568847656
2023-01-11,131.26220703125,229.24374389648438,15.965524673461914,95.08999633789062,90.76978302001953
2023-01-12,131.1835479736328,231.90789794921875,16.47439193725586,95.2699966430664,90.38297271728516
2023-01-13,132.510986328125,232.6079559326172,16.861534118652344,98.12000274658203,91.3648681640625
2023-01-17,133.6713409423828,233.69696044921875,17.662757873535156,96.05000305175781,90.54167175292969
2023-01-18,132.95352172851562,229.28262329101562,17.338476181030273,95.45999908447266,90.3730697631836
2023-01-19,133.01254272460938,225.510009765625,16.727832794189453,93.68000030517578,92.28724670410156
2023-01-20,135.569091796875,233.57054138183594,17.799449920654297,97.25,97.21649932861328
2023-01-23,138.75503540039062,235.86521911621094,19.15045166015625,97.5199966430664,98.97200012207031
2023-01-24,140.15133666992188,235.3401336669922,19.222291946411133,96.31999969482422,96.89913177490234
2023-01-25,139.4925079345703,233.94976806640625,19.28015899658203,97.18000030517578,94.439453125
2023-01-26,141.5574951171875,241.13519287109375,19.758094787597656,99.22000122070312,96.72061157226562
2023-01-27,143.4945831298828,241.29075622558594,20.319847106933594,102.23999786376953,98.5554428100586
2023-01-30,140.61349487304688,235.9916534423828,19.11952018737793,100.55000305175781,96.14535522460938
2023-01-31,141.8819580078125,240.950439453125,19.49368667602539,103.12999725341797,98.02978515625
2023-02-01,143.00291442871094,245.75372314453125,20.89656639099121,105.1500015258789,99.60675811767578
2023-02-02,148.30299377441406,257.2757263183594,21.660865783691406,112.91000366210938,106.85681915283203
2023-02-03,151.92156982421875,251.1986846923828,21.053218841552734,103.38999938964844,103.92108154296875
2023-02-06,149.19778442382812,249.66241455078125,21.042245864868164,102.18000030517578,102.05650329589844
2023-02-07,152.0690155029297,260.1537780761719,22.12384033203125,102.11000061035156,106.75764465332031
2023-02-08,149.38462829589844,259.34674072265625,22.155771255493164,100.05000305175781,98.5554428100586
2023-02-09,148.35215759277344,256.32281494140625,22.2874755859375,98.23999786376953,94.23118591308594
2023-02-10,148.7165069580078,255.81719970703125,21.217857360839844,97.61000061035156,93.79479217529297
2023-02-13,151.51341247558594,263.8096923828125,21.73969268798828,99.54000091552734,93.83446502685547
2023-02-14,150.873291015625,264.63616943359375,22.920072555541992,99.69999694824219,93.90388488769531
2023-02-15,152.9709014892578,262.5209655761719,22.713529586791992,101.16000366210938,96.14535522460938
2023-02-16,151.37548828125,255.53195190429688,21.953222274780273,98.1500015258789,94.72708129882812
2023-02-17,150.23312377929688,251.54519653320312,21.3405818939209,97.19999694824219,93.57659912109375
2023-02-21,146.2249755859375,246.29127502441406,20.609209060668945,94.58000183105469,91.03756713867188
2023-02-22,146.64842224121094,245.16053771972656,20.70798683166504,95.79000091552734,90.89871978759766
2023-02-23,147.13096618652344,248.33827209472656,23.611534118652344,95.81999969482422,90.14495086669922
2023-02-24,144.48184204101562,242.92837524414062,23.234375,93.5,88.39938354492188
2023-02-27,145.67344665527344,243.8446044921875,23.448896408081055,93.76000213623047,89.13330841064453
2023-02-28,145.17120361328125,243.1233367919922,23.16452980041504,94.2300033569336,89.3217544555664
2023-03-01,143.10311889648438,240.05282592773438,22.647680282592773,92.16999816894531,89.61929321289062
2023-03-02,143.6939697265625,244.7706756591797,23.262310028076172,92.12999725341797,91.245849609375
2023-03-03,148.73622131347656,248.8450927734375,23.8370361328125,94.9000015258789,92.88232421875
2023-03-06,151.49366760253906,250.38523864746094,23.50178337097168,93.75,94.35020446777344
2023-03-07,149.29754638671875,247.73391723632812,23.240314483642578,93.55000305175781,93.09061431884766
2023-03-08,150.54824829101562,247.29527282714844,24.131484985351562,93.91999816894531,93.47740173339844
2023-03-09,148.3029022216797,245.95013427734375,23.38801383972168,92.25,91.56322479248047
2023-03-10,146.24462890625,242.3142547607422,22.917978286743164,90.7300033569336,89.88707733154297
2023-03-13,148.18472290039062,247.5096893310547,22.918973922729492,92.43000030517578,90.3631591796875
2023-03-14,150.27252197265625,254.20626831054688,24.013729095458984,94.87999725341797,93.19970703125
2023-03-15,150.6664581298828,258.7388610839844,24.178390502929688,96.19999694824219,95.32215881347656
2023-03-16,153.48301696777344,269.2272644042969,25.48870086669922,100.04000091552734,99.49765014648438
2023-03-17,152.64593505859375,272.3757019042969,25.67232322692871,98.94999694824219,100.78700256347656
2023-03-20,155.0094757080078,265.35748291015625,25.846965789794922,97.70999908447266,100.3902816772461
2023-03-21,156.8609161376953,266.8683166503906,26.145357131958008,100.61000061035156,104.05992889404297
2023-03-22,155.4329376220703,265.41595458984375,26.41380500793457,98.69999694824219,102.52265930175781
2023-03-23,156.5162353515625,270.650390625,27.13532257080078,98.70999908447266,104.734375
2023-03-24,157.81619262695312,273.4869384765625,26.724166870117188,98.12999725341797,104.57569122314453
2023-03-27,155.87611389160156,269.4026794433594,26.476675033569336,98.04000091552734,101.62010955810547
2023-03-28,155.25567626953125,268.28173828125,26.35592269897461,97.23999786376953,100.20182800292969
2023-03-29,158.32833862304688,273.428466796875,26.928749084472656,100.25,100.55887603759766
2023-03-30,159.8941192626953,276.87908935546875,27.326927185058594,102.0,100.06297302246094
2023-03-31,162.3955841064453,281.0217590332031,27.720123291015625,103.29000091552734,102.87970733642578
2023-04-03,163.64627075195312,279.978759765625,27.90773582458496,102.41000366210938,103.50454711914062
2023-04-04,163.11448669433594,279.9300231933594,27.396787643432617,103.94999694824219,103.86160278320312
2023-04-05,161.2729034423828,277.1617736816406,26.825960159301758,101.0999984741211,103.61363983154297
2023-04-06,162.15919494628906,284.2384948730469,26.981639862060547,102.05999755859375,107.53125762939453
2023-04-10,159.5691680908203,282.08428955078125,27.522531509399414,102.16999816894531,105.56748962402344
2023-04-11,158.35784912109375,275.68988037109375,27.11336898803711,99.91999816894531,104.48641967773438
2023-04-12,157.66847229003906,276.3332214355469,26.440750122070312,97.83000183105469,103.78224182128906
2023-04-13,163.04554748535156,282.52288818359375,26.4088134765625,102.4000015258789,106.54936218261719
2023-04-14,162.70086669921875,278.91632080078125,26.703208923339844,102.51000213623047,107.9775619506836
2023-04-17,162.72056579589844,281.5091552734375,26.946712493896484,102.73999786376953,105.10135650634766
2023-04-18,163.94174194335938,281.0899963378906,27.610349655151367,102.30000305175781,103.64339447021484
2023-04-19,165.0841064453125,281.1679992675781,27.873809814453125,104.30000305175781,103.32601165771484
2023-04-20,164.11898803710938,278.8870544433594,27.04850196838379,103.80999755859375,104.42691802978516
2023-04-21,162.51376342773438,278.5459289550781,27.0634708404541,106.95999908447266,104.54592895507812
2023-04-24,162.81903076171875,274.6566162109375,26.98663330078125,106.20999908447266,105.10135650634766
2023-04-25,161.28274536132812,268.4669494628906,26.18726921081543,102.56999969482422,102.99871826171875
2023-04-26,161.2729034423828,287.9132995605469,26.900806427001953,104.9800033569336,102.85986328125
2023-04-27,165.85227966308594,297.1344299316406,27.17025375366211,109.81999969482422,106.70804595947266
2023-04-28,167.1029510498047,299.5031433105469,27.692182540893555,105.44999694824219,106.46011352539062
2023-05-01,167.01431274414062,297.8460388183594,28.850807189941406,102.05000305175781,106.32125854492188
2023-05-02,165.9802703857422,297.6997985839844,28.152233123779297,103.62999725341797,104.4566650390625
2023-05-03,164.90682983398438,296.71533203125,27.745071411132812,103.6500015258789,104.54592895507812
2023-05-04,163.27206420898438,297.6997985839844,27.505563735961914,104.0,103.83184051513672
2023-05-05,170.9339141845703,302.8076171875,28.621273040771484,105.66000366210938,104.7046127319336
2023-05-08,170.8649444580078,300.8580017089844,29.09130859375,105.83000183105469,106.8865966796875
2023-05-09,169.1612548828125,299.2497253417969,28.51249885559082,106.62000274658203,106.47002410888672
2023-05-10,170.92404174804688,304.4256591796875,28.825855255126953,110.19000244140625,110.8339614868164
2023-05-11,171.11117553710938,302.28118896484375,28.519481658935547,112.18000030517578,115.61445617675781
2023-05-12,170.18414306640625,301.16998291015625,28.281970977783203,110.26000213623047,116.54673767089844
2023-05-15,169.69105529785156,301.6475830078125,28.893714904785156,111.19999694824219,115.55494689941406
2023-05-16,169.69105529785156,303.8700866699219,29.153182983398438,113.4000015258789,118.53035736083984
2023-05-17,170.30247497558594,306.7420349121094,30.1162109375,115.5,119.84943389892578
2023-05-18,172.62991333007812,311.15765380859375,31.613136291503906,118.1500015258789,121.82313537597656
2023-05-19,172.73834228515625,310.981689453125,31.19998550415039,116.25,121.75371551513672
2023-05-22,171.7915802001953,313.756103515625,31.112167358398438,115.01000213623047,124.02494049072266
2023-05-23,169.1881103515625,307.972900390625,30.625164031982422,114.98999786376953,121.55534362792969
2023-05-24,169.46426391601562,306.59552001953125,30.475465774536133,116.75,119.90895080566406
2023-05-25,170.59835815429688,318.38653564453125,37.90222930908203,115.0,122.46780395507812
2023-05-26,173.00462341308594,325.1954345703125,38.86625671386719,120.11000061035156,123.58854675292969
2023-05-30,174.8487548828125,323.55426025390625,40.028865814208984,121.66000366210938,122.65625762939453
2023-05-31,174.79945373535156,320.79949951171875,37.75653076171875,120.58000183105469,121.86280059814453
2023-06-01,177.60018920898438,324.892578125,39.688568115234375,122.7699966430664,122.7058334350586
2023-06-02,178.4482879638672,327.64739990234375,39.24646759033203,124.25,123.64804077148438
2023-06-05,177.09722900390625,328.1749572753906,39.09079360961914,125.30000305175781,124.9770736694336
2023-06-06,176.7323455810547,325.9671936035156,38.57486343383789,126.61000061035156,126.26641082763672
2023-06-07,175.36158752441406,315.9052734375,37.402130126953125,121.2300033569336,121.4958267211914
2023-06-08,178.07357788085938,317.7418518066406,38.435123443603516,124.25,121.1387939453125
2023-06-09,178.45814514160156,319.2364501953125,38.69461441040039,123.43000030517578,121.2280502319336
2023-06-12,181.24899291992188,324.1794128417969,39.40523147583008,126.56999969482422,122.6264877319336
2023-06-13,180.77566528320312,326.5631103515625,40.942237854003906,126.66000366210938,122.81493377685547
2023-06-14,181.4068145751953,329.5426025390625,42.91340255737305,126.41999816894531,122.65625762939453
2023-06-15,183.43832397460938,340.0538024902344,42.57007598876953,127.11000061035156,124.06460571289062
2023-06-16,182.36341857910156,334.4172058105469,42.6089973449707,125.48999786376953,122.51740264892578
2023-06-20,182.45217895507812,330.23614501953125,43.72282791137695,125.77999877929688,122.09092712402344
2023-06-21,181.41668701171875,325.8499755859375,42.961307525634766,124.83000183105469,119.56183624267578
2023-06-22,184.41464233398438,331.8577880859375,42.941349029541016,130.14999389648438,122.14051055908203
2023-06-23,184.09906005859375,327.2762145996094,42.126930236816406,129.3300018310547,121.33714294433594
2023-06-26,182.7085723876953,321.0046081542969,40.5529899597168,127.33000183105469,117.36992645263672
2023-06-27,185.4600067138672,326.83660888671875,41.794578552246094,129.17999267578125,117.36002349853516
2023-06-28,186.63356018066406,328.0870056152344,41.03705978393555,129.0399932861328,119.19486236572266
2023-06-29,186.96884155273438,327.3055114746094,40.74263000488281,127.9000015258789,118.12371063232422
2023-06-30,191.2882843017578,332.6686096191406,42.21975326538086,130.36000061035156,118.71879577636719
2023-07-03,189.79917907714844,330.177490234375,42.330528259277344,130.22000122070312,118.91715240478516
2023-07-05,188.6847686767578,330.33380126953125,42.2347297668457,130.3800048828125,120.75199127197266
2023-07-06,189.1581573486328,333.3817138671875,42.02113723754883,128.36000061035156,119.12541961669922
2023-07-07,188.04373168945312,329.42535400390625,42.42035675048828,129.77999877929688,118.50059509277344
2023-07-10,186.0023651123047,324.1598815917969,42.097991943359375,127.12999725341797,115.49542999267578
2023-07-11,185.479736328125,324.78515625,42.32254409790039,128.77999877929688,116.17977905273438
2023-07-12,187.14634704589844,329.40582275390625,43.816646575927734,130.8000030517578,117.95510864257812
2023-07-13,187.90570068359375,334.7395935058594,45.887611389160156,134.3000030517578,123.51911926269531
2023-07-14,188.0536651611328,337.2599182128906,45.38059997558594,134.67999267578125,124.39189910888672
2023-07-17,191.3080291748047,337.7386779785156,46.370662689208984,133.55999755859375,123.62821197509766
2023-07-18,191.0515899658203,351.18060302734375,47.401649475097656,132.8300018310547,122.7455062866211
2023-07-19,192.40269470214844,346.87249755859375,46.9854621887207,135.36000061035156,121.0296859741211
2023-07-20,190.45989990234375,338.85223388671875,45.431495666503906,129.9600067138672,118.22289276123047
2023-07-21,189.28636169433594,335.8239440917969,44.22285461425781,130.0,119.03616333007812
2023-07-24,190.08517456054688,337.1329345703125,44.5252571105957,128.8000030517578,120.5337905883789
2023-07-25,190.94313049316406,342.8672790527344,45.590187072753906,129.1300048828125,121.20821380615234
2023-07-26,191.81094360351562,329.962646484375,45.36362075805664,128.14999389648438,128.21034240722656
2023-07-27,190.54867553710938,323.0756530761719,45.81075668334961,128.25,128.3392791748047
2023-07-28,193.12257385253906,330.5487365722656,46.65909957885742,132.2100067138672,131.49322509765625
2023-07-31,193.7340087890625,328.15545654296875,46.63813781738281,133.67999267578125,131.632080078125
2023-08-01,192.90562438964844,328.565673828125,46.41657257080078,131.69000244140625,130.47164916992188
2023-08-02,189.91749572753906,319.9300231933594,44.18293762207031,128.2100067138672,127.32764434814453
2023-08-03,188.52699279785156,319.1094055175781,44.4284553527832,128.91000366210938,127.3970718383789
2023-08-04,179.4739227294922,320.2035217285156,44.5931282043457,139.57000732421875,127.05984497070312
2023-08-07,176.37733459472656,322.47967529296875,45.32869338989258,142.22000122070312,130.45181274414062
2023-08-08,177.314208984375,318.5135498046875,44.57715606689453,139.94000244140625,130.3228759765625
2023-08-09,175.72647094726562,314.7818908691406,42.47126388549805,137.85000610351562,128.59713745117188
2023-08-10,175.50950622558594,315.4656066894531,42.30558776855469,138.55999755859375,128.6269073486328
2023-08-11,175.5687255859375,313.59002685546875,40.77555465698242,138.41000366210938,128.49798583984375
2023-08-14,177.2178955078125,316.5499572753906,43.66792678833008,140.57000732421875,130.25343322753906
2023-08-15,175.23301696777344,314.42034912109375,43.85457229614258,137.6699981689453,128.71617126464844
2023-08-16,174.36399841308594,313.65679931640625,43.40145492553711,135.07000732421875,127.64500427246094
2023-08-17,171.82608032226562,310.2109375,43.259727478027344,133.97999572753906,128.8550262451172
2023-08-18,172.3099822998047,309.8193359375,43.214813232421875,133.22000122070312,126.4151840209961
2023-08-21,173.6431427001953,315.10565185546875,46.87567901611328,134.67999267578125,127.31771087646484
2023-08-22,175.0157470703125,315.6734619140625,45.579200744628906,134.25,128.0219268798828
2023-08-23,178.8571319580078,320.1178894042969,47.02439498901367,135.52000427246094,131.28492736816406
2023-08-24,174.17637634277344,313.2358703613281,47.0713005065918,131.83999633789062,128.71617126464844
2023-08-25,176.3784942626953,316.1825256347656,45.928524017333984,133.25999450683594,128.8153533935547
2023-08-28,177.93875122070312,316.88739013671875,46.74394226074219,133.13999938964844,129.9360809326172
2023-08-29,181.8196563720703,321.4982604980469,48.68914794921875,134.91000366210938,133.46690368652344
2023-08-30,185.30555725097656,321.8702697753906,49.168212890625,135.07000732421875,134.7661590576172
2023-08-31,185.52281188964844,320.86187744140625,49.25904083251953,138.00999450683594,135.05377197265625
2023-09-01,187.0929412841797,321.74298095703125,48.4146842956543,138.1199951171875,134.54795837402344
2023-09-05,187.3299560546875,326.530029296875,48.453609466552734,137.27000427246094,134.6570587158203
2023-09-06,180.624755859375,325.8741455078125,46.973358154296875,135.36000061035156,133.3577880859375
2023-09-07,175.3416290283203,322.9667053222656,46.15488815307617,137.85000610351562,134.15122985839844
2023-09-08,175.95388793945312,327.2348937988281,45.48713684082031,138.22999572753906,135.2620849609375
2023-09-11,177.11912536621094,330.8276672363281,45.0938720703125,143.10000610351562,135.797607421875
2023-09-12,174.09739685058594,324.7875061035156,44.78644561767578,141.22999572753906,134.23057556152344
2023-09-13,172.03347778320312,328.98724365234375,45.40030288696289,144.85000610351562,135.58937072753906
2023-09-14,173.5443572998047,331.5716857910156,45.49612045288086,144.72000122070312,136.9679412841797
2023-09-15,172.823486328125,323.2701721191406,43.81825256347656,140.38999938964844,136.273681640625
2023-09-18,175.74649047851562,322.134521484375,43.884124755859375,139.97999572753906,137.0770721435547
2023-09-19,176.832763671875,321.7331848144531,43.43896484375,137.6300048828125,136.90846252441406
2023-09-20,173.2974853515625,314.0190124511719,42.160343170166016,135.2899932861328,132.64370727539062
2023-09-21,171.75694274902344,312.80511474609375,40.94062042236328,129.3300018310547,129.3707275390625
2023-09-22,172.60623168945312,310.3381652832031,41.53252410888672,129.1199951171875,129.1822967529297
2023-09-25,173.880126953125,310.8570556640625,42.14338302612305,131.27000427246094,130.03526306152344
2023-09-26,169.81161499023438,305.5706787109375,41.83296203613281,125.9800033569336,127.51608276367188
2023-09-27,168.30068969726562,306.20697021484375,42.388919830322266,125.9800033569336,129.46995544433594
2023-09-28,168.55746459960938,307.0390930175781,43.008766174316406,125.9800033569336,131.2254180908203
2023-09-29,169.07095336914062,309.1046447753906,43.417999267578125,127.12000274658203,129.7873077392578
2023-10-02,171.57920837402344,315.0273132324219,44.698612213134766,129.4600067138672,133.0701904296875
2023-10-03,170.24609375,306.79437255859375,43.435970306396484,124.72000122070312,131.3444366455078
2023-10-04,171.4903564453125,312.2471008300781,43.95899200439453,127.0,134.13140869140625
2023-10-05,172.72471618652344,312.6387023925781,44.60478973388672,125.95999908447266,133.9627685546875
2023-10-06,175.2725067138672,320.3724365234375,45.676788330078125,127.95999908447266,136.4522247314453
2023-10-09,176.75376892089844,322.8785705566406,45.18869400024414,128.25999450683594,137.28533935546875
2023-10-10,176.16123962402344,321.4787292480469,45.71271514892578,129.47999572753906,136.9282684326172
2023-10-11,177.55364990234375,325.423828125,46.718841552734375,131.8300018310547,139.39788818359375
2023-10-12,178.45228576660156,324.1903991699219,46.857582092285156,132.3300018310547,137.83084106445312
2023-10-13,176.61550903320312,320.8325500488281,45.376346588134766,129.7899932861328,136.23403930664062
2023-10-16,176.48715209960938,325.6391906738281,46.00917434692383,132.5500030517578,137.95974731445312
2023-10-17,174.93673706054688,325.0714111328125,43.8561897277832,131.47000122070312,138.57469177246094
2023-10-18,173.6431427001953,323.1624450683594,42.11741638183594,128.1300048828125,136.82911682128906
2023-10-19,173.2678680419922,324.3469543457031,42.02260971069336,128.39999389648438,136.62083435058594
2023-10-20,170.7200927734375,319.7948913574219,41.3099365234375,125.16999816894531,134.4884490966797
2023-10-23,170.83859252929688,322.3890686035156,42.89497375488281,126.55999755859375,135.38108825683594
2023-10-24,171.2731170654297,323.5736389160156,43.581695556640625,128.55999755859375,137.67213439941406
2023-10-25,168.9623260498047,333.5002136230469,41.701202392578125,121.38999938964844,124.5803451538086
2023-10-26,164.804931640625,320.98919677734375,40.25090789794922,119.56999969482422,121.27764892578125
2023-10-27,166.1183319091797,322.8688049316406,40.424583435058594,127.73999786376953,121.16854095458984
2023-10-30,168.16241455078125,330.2109069824219,41.08435821533203,132.7100067138672,123.43976593017578
2023-10-31,168.63645935058594,330.9940490722656,40.70406723022461,133.08999633789062,123.0628890991211
2023-11-01,171.7964630126953,338.7865905761719,42.24618911743164,137.0,125.4134521484375
2023-11-02,175.3515167236328,340.98919677734375,43.424983978271484,138.07000732421875,126.44493103027344
2023-11-03,174.44296264648438,345.3749084472656,44.92119598388672,138.60000610351562,128.041748046875
2023-11-06,176.99075317382812,349.0263977050781,45.66580581665039,139.74000549316406,129.1822967529297
2023-11-07,179.54840087890625,352.9422302246094,45.86943435668945,142.7100067138672,129.8964385986328
2023-11-08,180.6050262451172,355.5560607910156,46.487274169921875,142.0800018310547,130.75927734375
2023-11-09,180.1310272216797,353.0989074707031,46.86257553100586,140.60000610351562,129.17239379882812
2023-11-10,184.31369018554688,361.8899230957031,48.2449951171875,143.55999755859375,131.5031280517578
2023-11-13,182.73158264160156,358.9627990722656,48.52946090698242,142.58999633789062,131.0072021484375
2023-11-14,185.342041015625,362.4772033691406,49.56353759765625,145.8000030517578,132.52467346191406
2023-11-15,185.90567016601562,362.6243896484375,48.79696273803711,143.1999969482422,133.51649475097656
2023-11-16,187.586669921875,369.00048828125,49.38786697387695,142.8300018310547,135.8075714111328
2023-11-17,187.5668487548828,362.8009338378906,49.20621109008789,145.17999267578125,134.2008056640625
2023-11-20,189.30715942382812,370.2463073730469,50.31513595581055,146.1300048828125,135.13311767578125
2023-11-21,188.50621032714844,365.9595947265625,49.85100173950195,143.89999389648438,135.8472137451172
2023-11-22,189.16871643066406,370.6484680175781,48.625282287597656,146.7100067138672,137.35476684570312
2023-11-24,187.84371948242188,370.23651123046875,47.68703079223633,146.74000549316406,135.5695037841797
2023-11-27,187.66575622558594,371.39398193359375,48.15217208862305,147.72999572753906,135.2918243408203
2023-11-28,188.2688751220703,375.4060363769531,47.73195266723633,147.02999877929688,136.0753173828125
2023-11-29,187.2504425048828,371.62939453125,48.050357818603516,146.32000732421875,133.88345336914062
2023-11-30,187.82394409179688,371.6882629394531,46.682918548583984,146.08999633789062,131.443603515625
2023-12-01,189.09950256347656,367.37213134765625,46.67792510986328,147.02999877929688,130.77911376953125
2023-12-04,187.3097686767578,362.1044616699219,45.42525100708008,144.83999633789062,128.21034240722656
2023-12-05,191.25511169433594,365.4200744628906,46.48337173461914,146.8800048828125,129.91624450683594
2023-12-06,190.16741943359375,361.7709655761719,45.42226028442383,144.52000427246094,128.95420837402344
2023-12-07,192.09559631347656,363.8799743652344,46.51332473754883,146.8800048828125,135.8075714111328
2023-12-08,193.51947021484375,367.0974426269531,47.42170715332031,147.4199981689453,133.88345336914062
2023-12-11,191.01779174804688,364.2232971191406,46.54426956176758,145.88999938964844,132.19737243652344
2023-12-12,192.53067016601562,367.24462890625,47.57244873046875,147.47999572753906,131.43370056152344
2023-12-13,195.7443084716797,367.23480224609375,48.002681732177734,148.83999633789062,131.4832763671875
2023-12-14,195.8926239013672,358.9555969238281,48.26420593261719,147.4199981689453,130.8584442138672
2023-12-15,195.358642578125,363.6641845703125,48.80324935913086,149.97000122070312,131.51304626464844
2023-12-18,193.6974639892578,365.5475769042969,49.9881477355957,154.07000732421875,134.68682861328125
2023-12-19,194.7357177734375,366.1459655761719,49.5159797668457,153.7899932861328,135.5298309326172
2023-12-20,192.6493377685547,363.5562744140625,48.025634765625,152.1199951171875,137.20596313476562
2023-12-21,192.50099182128906,366.42059326171875,48.903076171875,153.83999633789062,139.26893615722656
2023-12-22,191.43307495117188,367.4407958984375,48.74335861206055,153.4199981689453,140.3302001953125
2023-12-26,190.88925170898438,367.51922607421875,49.19156265258789,153.41000366210938,140.3599395751953
2023-12-27,190.98812866210938,366.9405517578125,49.32931900024414,153.33999633789062,139.2193603515625
2023-12-28,191.41334533691406,368.1274719238281,49.43413543701172,153.3800048828125,139.0804901123047
2023-12-29,190.3750762939453,368.8729553222656,49.43413543701172,151.94000244140625,138.54493713378906
2024-01-02,183.5621795654297,363.801513671875,48.0825309753418,149.92999267578125,137.03738403320312
2024-01-03,182.18771362304688,363.53662109375,47.484596252441406,148.47000122070312,137.78125
2024-01-04,179.8739471435547,360.9273681640625,47.912837982177734,144.57000732421875,135.27198791503906
2024-01-05,179.15211486816406,360.74102783203125,49.009883880615234,145.24000549316406,134.6173858642578
2024-01-08,183.4830780029297,367.5486755371094,52.1602897644043,149.10000610351562,137.70188903808594
2024-01-09,183.06777954101562,368.62774658203125,53.045719146728516,151.3699951171875,139.7946014404297
2024-01-10,184.1060333251953,375.4747009277344,54.253570556640625,153.72999572753906,141.11370849609375
2024-01-11,183.5127716064453,377.29925537109375,54.72472381591797,155.17999267578125,140.9153289794922
2024-01-12,183.8390655517578,381.0660400390625,54.61292266845703,154.6199951171875,141.4806365966797
2024-01-16,181.57470703125,382.831787109375,56.281959533691406,153.16000366210938,141.32196044921875
2024-01-17,180.63531494140625,382.0469970703125,55.953548431396484,151.7100067138672,140.31031799316406
2024-01-18,186.5187530517578,386.3631286621094,57.00567626953125,153.5,142.30384826660156
2024-01-19,189.4158935546875,391.07171630859375,59.38544464111328,155.33999633789062,145.18008422851562
2024-01-22,191.71986389160156,388.952880859375,59.54815673828125,154.77999877929688,144.7932891845703
2024-01-23,192.99539184570312,391.2973327636719,59.76676940917969,156.02000427246094,145.83465576171875
2024-01-24,192.32302856445312,394.8874816894531,61.25312805175781,156.8699951171875,147.48104858398438
2024-01-25,191.99671936035156,397.1534729003906,61.507667541503906,157.75,150.6250762939453
2024-01-26,190.26629638671875,396.2314453125,60.92271041870117,159.1199951171875,150.94247436523438
2024-01-29,189.58399963378906,401.91107177734375,62.35416793823242,161.25999450683594,152.25161743164062
2024-01-30,185.935302734375,400.8025817871094,62.66261291503906,159.0,150.21844482421875
2024-01-31,182.33609008789062,390.00244140625,61.41783142089844,155.1999969482422,138.9515838623047
2024-02-01,184.76856994628906,396.08428955078125,62.9151725769043,159.27999877929688,140.0028839111328
2024-02-02,183.76983642578125,403.38250732421875,66.04261779785156,171.80999755859375,141.21290588378906
2024-02-05,185.57936096191406,397.91864013671875,69.208984375,170.30999755859375,142.50221252441406
2024-02-06,187.1812286376953,397.7616882324219,68.10194396972656,169.14999389648438,142.91876220703125
2024-02-07,187.28997802734375,406.1584777832031,69.97461700439453,170.52999877929688,144.34695434570312
2024-02-08,186.21221923828125,406.2173767089844,69.51742553710938,169.83999633789062,144.71395874023438
2024-02-09,186.97457885742188,412.53460693359375,72.00502014160156,174.4499969482422,147.7786102294922
2024-02-12,185.2914276123047,407.345458984375,72.11981201171875,172.33999633789062,146.32064819335938
2024-02-13,183.20236206054688,398.57586669921875,72.00001525878906,168.63999938964844,143.9502410888672
2024-02-14,182.32122802734375,402.4281921386719,73.76887512207031,170.97999572753906,144.74368286132812
2024-02-15,182.0341033935547,399.5487976074219,72.52909088134766,169.8000030517578,141.5996856689453
2024-02-16,180.4994659423828,397.0918884277344,72.48414611816406,169.50999450683594,139.3681182861328
2024-02-20,179.75692749023438,395.8438415527344,69.32877349853516,167.0800018310547,139.9631805419922
2024-02-21,180.50941467285156,395.2443542480469,67.35228729248047,168.58999633789062,141.38148498535156
2024-02-22,182.53900146484375,404.5509948730469,78.39865112304688,174.5800018310547,142.90884399414062
2024-02-23,180.7073974609375,403.2635803222656,78.6771469116211,174.99000549316406,142.77992248535156
2024-02-26,179.3609161376953,400.5119323730469,78.95167541503906,174.72999572753906,136.44229125976562
2024-02-27,180.81629943847656,400.4529113769531,78.56136322021484,173.5399932861328,137.7415771484375
2024-02-28,179.6183319091797,400.6887512207031,77.52519226074219,173.16000366210938,135.2620849609375
2024-02-29,178.9550018310547,406.5067443847656,78.97161865234375,176.75999450683594,137.3249969482422
2024-03-01,177.87579345703125,408.33465576171875,82.13300323486328,178.22000122070312,136.01583862304688
2024-03-04,173.361083984375,407.7646484375,85.08575439453125,177.5800018310547,132.25692749023438
2024-03-05,168.4305419921875,395.7062072753906,85.81549835205078,174.1199951171875,131.58248901367188
2024-03-06,167.44049072265625,395.1559143066406,88.54676818847656,173.50999450683594,130.3228759765625
2024-03-07,167.32167053222656,402.0843505859375,92.5089111328125,176.82000732421875,133.27845764160156
2024-03-08,169.0345001220703,399.21466064453125,87.37680053710938,175.35000610351562,134.30001831054688
2024-03-11,171.034423828125,397.5439453125,85.6258316040039,171.9600067138672,136.54148864746094
2024-03-12,171.5096435546875,408.1183776855469,91.75422668457031,175.38999938964844,137.3647003173828
2024-03-13,169.43052673339844,407.9415283203125,90.7309799194336,176.55999755859375,138.64410400390625
2024-03-14,171.28196716308594,417.886962890625,87.79207611083984,178.75,141.927001953125
2024-03-15,170.90573120117188,409.23876953125,87.68526458740234,174.4199981689453,140.022705078125
2024-03-18,171.9947967529297,410.12322998046875,88.30219268798828,174.47999572753906,146.4694366455078
2024-03-19,174.33135986328125,414.1427307128906,89.24356842041016,175.89999389648438,145.82476806640625
2024-03-20,176.8956298828125,417.8968505859375,90.21588134765625,178.14999389648438,147.52072143554688
2024-03-21,169.66810607910156,421.9654235839844,91.27705383300781,178.14999389648438,146.3900909423828
2024-03-22,170.569091796875,421.3462829589844,94.12611389160156,178.8699951171875,149.53411865234375
2024-03-25,169.1533203125,415.56768798828125,94.83787536621094,179.7100067138672,148.83984375
2024-03-26,168.02462768554688,414.3785400390625,92.40110778808594,178.3000030517578,149.43492126464844
2024-03-27,171.58885192871094,414.16229248046875,90.0940933227539,179.8300018310547,149.63323974609375
2024-03-28,169.77703857421875,413.464599609375,90.19990539550781,180.3800048828125,149.6927947998047
2024-04-01,168.34144592285156,417.24822998046875,90.2068862915039,180.97000122070312,154.21542358398438
2024-04-02,167.16323852539062,414.1722412109375,89.29747009277344,180.69000244140625,153.29302978515625
2024-04-03,167.9652099609375,413.1992492675781,88.81031036376953,182.41000366210938,153.65008544921875
2024-04-04,167.1434783935547,410.673583984375,85.75658416748047,180.0,149.2960662841797
2024-04-05,167.89590454101562,418.1817932128906,87.8559799194336,185.07000732421875,151.24993896484375
2024-04-08,166.7771453857422,417.267822265625,86.98246765136719,185.19000244140625,153.58065795898438
2024-04-09,167.98501586914062,418.9287109375,85.20653533935547,185.6699981689453,155.31629943847656
2024-04-10,166.11378479003906,415.9608154296875,86.88863372802734,185.9499969482422,154.86009216308594
2024-04-11,173.3016815185547,420.55023193359375,90.45944213867188,189.0500030517578,158.10328674316406
2024-04-12,174.7967071533203,414.62420654296875,88.03366088867188,186.1300048828125,156.4370574951172
2024-04-15,170.97503662109375,406.5067443847656,85.85243225097656,183.6199951171875,153.590576171875
2024-04-16,167.69790649414062,407.4305114746094,87.26398468017578,183.32000732421875,153.1343536376953
2024-04-17,166.33160400390625,404.73773193359375,83.88982391357422,181.27999877929688,154.19557189941406
2024-04-18,165.381103515625,397.29827880859375,84.52471160888672,179.22000122070312,154.7311553955078
2024-04-19,163.36138916015625,392.2370300292969,76.06836700439453,174.6300048828125,152.82688903808594
2024-04-22,164.1930389404297,394.0453186035156,79.38062286376953,177.22999572753906,154.99891662597656
2024-04-23,165.24249267578125,400.5414123535156,82.28060913085938,179.5399932861328,156.9626922607422
2024-04-24,167.34146118164062,402.005615234375,79.53936004638672,176.58999633789062,157.82559204101562
2024-04-25,168.20285034179688,392.1584777832031,82.48925018310547,173.6699981689453,154.7212371826172
2024-04-26,167.6186981201172,399.3128967285156,87.58344268798828,179.6199951171875,170.54049682617188
2024-04-29,171.77699279785156,395.3131103515625,87.60540771484375,180.9600067138672,164.7880096435547
2024-04-30,168.6384735107422,382.61590576171875,86.25274658203125,175.0,161.44566345214844
2024-05-01,167.6186981201172,388.1291809082031,82.89753723144531,179.0,162.51681518554688
2024-05-02,171.3116455078125,390.9791564941406,85.66874694824219,184.72000122070312,165.25416564941406
2024-05-03,181.5588836669922,399.6470642089844,88.63560485839844,186.2100067138672,165.8690948486328
2024-05-06,179.90541076660156,406.4084167480469,91.98081970214844,188.6999969482422,166.72206115722656
2024-05-07,180.58859252929688,402.2808532714844,90.39756774902344,188.75999450683594,169.84622192382812
2024-05-08,180.92523193359375,403.4601745605469,90.25582885742188,188.0,167.99156188964844
2024-05-09,182.737060546875,405.2094421386719,88.59369659423828,189.5,168.5668182373047
2024-05-10,181.47792053222656,407.5876770019531,89.72273254394531,187.47999572753906,167.2675323486328
2024-05-13,184.6802215576172,406.5853271484375,90.24284362792969,186.57000732421875,167.7535400390625
2024-05-14,185.82034301757812,409.3763122558594,91.19818878173828,187.07000732421875,168.9436798095703
2024-05-15,188.09068298339844,416.5338439941406,94.4665298461914,185.99000549316406,171.0958709716797
2024-05-16,188.2096405029297,414.47613525390625,94.19599151611328,183.6300048828125,172.75222778320312
2024-05-17,188.2393798828125,413.7082824707031,92.31922912597656,184.6999969482422,174.61679077148438
2024-05-20,189.39932250976562,418.7588806152344,94.61627197265625,183.5399932861328,175.4697723388672
2024-05-21,190.69808959960938,422.40167236328125,95.2212142944336,183.14999389648438,176.39212036132812
2024-05-22,189.26052856445312,423.8587341308594,94.78597259521484,183.1300048828125,174.93417358398438
2024-05-23,185.27508544921875,420.3932189941406,103.61969757080078,181.0500030517578,172.12738037109375
2024-05-24,188.3484344482422,423.5042724609375,106.28507995605469,180.75,173.55557250976562
2024-05-28,188.35836791992188,423.661865234375,113.70423126220703,182.14999389648438,174.95401000976562
2024-05-29,188.65577697753906,422.5296936035156,114.62664031982422,182.02000427246094,174.4580841064453
2024-05-30,189.6471710205078,408.2539978027344,110.30909729003906,179.32000732421875,170.6991729736328
2024-05-31,190.59896850585938,408.70684814453125,109.443603515625,176.44000244140625,171.0859832763672
2024-06-03,192.36363220214844,407.1217956542969,114.80133056640625,178.33999633789062,171.75048828125
2024-06-04,192.68089294433594,409.6323547363281,116.23585510253906,179.33999633789062,172.3654022216797
2024-06-05,194.18785095214844,417.449462890625,122.2284927368164,181.27999877929688,173.9721221923828
2024-06-06,192.80978393554688,417.9515686035156,120.78897857666016,185.0,175.28131103515625
2024-06-07,195.1990966796875,417.29193115234375,120.6791763305664,184.3000030517578,173.02993774414062
2024-06-10,191.46145629882812,421.2497863769531,121.5796127319336,187.05999755859375,173.7746124267578
2024-06-11,205.3709716796875,425.9853210449219,120.71104431152344,187.22999572753906,175.3732452392578
2024-06-12,211.24014282226562,434.23565673828125,124.99398803710938,186.88999938964844,176.5349884033203
2024-06-13,212.4000701904297,434.7475891113281,129.396728515625,183.8300018310547,173.92355346679688
2024-06-14,210.66513061523438,435.7223205566406,131.66299438476562,183.66000366210938,175.54202270507812
2024-06-17,214.80921936035156,441.43255615234375,130.76446533203125,184.05999755859375,175.98887634277344
2024-06-18,212.44964599609375,439.4339904785156,135.3568878173828,182.80999755859375,173.8540496826172
2024-06-20,207.87924194335938,438.8038635253906,130.56480407714844,186.10000610351562,175.05551147460938
2024-06-21,205.70806884765625,442.8207092285156,126.36173248291016,189.0800018310547,178.3620147705078
2024-06-24,206.3524627685547,440.7433776855469,117.91564178466797,185.57000732421875,177.95489501953125
2024-06-25,207.27450561523438,443.9726257324219,125.88251495361328,186.33999633789062,182.73094177246094
2024-06-26,211.41859436035156,445.16387939453125,126.1920166015625,193.61000061035156,182.58200073242188
2024-06-27,212.26129150390625,445.84320068359375,123.78598022460938,197.85000610351562,184.1011962890625
2024-06-28,208.81118774414062,440.0345458984375,123.33672332763672,193.25,180.86419677734375
2024-07-01,214.8885498046875,449.6632385253906,124.09546661376953,197.1999969482422,181.69830322265625
2024-07-02,218.37832641601562,452.17376708984375,122.46814727783203,200.0,183.93238830566406
2024-07-03,219.64732360839844,453.6406555175781,128.06890869140625,197.58999633789062,184.50831604003906
2024-07-05,224.39617919921875,460.3256530761719,125.62296295166016,200.0,189.25457763671875
2024-07-08,225.8634490966797,459.02606201171875,127.9890365600586,199.2899932861328,187.69564819335938
2024-07-09,226.71609497070312,452.4297180175781,131.16383361816406,199.33999633789062,187.64599609375
2024-07-10,230.97914123535156,459.0358581542969,134.68800354003906,199.7899932861328,189.83045959472656
2024-07-11,225.61561584472656,447.66461181640625,127.19036102294922,195.0500030517578,184.26007080078125
2024-07-12,228.56011962890625,446.53240966796875,129.02735900878906,194.49000549316406,183.76361083984375
2024-07-15,232.386962890625,446.93603515625,128.2286376953125,192.72000122070312,185.2133026123047
2024-07-16,232.8033447265625,442.5647277832031,126.1520767211914,193.02000427246094,182.6217041015625
2024-07-17,226.91436767578125,436.6576232910156,117.79583740234375,187.92999267578125,179.7421875
2024-07-18,222.25473022460938,433.5563049316406,120.89075469970703,183.75,176.43569946289062
2024-07-19,222.38360595703125,430.3467712402344,117.73595428466797,183.1300048828125,176.40591430664062
2024-07-22,222.03660583496094,436.0865173339844,123.33672332763672,182.5500030517578,180.38758850097656
2024-07-23,223.0775909423828,437.9670104980469,122.38827514648438,186.41000366210938,180.50674438476562
2024-07-24,216.6631622314453,422.2638244628906,114.06201171875,180.8300018310547,171.41139221191406
2024-07-25,215.6221923828125,411.92626953125,112.0952377319336,179.85000610351562,166.09915161132812
2024-07-26,216.08815002441406,418.6899719238281,112.87394714355469,182.5,165.82113647460938
2024-07-29,216.36575317382812,420.1273498535156,111.40637969970703,183.1999969482422,168.3332977294922
2024-07-30,216.92092895507812,416.3763732910156,103.5593032836914,181.7100067138672,169.0879364013672
2024-07-31,220.17276000976562,411.8770446777344,116.82743835449219,186.97999572753906,170.3291015625
2024-08-01,216.48471069335938,410.65625,109.0302963256836,184.07000732421875,169.55459594726562
2024-08-02,217.97183227539062,402.16961669921875,107.0934829711914,167.89999389648438,165.4835662841797
2024-08-05,207.4727783203125,389.0359802246094,100.28471374511719,161.02000427246094,158.12586975097656
2024-08-06,205.45028686523438,393.427001953125,104.07846069335938,161.92999267578125,157.17263793945312
2024-08-07,208.01805114746094,392.2652587890625,98.74724578857422,162.77000427246094,157.81805419921875
2024-08-08,211.47808837890625,396.4593505859375,104.7972640991211,165.8000030517578,160.88623046875
2024-08-09,214.38291931152344,399.73785400390625,104.57763671875,166.94000244140625,162.51467895507812
2024-08-12,215.91146850585938,400.5155944824219,108.84061431884766,166.8000030517578,161.14439392089844
2024-08-13,219.62362670898438,407.604248046875,115.94889068603516,170.22999572753906,163.00120544433594
2024-08-14,220.07028198242188,410.4100646972656,117.88569641113281,170.10000610351562,159.23794555664062
2024-08-15,223.04795837402344,415.2626953125,122.65784454345703,177.58999633789062,160.16139221191406
2024-08-16,224.36807250976562,412.7377624511719,124.375,177.05999755859375,161.80967712402344
2024-08-19,224.20925903320312,415.7558288574219,129.7860870361328,178.22000122070312,165.49346923828125
2024-08-20,224.82464599609375,418.9810485839844,127.04061126708984,178.8800048828125,165.99989318847656
2024-08-21,224.71546936035156,418.330078125,128.28854370117188,180.11000061035156,164.6792755126953
2024-08-22,222.859375,409.8576965332031,123.53638458251953,176.1300048828125,162.64373779296875
2024-08-23,225.15219116210938,411.0807800292969,129.1571044921875,177.0399932861328,164.4508819580078
2024-08-26,225.48965454101562,407.8259582519531,126.25190734863281,175.5,164.98707580566406
2024-08-27,226.3333282470703,408.1711730957031,128.08888244628906,173.1199951171875,163.51751708984375
2024-08-28,224.80479431152344,404.9756164550781,125.40331268310547,170.8000030517578,161.70046997070312
2024-08-29,228.0802459716797,407.4610595703125,117.39649963378906,172.1199951171875,160.6380157470703
2024-08-30,227.29612731933594,411.4260559082031,119.17357635498047,178.5,162.22671508789062
2024-09-03,221.1124725341797,403.8315124511719,107.82228088378906,176.25,156.24920654296875
2024-09-04,219.20677185058594,403.298828125,106.03523254394531,173.3300018310547,155.34564208984375
2024-09-05,220.7253875732422,402.7958068847656,107.0335922241211,177.88999938964844,156.1300506591797
2024-09-06,219.17698669433594,396.197509765625,102.66079711914062,171.38999938964844,149.85467529296875
2024-09-09,219.2663116455078,400.16241455078125,106.29481506347656,175.39999389648438,147.85621643066406
2024-09-10,218.47227478027344,408.5262451171875,107.92211151123047,179.5500030517578,147.80648803710938
2024-09-11,221.0032958984375,417.2451477050781,116.7176284790039,184.52000427246094,150.29212951660156
2024-09-12,221.1124725341797,421.15093994140625,118.95413208007812,187.0,153.8018798828125
2024-09-13,220.84446716308594,424.6917419433594,118.91419219970703,186.49000549316406,156.55596923828125
2024-09-16,214.71047973632812,425.4314270019531,116.59780883789062,184.88999938964844,157.15252685546875
2024-09-17,215.17698669433594,429.18927001953125,115.40966796875,186.8800048828125,158.40528869628906
2024-09-18,219.04794311523438,424.9087219238281,113.19313049316406,186.42999267578125,158.89247131347656
2024-09-19,227.16709899902344,432.6807556152344,117.68611145019531,189.8699951171875,161.20909118652344
2024-09-20,226.5020751953125,429.3076477050781,115.81903076171875,191.60000610351562,162.65077209472656
2024-09-23,224.7849578857422,427.5717468261719,116.07862854003906,193.8800048828125,160.92074584960938
2024-09-24,225.67825317382812,423.2912292480469,120.68144226074219,193.9600067138672,161.35821533203125
2024-09-25,224.68569946289062,426.1908874511719,123.31731414794922,192.52999877929688,160.56283569335938
2024-09-26,225.8271484375,425.40185546875,123.84648132324219,191.16000366210938,161.79571533203125
2024-09-27,226.09512329101562,422.1569519042969,121.21060943603516,187.97000122070312,163.00869750976562
2024-09-30,231.26637268066406,424.40570068359375,121.25055694580078,186.3300018310547,164.89779663085938
2024-10-01,224.5269012451172,414.9273681640625,116.81746673583984,185.1300048828125,166.03125
2024-10-02,225.0926513671875,411.41607666015625,118.66458129882812,184.75999450683594,164.9077606201172
2024-10-03,223.9908905029297,410.8341979980469,122.6583480834961,181.9600067138672,164.9077606201172
2024-10-04,225.1124725341797,410.36077880859375,124.72511291503906,186.50999450683594,166.100830078125
2024-10-07,220.04049682617188,403.93011474609375,127.520751953125,180.8000030517578,162.0442657470703
2024-10-08,224.09014892578125,409.02923583984375,132.68267822265625,182.72000122070312,163.4362335205078
2024-10-09,227.83209228515625,411.7416076660156,132.44305419921875,185.1699981689453,160.9307098388672
2024-10-10,227.3358154296875,410.1438293457031,134.5996856689453,186.64999389648438,161.14944458007812
2024-10-11,225.85693359375,410.6171875,134.58970642089844,188.82000732421875,162.3027801513672
2024-10-14,229.57901000976562,413.3985900878906,137.85459899902344,187.5399932861328,164.01290893554688
2024-10-15,232.11004638671875,413.0040588378906,131.3946990966797,187.69000244140625,164.5100555419922
2024-10-16,230.05543518066406,410.419921875,135.50827026367188,186.88999938964844,164.21176147460938
2024-10-17,230.42266845703125,411.01171875,136.71636962890625,187.52999877929688,161.9945526123047
2024-10-18,233.25148010253906,412.4319763183594,137.7847137451172,188.99000549316406,162.4817352294922
2024-10-21,234.72047424316406,413.0434875488281,143.4857940673828,189.07000732421875,163.12802124023438
2024-10-22,234.10508728027344,421.6539611816406,143.36598205566406,189.6999969482422,164.19186401367188
2024-10-23,229.0430145263672,418.7838134765625,139.34226989746094,184.7100067138672,161.84542846679688
2024-10-24,228.85447692871094,418.9120178222656,140.19094848632812,186.3800048828125,161.7857666015625
2024-10-25,229.6881866455078,422.2851867675781,141.31918334960938,187.8300018310547,164.32113647460938
2024-10-28,231.66336059570312,420.74652099609375,140.30079650878906,188.38999938964844,165.7628173828125
2024-10-29,231.93136596679688,426.0330810546875,141.02963256835938,190.8300018310547,168.705810546875
2024-10-30,228.387939453125,426.605224609375,139.12261962890625,192.72999572753906,173.45835876464844
2024-10-31,224.22911071777344,400.7838134765625,132.55287170410156,186.39999389648438,170.12759399414062
2024-11-01,221.25144958496094,404.74871826171875,135.1887664794922,197.92999267578125,170.30654907226562
2024-11-04,220.35812377929688,402.8648986816406,135.8377685546875,195.77999877929688,168.26834106445312
2024-11-05,221.78741455078125,405.82379150390625,139.6917266845703,199.5,168.76547241210938
2024-11-06,221.06283569335938,414.4243469238281,145.38284301757812,207.08999633789062,175.49658203125
2024-11-07,225.7874298095703,419.6024169921875,148.64773559570312,210.0500030517578,179.71226501464844
2024-11-08,225.5191650390625,416.75201416015625,147.399658203125,208.17999267578125,177.32603454589844
2024-11-11,222.8064727783203,412.2840881347656,145.0333709716797,206.83999633789062,179.31455993652344
2024-11-12,222.8064727783203,417.23529052734375,148.05865478515625,208.91000366210938,180.57725524902344
2024-11-13,223.69082641601562,419.3756408691406,146.04180908203125,214.10000610351562,177.85299682617188
2024-11-14,226.7711639404297,421.0424499511719,146.5310516357422,211.47999572753906,174.57192993164062
2024-11-15,223.5716094970703,409.3152770996094,141.7584686279297,202.61000061035156,171.49969482421875
2024-11-18,226.5724334716797,410.06494140625,139.9313507080078,201.6999969482422,174.29354858398438
2024-11-19,226.8307647705078,412.06707763671875,146.78065490722656,204.61000061035156,177.0973358154297
2024-11-20,227.54620361328125,409.798583984375,145.6623992919922,202.8800048828125,174.96961975097656
2024-11-21,227.06924438476562,408.0295715332031,146.44119262695312,198.3800048828125,166.66758728027344
2024-11-22,228.4106903076172,412.1112060546875,141.72854614257812,197.1199951171875,163.81402587890625
2024-11-25,231.39163208007812,413.8801574707031,135.80780029296875,201.4499969482422,166.6874542236328
2024-11-26,233.56771850585938,422.9722900390625,136.70639038085938,207.86000061035156,168.1490020751953
2024-11-27,233.4385528564453,418.0308837890625,135.12884521484375,205.74000549316406,168.25836181640625
2024-11-29,235.8233184814453,418.49542236328125,138.03433227539062,207.88999938964844,167.97999572753906
2024-12-02,238.0689697265625,425.9272766113281,138.41372680664062,210.7100067138672,170.50540161132812
2024-12-03,241.10952758789062,426.1446228027344,140.0411834716797,213.44000244140625,170.3562774658203
2024-12-04,241.46722412109375,432.2917785644531,144.91355895996094,218.16000366210938,173.36886596679688
2024-12-05,241.49705505371094,437.4307861328125,144.84368896484375,220.5500030517578,171.6488037109375
2024-12-06,241.29832458496094,438.36968994140625,142.2275848388672,227.02999877929688,173.70692443847656
2024-12-09,245.18350219726562,440.7909240722656,138.60299682617188,226.08999633789062,174.56297302246094
2024-12-10,246.19703674316406,438.1324157714844,134.8685760498047,225.0399932861328,184.31787109375
2024-12-11,244.92514038085938,443.72613525390625,139.1022491455078,230.25999450683594,194.5008087158203
2024-12-12,246.3858184814453,444.2893981933594,137.1351776123047,228.97000122070312,191.07662963867188
2024-12-13,246.55474853515625,442.0262451171875,134.04978942871094,227.4600067138672,188.9464874267578
2024-12-16,249.44625854492188,446.2956237792969,131.8031463623047,232.92999267578125,195.7550048828125
2024-12-17,251.8707733154297,449.1319885253906,130.195556640625,231.14999389648438,194.52069091796875
2024-12-18,246.47528076171875,432.2620849609375,128.71775817871094,220.52000427246094,187.53298950195312
2024-12-19,248.20419311523438,431.90631103515625,130.48509216308594,223.2899932861328,187.64248657226562
2024-12-20,252.87437438964844,431.4813232421875,134.49911499023438,224.9199981689453,190.52915954589844
2024-12-23,253.6494140625,430.1471862792969,139.4617156982422,225.05999755859375,193.73434448242188
2024-12-24,256.560791015625,434.1793518066406,140.0109100341797,229.0500030517578,195.20753479003906
2024-12-26,257.3756103515625,432.9736633300781,139.72132873535156,227.0500030517578,194.69989013671875
2024-12-27,253.96739196777344,425.4825134277344,136.8056640625,223.75,191.8729248046875
2024-12-30,250.59890747070312,419.8493347167969,137.28494262695312,221.3000030517578,190.3599395751953
2024-12-31,248.83021545410156,416.55841064453125,134.08973693847656,219.38999938964844,188.42886352539062
2025-01-02,242.3019256591797,413.672607421875,138.10372924804688,220.22000122070312,188.55825805664062
2025-01-03,241.8150177001953,418.38671875,144.2545623779297,224.19000244140625,190.9073944091797
2025-01-06,243.44461059570312,422.8339538574219,149.2071533203125,227.61000061035156,195.9640350341797
2025-01-07,240.67233276367188,417.4181823730469,139.93101501464844,222.11000061035156,194.5903778076172
2025-01-08,241.15921020507812,419.5825500488281,139.9010467529297,222.1300048828125,193.0574493408203
2025-01-10,235.34634399414062,414.0382995605469,135.7073211669922,218.94000244140625,191.15625
2025-01-13,232.9119110107422,412.2989501953125,133.0313262939453,218.4600067138672,190.1309814453125
2025-01-14,231.7990264892578,410.7967529296875,131.56349182128906,217.75999450683594,188.78721618652344
2025-01-15,236.35989379882812,421.31201171875,136.03683471679688,223.35000610351562,194.65011596679688
2025-01-16,226.81088256835938,419.6022644042969,133.3708038330078,220.66000366210938,192.02224731445312
2025-01-17,228.5199737548828,424.0000915527344,137.504638671875,225.94000244140625,195.0980224609375
2025-01-21,221.2265625,423.476318359375,140.61997985839844,230.7100067138672,197.13861083984375
2025-01-22,222.4090118408203,440.9688415527344,146.85069274902344,235.00999450683594,197.45712280273438
2025-01-23,222.2401123046875,441.47283935546875,147.00045776367188,235.4199981689453,197.0689239501953
2025-01-24,221.36566162109375,438.85394287109375,142.40731811523438,234.85000610351562,199.28868103027344
2025-01-27,228.40072631835938,429.4653015136719,118.24339294433594,235.4199981689453,190.92730712890625
2025-01-28,236.74740600585938,441.95709228515625,128.79763793945312,238.14999389648438,194.4012451171875
2025-01-29,237.84042358398438,437.14422607421875,123.51553344726562,237.07000732421875,194.51075744628906
2025-01-30,236.08163452148438,410.12469482421875,124.464111328125,234.63999938964844,199.9456329345703
2025-01-31,234.50173950195312,410.1938781738281,119.89093780517578,237.67999267578125,203.08114624023438
2025-02-03,226.56246948242188,406.10247802734375,116.48603820800781,237.4199981689453,200.303955078125
2025-02-04,231.3220672607422,407.5354309082031,118.47305297851562,242.05999755859375,205.43028259277344
2025-02-05,230.99415588378906,408.4446716308594,124.64383697509766,236.1699981689453,190.4495086669922
2025-02-06,231.73939514160156,410.9450378417969,128.48809814453125,238.8300018310547,190.7183074951172
2025-02-07,226.18490600585938,404.9461364746094,129.6463623046875,229.14999389648438,184.48707580566406
2025-02-10,226.45346069335938,407.38720703125,133.3708038330078,233.13999938964844,185.6118927001953
2025-02-11,231.3973388671875,406.6163330078125,132.6019744873047,232.75999450683594,184.46719360351562
2025-02-12,235.62501525878906,404.2444763183594,130.94442749023438,228.92999267578125,182.76504516601562
2025-02-13,240.26051330566406,405.7268981933594,135.08822631835938,230.3699951171875,185.2834014892578
2025-02-14,243.3144073486328,403.6416320800781,138.6429443359375,228.67999267578125,184.37759399414062
2025-02-18,243.18507385253906,404.8374328613281,139.19210815429688,226.64999389648438,182.92430114746094
2025-02-19,243.58294677734375,409.90728759765625,139.02235412597656,226.6300048828125,184.4174041748047
2025-02-20,244.5379180908203,412.07598876953125,139.9010467529297,222.8800048828125,183.71067810058594
2025-02-21,244.2593994140625,404.2331237792969,134.22950744628906,216.5800018310547,178.83323669433594
2025-02-24,245.80125427246094,400.06414794921875,130.08572387695312,212.7100067138672,178.4251251220703
2025-02-25,245.74156188964844,394.0235595703125,126.44115447998047,212.8000030517578,174.6127471923828
2025-02-26,239.09666442871094,395.83575439453125,131.084228515625,214.35000610351562,171.9351043701172
2025-02-27,236.05276489257812,388.7059020996094,119.97081756591797,208.74000549316406,167.72457885742188
2025-02-28,240.56887817382812,393.1224365234375,124.73370361328125,212.27999877929688,169.4963836669922
2025-03-03,236.77891540527344,384.7052307128906,113.88990020751953,205.02000427246094,166.24143981933594
2025-03-04,234.68994140625,384.8240051269531,115.81702423095703,203.8000030517578,170.13345336914062
2025-03-05,234.50094604492188,397.1131591796875,117.12506866455078,208.36000061035156,172.2238006591797
2025-03-06,234.09310913085938,393.0234375,110.40511322021484,200.6999969482422,171.556884765625
2025-03-07,237.81346130371094,389.478271484375,112.52194213867188,199.25,173.05992126464844
2025-03-10,226.28436279296875,376.4563903808594,106.8204574584961,194.5399932861328,165.2968292236328
2025-03-11,219.67926025390625,376.7435607910156,108.59781646728516,196.58999633789062,163.47314453125
2025-03-12,215.83956909179688,379.5361022949219,115.57803344726562,198.88999938964844,166.53256225585938
2025-03-13,208.57791137695312,375.07989501953125,115.41825103759766,193.88999938964844,162.19757080078125
2025-03-14,212.36788940429688,384.7745666503906,121.49972534179688,197.9499969482422,164.9181671142578
2025-03-17,212.875244140625,384.9132385253906,119.36272430419922,195.74000549316406,163.72230529785156
2025-03-18,211.57211303710938,379.7835998535156,115.2684555053711,192.82000732421875,160.1148223876953
2025-03-19,214.10870361328125,384.0417785644531,117.35552978515625,195.5399932861328,163.32366943359375
2025-03-20,212.97470092773438,383.07135009765625,118.3641128540039,194.9499969482422,162.23745727539062
2025-03-21,217.12278747558594,387.4482727050781,117.5352783203125,196.2100067138672,163.42333984375
2025-03-24,219.56985473632812,389.25048828125,121.24009704589844,203.25999450683594,167.10060119628906
2025-03-25,222.573974609375,391.31024169921875,120.52110290527344,205.7100067138672,169.9706268310547
2025-03-26,220.36563110351562,386.1708068847656,113.60079956054688,201.1300048828125,164.48963928222656
2025-03-27,222.6734619140625,386.77484130859375,111.27406311035156,201.36000061035156,161.6793975830078
2025-03-28,216.75469970703125,375.1096496582031,109.51652526855469,192.72000122070312,153.79672241210938
2025-03-31,220.96249389648438,371.73291015625,108.22832489013672,190.25999450683594,154.10565185546875
2025-04-01,222.01690673828125,378.4666442871094,109.995849609375,192.1699981689453,156.52725219726562
2025-04-02,222.71324157714844,378.4171447753906,110.26546478271484,196.00999450683594,156.49734497070312
2025-04-03,202.1220245361328,369.47503662109375,101.65753173828125,178.41000366210938,150.1991729736328
2025-04-04,187.38987731933594,356.3343505859375,94.17801666259766,171.0,145.09689331054688
2025-04-07,180.50625610351562,354.3736572265625,97.50334930419922,175.25999450683594,146.24290466308594
2025-04-08,171.51376342773438,351.10577392578125,96.16522979736328,170.66000366210938,144.19998168945312
2025-04-09,197.8048553466797,386.6857604980469,114.16999816894531,191.10000610351562,158.16159057617188
2025-04-10,189.4191436767578,377.6347961425781,107.4194564819336,181.22000122070312,152.29193115234375
2025-04-11,197.10853576660156,384.6656494140625,110.7747573852539,184.8699951171875,156.5970001220703
2025-04-14,201.45556640625,384.0318603515625,110.55506134033203,182.1199951171875,158.52032470703125
2025-04-15,201.07754516601562,381.97210693359375,112.04297637939453,179.58999633789062,155.7698974609375
2025-04-16,193.24893188476562,367.98968505859375,104.3437728881836,174.3300018310547,152.8001708984375
2025-04-17,195.94468688964844,364.197021484375,101.34796905517578,172.61000061035156,150.63768005371094
2025-04-21,192.14474487304688,355.6213684082031,96.77438354492188,167.32000732421875,147.1597442626953
2025-04-22,198.690185546875,363.246337890625,98.7516098022461,173.17999267578125,150.9466094970703
2025-04-23,203.52462768554688,370.74261474609375,102.5662612915039,180.60000610351562,154.81320190429688
2025-04-24,207.27479553222656,383.52679443359375,106.28105163574219,186.5399932861328,158.7296142578125
2025-04-25,208.18002319335938,388.03253173828125,110.85465240478516,188.99000549316406,161.40036010742188
2025-04-28,209.03550720214844,387.3492126464844,108.57783508300781,187.6999969482422,160.0550079345703
2025-04-29,210.09988403320312,390.201171875,108.867431640625,187.38999938964844,159.6065673828125
2025-04-30,211.38311767578125,391.4092712402344,108.76756286621094,184.4199981689453,158.25128173828125
2025-05-01,212.19879150390625,421.2556457519531,111.45380401611328,190.1999969482422,160.74264526367188
2025-05-02,204.27069091796875,431.0393981933594,114.33976745605469,189.97999572753906,163.46319580078125
2025-05-05,197.84463500976562,431.9207763671875,113.66072082519531,186.35000610351562,163.642578125
2025-05-06,197.4666290283203,429.0885925292969,113.38111114501953,185.00999450683594,162.66595458984375
2025-05-07,195.218505859375,429.1282043457031,116.89617919921875,188.7100067138672,150.85691833496094
2025-05-08,196.45199584960938,433.9012756347656,117.20575714111328,192.0800018310547,153.74688720703125
2025-05-09,197.48654174804688,434.4557800292969,116.48675537109375,193.05999755859375,152.22218322753906
2025-05-12,209.95704650878906,444.8832092285156,122.82787322998047,208.63999938964844,157.9124755859375
2025-05-13,212.08859252929688,444.764404296875,129.7481689453125,211.3699951171875,158.97874450683594
2025-05-14,211.490966796875,448.52734375,135.1505889892578,210.25,164.79856872558594
2025-05-15,210.6144561767578,449.5392761230469,134.6413116455078,205.1699981689453,163.39344787597656
2025-05-16,210.4252166748047,450.67022705078125,135.21051025390625,205.58999633789062,165.61572265625
2025-05-19,207.9550018310547,455.2337951660156,135.38026428222656,206.16000366210938,165.96450805664062
2025-05-20,206.04258728027344,454.53936767578125,134.19192504882812,204.07000732421875,163.41336059570312
2025-05-21,201.29144287109375,448.98370361328125,131.6155548095703,201.1199951171875,167.9775390625
2025-05-22,200.5643310546875,451.25555419921875,132.64410400390625,203.10000610351562,170.27955627441406
2025-05-23,194.4983673095703,446.6126403808594,131.10626220703125,200.99000549316406,167.88784790039062
2025-05-27,199.4188690185547,457.03936767578125,135.31036376953125,206.02000427246094,172.3025360107422
2025-05-28,199.62803649902344,453.7357482910156,134.621337890625,204.72000122070312,171.76441955566406
2025-05-29,199.15988159179688,455.0453186035156,138.99520874023438,205.6999969482422,171.26614379882812
2025-05-30,200.0563507080078,456.7119445800781,134.94090270996094,205.00999450683594,171.14657592773438
2025-06-02,200.90298461914062,458.3092346191406,137.187744140625,206.64999389648438,168.44593811035156
2025-06-03,202.46678161621094,459.3013000488281,141.02235412597656,205.7100067138672,165.6057586669922
2025-06-04,202.0185546875,460.1941833496094,141.7213897705078,207.22999572753906,167.4693145751953
2025-06-05,199.8372039794922,463.9739685058594,139.79409790039062,207.91000366210938,167.62876892089844
2025-06-06,203.11419677734375,466.6525573730469,141.5216522216797,213.57000732421875,173.07984924316406
2025-06-09,200.65396118164062,469.0038146972656,142.43040466308594,216.97999572753906,175.69395446777344
2025-06-10,201.869140625,467.18829345703125,143.75852966308594,217.61000061035156,178.19833374023438
2025-06-11,197.9945068359375,468.8748474121094,142.6400146484375,213.1999969482422,176.9511260986328
2025-06-12,198.41285705566406,475.0753173828125,144.80712890625,213.24000549316406,175.30484008789062
2025-06-13,195.67372131347656,471.1962890625,141.78114318847656,212.10000610351562,174.27716064453125
2025-06-16,197.6359405517578,475.3431701660156,144.49754333496094,216.10000610351562,176.3724365234375
2025-06-17,194.86692810058594,474.2518615722656,143.92828369140625,214.82000732421875,175.5542755126953
2025-06-18,195.80319213867188,476.4344482421875,145.28648376464844,212.52000427246094,172.93020629882812
2025-06-20,200.2057647705078,473.616943359375,143.65866088867188,209.69000244140625,166.2652130126953
2025-06-23,200.70376586914062,482.1488037109375,143.97824096679688,208.47000122070312,164.81846618652344
2025-06-24,199.5084991455078,486.2261962890625,147.7032470703125,212.77000427246094,166.3949432373047
2025-06-25,200.76351928710938,488.3691101074219,154.10475158691406,211.99000549316406,170.29612731933594
2025-06-26,200.2057647705078,493.5080871582031,154.8137969970703,217.1199951171875,173.1497039794922
2025-06-27,200.2854461669922,492.0100402832031,157.54019165039062,223.3000030517578,178.12847900390625
2025-06-30,204.3592529296875,493.4683837890625,157.7798614501953,219.38999938964844,175.83364868164062
2025-07-01,206.99879455566406,488.1508483886719,153.09609985351562,220.4600067138672,175.44451904296875
2025-07-02,211.6005401611328,487.1984558105469,157.04083251953125,219.9199981689453,178.2382354736328
2025-07-03,212.70614624023438,494.8870544433594,159.1280517578125,223.41000366210938,179.12623596191406
2025-07-07,209.12037658691406,493.77593994140625,158.02952575683594,223.47000122070312,176.3923797607422
2025-07-08,209.1801300048828,492.6846618652344,159.7871856689453,219.36000061035156,173.9678497314453
2025-07-09,210.30567932128906,499.52008056640625,162.66334533691406,222.5399932861328,176.2227783203125
2025-07-10,211.57064819335938,497.5061340332031,163.88172912597656,222.25999450683594,177.22052001953125
2025-07-11,210.3256072998047,499.3315734863281,164.7006378173828,225.02000427246094,179.7847442626953
2025-07-14,207.7956085205078,499.0339050292969,163.85177612304688,225.69000244140625,181.1516571044922
2025-07-15,208.28369140625,501.811767578125,170.4729461669922,226.35000610351562,181.59066772460938
2025-07-16,209.3295440673828,501.6133117675781,171.14205932617188,223.19000244140625,182.55848693847656
2025-07-17,209.19009399414062,507.6451416015625,172.7698974609375,223.8800048828125,183.1671142578125
2025-07-18,210.3455047607422,506.0082092285156,172.18069458007812,226.1300048828125,184.64378356933594
2025-07-21,211.64036560058594,506.0181579589844,171.1520538330078,229.3000030517578,189.67245483398438
2025-07-22,213.5527801513672,501.2660827636719,166.80784606933594,227.47000122070312,190.90966796875
2025-07-23,213.30377197265625,501.861328125,170.55284118652344,228.2899932861328,189.8021697998047
2025-07-24,212.91531372070312,506.8316650390625,173.5089111328125,232.22999572753906,191.73777770996094
2025-07-25,213.0348358154297,509.6392517089844,173.26922607421875,231.44000244140625,192.74551391601562
2025-07-28,213.20419311523438,508.4388427734375,176.514892578125,232.7899932861328,192.14688110351562
2025-07-29,210.43516540527344,508.5082702636719,175.27655029296875,231.00999450683594,195.30975341796875
2025-07-30,208.22393798828125,509.1729736328125,179.03155517578125,230.19000244140625,196.08799743652344
2025-07-31,206.74977111816406,529.2723999023438,177.63340759277344,234.11000061035156,191.46839904785156
2025-08-01,201.58029174804688,519.9568481445312,173.4889373779297,214.75,188.70465087890625
2025-08-04,202.5464630126953,531.3954467773438,179.76058959960938,211.64999389648438,194.60133361816406
2025-08-05,202.11814880371094,523.5679321289062,178.02288818359375,213.75,194.23216247558594
2025-08-06,212.40733337402344,520.7802124023438,179.1813507080078,222.30999755859375,195.64898681640625
2025-08-07,219.16053771972656,516.7127685546875,180.52957153320312,223.1300048828125,196.07801818847656
2025-08-08,228.44371032714844,517.9031982421875,182.45700073242188,222.69000244140625,200.96697998046875
2025-08-11,226.53909301757812,517.6353149414062,181.8178253173828,221.3000030517578,200.54794311523438
2025-08-12,229.0021209716797,525.046142578125,182.9163818359375,221.47000122070312,202.88267517089844
2025-08-13,232.6717529296875,516.454833984375,181.3484649658203,224.55999755859375,201.5057830810547
2025-08-14,232.123291015625,518.3397216796875,181.7778778076172,230.97999572753906,202.4835662841797
2025-08-15,230.9366455078125,516.0479736328125,180.20997619628906,231.02999877929688,203.44140625
2025-08-18,230.23863220214844,513.0023803710938,181.76788330078125,231.49000549316406,203.0423126220703
2025-08-19,229.90956115722656,505.73040771484375,175.4063720703125,228.00999450683594,201.11666870117188
2025-08-20,225.3723907470703,501.7125549316406,175.16668701171875,223.80999755859375,198.87171936035156
2025-08-21,224.26553344726562,501.06658935546875,174.7472381591797,221.9499969482422,199.30075073242188
2025-08-22,227.11746215820312,504.037841796875,177.75326538085938,228.83999633789062,205.62648010253906
2025-08-25,226.51914978027344,501.0865173339844,179.57083129882812,227.94000244140625,208.02110290527344
2025-08-26,228.6630859375,498.8804931640625,181.52822875976562,228.7100067138672,206.67413330078125
2025-08-27,229.8397674560547,503.5509033203125,181.35845947265625,229.1199951171875,207.01336669921875
2025-08-28,231.9039306640625,506.43267822265625,179.93035888671875,231.60000610351562,211.16400146484375
2025-08-29,231.485107421875,503.501220703125,173.94830322265625,229.0,212.43115234375
2025-09-02,229.0719451904297,501.9410705566406,170.55284118652344,225.33999633789062,210.8746795654297
2025-09-03,237.79725646972656,502.1696472167969,170.39306640625,225.99000549316406,230.1412353515625
2025-09-04,239.10354614257812,504.7731628417969,171.4316864013672,235.67999267578125,231.7775421142578
2025-09-05,239.0137939453125,491.8847961425781,166.79786682128906,232.3300018310547,234.47146606445312
2025-09-08,237.2089080810547,495.06463623046875,168.08612060546875,235.83999633789062,233.72247314453125
2025-09-09,233.68887329101562,495.2733154296875,170.53285217285156,238.24000549316406,239.30490112304688
2025-09-10,226.1501922607422,497.2209777832031,177.09413146972656,230.3300018310547,238.84552001953125
2025-09-11,229.3810577392578,497.8569641113281,176.9443359375,229.9499969482422,240.0438995361328
2025-09-12,233.40966796875,506.6910095214844,177.59349060058594,228.14999389648438,240.4733123779297
2025-09-15,236.0322265625,512.1166381835938,177.52359008789062,231.42999267578125,251.26864624023438
2025-09-16,237.4781494140625,505.83642578125,174.65724182128906,234.0500030517578,250.8192596435547
2025-09-17,238.3157958984375,506.81024169921875,170.0730743408203,231.6199951171875,249.19146728515625
2025-09-18,237.2089080810547,505.2501525878906,176.01551818847656,231.22999572753906,251.68807983398438
2025-09-19,244.8074188232422,514.6704711914062,176.4449462890625,231.47999572753906,254.3744354248047
2025-09-22,255.35755920410156,511.21240234375,183.37611389160156,227.6300048828125,252.18740844726562
2025-09-23,253.71221923828125,506.0252685546875,178.2027130126953,220.7100067138672,251.31858825683594
2025-09-24,251.59820556640625,506.9394226074219,176.74456787109375,220.2100067138672,246.80471801757812
2025-09-25,256.14532470703125,503.8390808105469,177.4636688232422,218.14999389648438,245.45652770996094
2025-09-26,254.73931884765625,508.24114990234375,177.96302795410156,219.77999877929688,246.2055206298828
2025-09-29,253.71221923828125,511.36138916015625,181.61837768554688,222.1699981689453,243.71890258789062
2025-09-30,253.9116668701172,514.6903686523438,186.3423309326172,219.57000732421875,242.77020263671875
2025-10-01,254.72933959960938,516.4392700195312,187.00149536132812,220.6300048828125,244.5677490234375
2025-10-02,256.40460205078125,512.4942016601562,188.64939880371094,222.41000366210938,245.356689453125
2025-10-03,257.2920837402344,514.0940551757812,187.38101196289062,219.50999450683594,245.0171356201172
2025-10-06,255.96583557128906,525.2435302734375,185.30364990234375,220.89999389648438,250.09024047851562
2025-10-07,255.75645446777344,520.682373046875,184.80429077148438,221.77999877929688,245.42657470703125
2025-10-08,257.3320007324219,521.546875,188.86911010742188,225.22000122070312,244.2881317138672
2025-10-09,253.32330322265625,519.1123657226562,192.32470703125,227.74000549316406,241.2023162841797
2025-10-10,244.57806396484375,507.74432373046875,182.92669677734375,216.3699951171875,236.24905395507812
2025-10-13,246.96133422851562,510.8149108886719,188.0801239013672,220.07000732421875,243.8187713623047
2025-10-14,247.07101440429688,510.3378601074219,179.8006591796875,216.38999938964844,245.11700439453125
2025-10-15,248.63658142089844,510.19879150390625,179.60093688964844,215.57000732421875,250.68943786621094
2025-10-16,246.75192260742188,508.3902282714844,181.5784149169922,214.47000122070312,251.1188507080078
2025-10-17,251.5782470703125,510.3478698730469,182.9866180419922,213.0399932861328,252.95635986328125
2025-10-20,261.50018310546875,513.53759765625,182.4073486328125,216.47999572753906,256.2019348144531
2025-10-21,262.0286560058594,514.4021606445312,180.92922973632812,222.02999877929688,250.12020874023438
2025-10-22,257.72088623046875,517.2639770507812,180.05035400390625,217.9499969482422,251.34854125976562
2025-10-23,258.84765625,517.283935546875,181.92796325683594,221.08999633789062,252.7366485595703
2025-10-24,262.0785827636719,520.314697265625,186.02272033691406,224.2100067138672,259.5674133300781
2025-10-27,268.0516662597656,528.1749877929688,191.24607849121094,226.97000122070312,268.9046630859375
2025-10-28,268.2411193847656,538.6585083007812,200.77394104003906,229.25,267.1071472167969
2025-10-29,268.93914794921875,538.1417846679688,206.77627563476562,230.3000030517578,274.197509765625
2025-10-30,270.63433837890625,522.451171875,202.63156127929688,222.86000061035156,281.09814453125
2025-10-31,269.6072692871094,514.5512084960938,202.23207092285156,244.22000122070312,280.80853271484375
2025-11-03,268.29095458984375,513.776123046875,206.61647033691406,254.0,283.3350830078125
2025-11-04,269.2781982421875,511.0931701660156,198.43690490722656,249.32000732421875,277.1634826660156
2025-11-05,269.3779296875,503.9682312011719,194.9613494873047,250.1999969482422,283.9242858886719
2025-11-06,269.0089416503906,493.9715576171875,187.84042358398438,243.0399932861328,284.36370849609375
2025-11-07,267.7126159667969,493.6933288574219,187.91033935546875,244.41000366210938,278.4516906738281
2025-11-10,268.93035888671875,502.8155517578125,198.7964630126953,248.39999389648438,289.7064208984375
2025-11-11,274.73956298828125,505.4786682128906,192.91395568847656,249.10000610351562,290.9147644042969
2025-11-12,272.9628601074219,507.9232177734375,193.5531463623047,244.1999969482422,286.3210144042969
2025-11-13,272.44384765625,500.1225891113281,186.62196350097656,237.5800018310547,278.19207763671875
2025-11-14,271.9048156738281,506.9692687988281,189.92774963378906,234.69000244140625,276.0350036621094
2025-11-17,266.9639892578125,504.2961730957031,186.3623046875,232.8699951171875,284.63330078125
2025-11-18,266.9440612792969,490.6824035644531,181.1289825439453,222.5500030517578,283.8943176269531
2025-11-19,268.06195068359375,484.05438232421875,186.28240966796875,222.69000244140625,292.4127502441406
2025-11-20,265.7562561035156,476.3088684082031,180.40989685058594,217.13999938964844,289.05731201171875
2025-11-21,270.98651123046875,470.0268249511719,178.6521453857422,220.69000244140625,299.2534484863281
2025-11-24,275.4083251953125,471.8985290527344,182.31747436523438,226.27999877929688,318.14776611328125
2025-11-25,276.4563903808594,474.8752136230469,177.59349060058594,229.6699981689453,323.0011901855469
2025-11-26,277.0352783203125,483.3475036621094,180.03038024902344,229.16000366210938,319.5159606933594
2025-11-28,278.3328857421875,489.82867431640625,176.7745361328125,233.22000122070312,319.74560546875
2025-12-01,282.57501220703125,484.5820007324219,179.69082641601562,233.8800048828125,314.4627990722656
2025-12-02,285.6592712402344,487.82757568359375,181.22885131835938,234.4199981689453,315.38153076171875
2025-12-03,283.623046875,475.6119689941406,179.36123657226562,232.3800048828125,319.1963806152344
2025-12-04,280.179443359375,478.7081604003906,183.1566162109375,229.11000061035156,317.1890869140625
2025-12-05,278.26300048828125,481.01788330078125,182.1877899169922,229.52999877929688,320.8341064453125
2025-12-08,277.3746643066406,488.8430480957031,185.323974609375,226.88999938964844,313.49932861328125
2025-12-09,276.66595458984375,489.8385925292969,184.7446746826172,227.9199981689453,316.85693359375
2025-12-10,278.26300048828125,476.4382629394531,183.55612182617188,231.77999877929688,319.9847412109375
2025-12-11,277.514404296875,481.3265075683594,180.70957946777344,230.27999877929688,312.210205078125
2025-12-12,277.7639465332031,476.4084167480469,174.80679321289062,226.19000244140625,309.07244873046875
2025-12-15,273.6016540527344,472.7148742675781,176.0752410888672,222.5399932861328,308.003173828125
2025-12-16,274.1007385253906,474.2779235839844,177.50350952148438,222.55999755859375,306.3543395996094
2025-12-17,271.33587646484375,474.00909423828125,170.7317657470703,221.27000427246094,296.5112609863281
2025-12-18,271.68524169921875,481.8342590332031,173.9278564453125,226.75999450683594,302.2472229003906
2025-12-19,273.1625061035156,483.7656555175781,180.76951599121094,227.35000610351562,306.9439392089844
2025-12-22,270.4674987792969,482.7701110839844,183.4662322998047,228.42999267578125,309.56207275390625
2025-12-23,271.85491943359375,484.6915588378906,188.97950744628906,232.13999938964844,314.1288757324219
2025-12-24,273.3022155761719,485.8563232421875,188.38023376464844,232.3800048828125,313.8690490722656
2025-12-26,272.8929748535156,485.5477294921875,190.2978973388672,232.52000427246094,313.2894592285156
2025-12-29,273.2523498535156,484.9404296875,187.99070739746094,232.07000732421875,313.33941650390625
2025-12-30,272.5735778808594,485.3187561035156,187.31153869628906,232.52999877929688,313.6292419433594
2025-12-31,271.3558349609375,481.4758605957031,186.27281188964844,230.82000732421875,312.7798156738281
2026-01-02,270.5074157714844,470.84320068359375,188.6199493408203,226.5,314.9283142089844
2026-01-05,266.7643737792969,470.75360107421875,187.89083862304688,233.05999755859375,316.3173522949219
2026-01-06,261.8734436035156,476.3885192871094,187.0119171142578,240.92999267578125,314.1188659667969
2026-01-07,259.8471984863281,481.3265075683594,188.87962341308594,241.55999755859375,321.7535095214844
2026-01-08,258.55963134765625,475.9902648925781,184.81459045410156,246.2899932861328,325.2110595703125
2026-01-09,258.8890075683594,477.15509033203125,184.63479614257812,247.3800048828125,328.3388671875
2026-01-12,259.76739501953125,475.06439208984375,184.71470642089844,246.47000122070312,331.62652587890625
2026-01-13,260.5658874511719,468.5832824707031,185.58364868164062,242.60000610351562,335.7336730957031
2026-01-14,259.4779052734375,457.3433532714844,182.91688537597656,236.64999389648438,335.603759765625
2026-01-15,257.73114013671875,454.6354064941406,186.8221435546875,238.17999267578125,332.5458984375
2026-01-16,255.05613708496094,457.8211975097656,186.0031280517578,239.1199951171875,329.7678527832031
2026-01-20,246.2425079345703,452.5048522949219,177.8530731201172,231.0,321.77349853515625
2026-01-21,247.1907501220703,442.1409912109375,183.09669494628906,231.30999755859375,328.1490173339844
2026-01-22,247.8894500732422,449.1398620605469,184.6148223876953,234.33999633789062,330.3074951171875
2026-01-23,247.58001708984375,463.8841857910156,187.44137573242188,239.16000366210938,327.6993103027344
2026-01-26,254.9363555908203,468.1949768066406,186.2428436279297,238.4199981689453,333.02557373046875
2026-01-27,257.791015625,478.4493408203125,188.29034423828125,244.67999267578125,334.31463623046875
2026-01-28,255.96446228027344,479.4946594238281,191.2866973876953,243.00999450683594,335.7736511230469
2026-01-29,257.801025390625,431.57806396484375,192.27548217773438,241.72999572753906,338.0120544433594
2026-01-30,258.9988098144531,428.3822937011719,190.8971710205078,239.3000030517578,337.7622375488281
2026-02-02,269.5093078613281,421.49298095703125,185.38389587402344,242.9600067138672,343.4482421875
2026-02-03,268.98028564453125,409.3868713378906,180.12030029296875,238.6199951171875,339.47100830078125
2026-02-04,275.97723388671875,412.35369873046875,173.97779846191406,232.99000549316406,332.80572509765625
2026-02-05,275.3983459472656,391.9246520996094,171.6706085205078,222.69000244140625,331.0169677734375
2026-02-06,277.6042175292969,399.3615417480469,185.1841278076172,210.32000732421875,322.63287353515625
2026-02-09,274.3672180175781,411.76629638671875,189.80848693847656,208.72000122070312,324.09185791015625
2026-02-10,273.4280700683594,411.437744140625,188.31031799316406,206.9600067138672,318.3558654785156
2026-02-11,275.24639892578125,402.5771789550781,189.8184814453125,204.0800018310547,310.7412414550781
2026-02-12,261.4891052246094,400.05841064453125,186.7122802734375,199.60000610351562,308.7826232910156
2026-02-13,255.5445556640625,399.5407409667969,182.58731079101562,198.7899932861328,305.50494384765625
2026-02-17,263.6371154785156,395.1004943847656,184.7446746826172,201.14999389648438,301.8075256347656
2026-02-18,264.106689453125,397.8283386230469,187.75099182128906,204.7899932861328,303.1166076660156
2026-02-19,260.3401184082031,397.5988464355469,187.6710968017578,204.86000061035156,302.636962890625
2026-02-20,264.3364562988281,396.37152099609375,189.58877563476562,210.11000061035156,314.7584228515625
2026-02-23,265.9349670410156,383.6390686035156,191.31666564941406,205.27000427246094,311.2708740234375
2026-02-24,271.8895263671875,388.1593017578125,192.61508178710938,208.55999755859375,310.6813049316406
2026-02-25,273.97760009765625,399.7342224121094,195.32176208496094,210.63999938964844,312.67987060546875
2026-02-26,272.6987609863281,400.851806640625,184.66476440429688,207.9199981689453,307.1637878417969
2026-02-27,263.93682861328125,391.8912048339844,176.97415161132812,210.0,311.54071044921875
2026-03-02,264.476318359375,397.6886291503906,182.25770568847656,208.38999938964844,306.3043518066406
2026-03-03,263.5072326660156,403.0570068359375,179.83065795898438,208.72999572753906,303.3664245605469
2026-03-04,262.2783508300781,404.32427978515625,182.8170166015625,216.82000732421875,302.9167785644531
2026-03-05,260.0504150390625,409.79241943359375,183.1166534423828,218.94000244140625,300.6683349609375
2026-03-06,257.2229919433594,408.0761413574219,177.60337829589844,213.2100067138672,298.30999755859375
2026-03-09,259.6407775878906,408.5251770019531,182.427490234375,213.49000549316406,306.3599853515625
2026-03-10,260.58990478515625,404.8830871582031,184.544921875,214.3300018310547,307.0400085449219
2026-03-11,260.5699157714844,404.0049743652344,185.8134307861328,212.64999389648438,308.70001220703125
2026-03-12,255.52456665039062,400.9914855957031,182.9268035888672,209.52999877929688,303.54998779296875
2026-03-13,249.8897705078125,394.69512939453125,180.0401611328125,207.6699981689453,302.2799987792969
2026-03-16,252.58729553222656,399.08563232421875,183.0067138671875,211.74000549316406,305.55999755859375
2026-03-17,253.99598693847656,398.5467834472656,181.71820068359375,215.1999969482422,310.9200134277344
2026-03-18,249.70994567871094,390.9432678222656,180.1899871826172,209.8699951171875,307.69000244140625
2026-03-19,248.73085021972656,388.1792297363281,178.3521270751953,208.75999450683594,307.1300048828125
2026-03-20,247.76173400878906,381.0447082519531,172.4989471435547,205.3699951171875,301.0
2026-03-23,251.25851440429688,382.1722717285156,175.43553161621094,210.13999938964844,302.05999755859375
2026-03-24,251.4083709716797,371.9344177246094,174.99603271484375,207.24000549316406,290.44000244140625
2026-03-25,252.38746643066406,370.2381286621094,178.47198486328125,211.7100067138672,290.92999267578125
2026-03-26,252.6572265625,365.1790771484375,171.04066467285156,207.5399932861328,280.9200134277344
2026-03-27,248.57098388671875,355.9989318847656,167.32498168945312,199.33999633789062,274.3399963378906
2026-03-30,246.40298461914062,358.1842041015625,164.97772216796875,200.9499969482422,273.5
2026-03-31,253.55638122558594,369.3699951171875,174.1969757080078,208.27000427246094,287.55999755859375
2026-04-01,255.3946990966797,368.57171630859375,175.54541015625,210.57000732421875,297.3900146484375
2026-04-02,255.68443298339844,372.6528625488281,177.18348693847656,209.77000427246094,295.7699890136719
2026-04-06,258.6217041015625,372.0741271972656,177.43319702148438,212.7899932861328,299.989990234375
2026-04-07,253.26666259765625,371.48541259765625,177.89266967773438,213.77000427246094,305.4599914550781
2026-04-08,258.66168212890625,373.52099609375,181.8680419921875,221.25,317.32000732421875
2026-04-09,260.2502136230469,372.26373291015625,183.69590759277344,233.64999389648438,318.489990234375
2026-04-10,260.240234375,370.0684814453125,188.41041564941406,238.3800048828125,317.239990234375
2026-04-13,258.96142578125,383.539306640625,189.08961486816406,239.88999938964844,321.30999755859375
2026-04-14,258.59173583984375,392.2604064941406,196.28123474121094,249.02000427246094,332.9100036621094
2026-04-15,266.18475341796875,410.3312683105469,198.63848876953125,248.5,337.1199951171875
2026-04-16,263.15753173828125,419.35174560546875,198.1190948486328,249.6999969482422,336.0199890136719
2026-04-17,269.98126220703125,421.87628173828125,201.44520568847656,250.55999755859375,341.67999267578125
2026-04-20,272.79864501953125,417.1664733886719,201.82476806640625,248.27999877929688,337.4200134277344
2026-04-21,265.9250183105469,423.2433166503906,199.64732360839844,249.91000366210938,332.2900085449219
2026-04-22,272.9185791015625,431.984375,202.26426696777344,255.36000061035156,339.32000732421875
2026-04-23,273.1783142089844,414.8514709472656,199.4075927734375,255.0800018310547,338.8900146484375
2026-04-24,270.81048583984375,423.7023010253906,208.0275421142578,263.989990234375,344.3999938964844
2026-04-27,267.3636474609375,423.9018859863281,216.3578338623047,261.1199951171875,350.3399963378906
2026-04-28,270.4608154296875,428.3222961425781,212.92184448242188,259.70001220703125,349.7799987792969
2026-04-29,269.92132568359375,423.5426330566406,209.00640869140625,263.0400085449219,349.94000244140625
2026-04-30,271.1002502441406,406.8987121582031,199.33767700195312,265.05999755859375,384.79998779296875
2026-05-01,279.88214111328125,413.5443115234375,198.21897888183594,268.260009765625,385.69000244140625
2026-05-04,276.5751647949219,412.72607421875,198.24893188476562,272.04998779296875,383.25
2026-05-05,283.9184265136719,410.4909362792969,196.271240234375,273.54998779296875,388.42999267578125
2026-05-06,287.245361328125,413.0653381347656,207.5880584716797,274.989990234375,398.0400085449219
2026-05-07,287.1754150390625,419.8606262207031,211.2537841796875,271.1700134277344,397.989990234375
2026-05-08,293.0500183105469,414.22283935546875,214.94947814941406,272.67999267578125,400.79998779296875
2026-05-11,292.67999267578125,411.7681579589844,219.18453979492188,268.989990234375,388.6400146484375
2026-05-12,294.79998779296875,406.8887023925781,220.52297973632812,265.82000732421875,387.3500061035156
2026-05-13,298.8699951171875,404.3342590332031,225.56710815429688,270.1300048828125,402.6199951171875
2026-05-14,298.2099914550781,408.5451354980469,235.465576171875,267.2200012207031,401.07000732421875
2026-05-15,300.2300109863281,421.0081481933594,225.05770874023438,264.1400146484375,396.7799987792969
2026-05-18,297.8399963378906,422.6246643066406,222.0612030029297,264.8599853515625,396.94000244140625
2026-05-19,298.9700012207031,416.51788330078125,220.35317993164062,259.3399963378906,387.6600036621094
2026-05-20,302.25,420.1499938964844,223.20985412597656,265.010009765625,388.9100036621094
2026-05-21,304.989990234375,419.0899963378906,219.25445556640625,268.4599914550781,387.6600036621094
2026-05-22,308.82000732421875,418.57000732421875,215.07933044433594,266.32000732421875,382.9700012207031
2026-05-26,308.3299865722656,416.0299987792969,214.60987854003906,265.2900085449219,388.8800048828125
2026-05-27,310.8500061035156,412.6700134277344,212.35250854492188,271.8500061035156,388.8299865722656
2026-05-28,312.510009765625,426.989990234375,214.00057983398438,274.0,390.1300048828125
2026-05-29,312.05999755859375,450.239990234375,210.8942108154297,270.6400146484375,380.3399963378906
2026-06-01,306.30999755859375,460.5199890136719,224.09881591796875,261.260009765625,376.3699951171875
2026-06-02,315.20001220703125,441.30999755859375,222.56060791015625,256.5199890136719,361.8500061035156
2026-06-03,310.260009765625,427.3399963378906,214.5,250.02000427246094,358.989990234375
2026-06-04,311.2300109863281,428.04998779296875,218.66000366210938,253.7899932861328,372.19000244140625
2026-06-05,307.3399963378906,416.6700134277344,205.10000610351562,246.02999877929688,368.5299987792969
