date,usd_mxn,udi,cetes_28d_carry,tiie_28d_carry,policy_rate_carry
2018-01-02,19.4899,5.937773,100.0,100.0,100.0201388888889
2018-01-03,19.3717,5.939385,100.0201388888889,100.0211875,100.04028183352625
2018-01-04,19.2427,5.940997,100.04028183352625,100.04237254318575,100.06042883472884
2018-01-05,19.2737,5.942609,100.06042883472884,100.06356207348135,100.0805798933136
2018-01-08,19.2323,5.947449,100.12089418589834,100.1271926336204,100.141057421533
2018-01-09,19.3065,5.949064,100.141057421533,100.14840902947728,100.1612247178193
2018-01-10,19.2405,5.950678,100.1611969008589,100.16963492839102,100.18139607557497
2018-01-11,19.3433,5.95177,100.18134043045785,100.19086476951813,100.20157149561797
2018-01-12,19.0446,5.952862,100.20148801114442,100.21209938838216,100.2217509787664
2018-01-15,18.8113,5.95614,100.26195506787785,100.27585197362055,100.2823138150277
2018-01-16,18.8362,5.957233,100.28211886106374,100.29711686075173,100.30250955878213
2018-01-17,18.655,5.958326,100.30228670941246,100.31837065562384,100.32270936973495
2018-01-18,18.6361,5.959419,100.32245861373956,100.3396420514728,100.34291324870526
2018-01-19,18.5813,5.960512,100.34263457486077,100.36091349814524,100.3631211965123
2018-01-22,18.7118,5.963794,100.40318680714844,100.42478167281881,100.42376946114886
2018-01-23,18.798,5.964888,100.42337900360631,100.44610185396796,100.44399369249868
2018-01-24,18.5178,5.965983,100.44360315632233,100.46743269976446,100.46422199678398
2018-01-25,18.478,5.967077,100.46383138195797,100.48877505230811,100.484454374825
2018-01-26,18.4672,5.967965,100.48406368133351,100.51011244801302,100.50469082744218
2018-01-29,18.6196,5.970627,100.54478503010435,100.57415936463411,100.56542464095702
2018-01-30,18.6982,5.971515,100.56503363264515,100.59554534213233,100.5856774000861
2018-01-31,18.6069,5.972403,100.58525837829795,100.61695682452634,100.60593423789585
2018-02-01,18.4004,5.973291,100.60548719137181,100.63836587700624,100.62619515520765
2018-02-02,18.5248,5.974179,100.62572007268473,100.65979150555042,100.64646015284309
2018-02-06,18.7009,5.977733,100.706692296693,100.74554747810404,100.7275609630582
2018-02-07,18.6492,5.978622,100.72725324637024,100.76702586912889,100.74784637464104
2018-02-08,18.8815,5.979511,100.74781839390803,100.78854018896877,100.7681358714804
2018-02-09,18.8623,5.9804,100.76838774016343,100.81011341605988,100.78912923312029
2018-02-12,18.6703,5.983752,100.83012097980865,100.87599036794526,100.8521355633869
2018-02-13,18.6269,5.984984,100.85070712950869,100.89795891695871,100.87314642496261
2018-02-14,18.6025,5.986216,100.871717693494,100.91990982846531,100.89416166380114
2018-02-15,18.5159,5.987448,100.89273263468014,100.94187392550712,100.91518128081442
2018-02-16,18.4797,5.988681,100.91375195397904,100.96383579293828,100.9362052769146
2018-02-19,18.536,5.992379,100.97683618967423,101.02968693893264,100.99930354886044
2018-02-20,18.6594,5.993613,100.99787303054708,101.0516117841885,101.02034507043311
2018-02-21,18.6518,5.994847,101.01888619913038,101.07359387813861,101.04139097565611
2018-02-22,18.6574,5.996081,101.03990373962013,101.0955773848071,101.06244126544273
2018-02-23,18.5659,5.997315,101.06092565292595,101.1175726934145,101.08349594070636
2018-02-26,18.6456,6.000729,101.12401763883861,101.18352411047124,101.14668628849688
2018-02-27,18.7902,6.001675,101.14505705250845,101.20554023999095,101.16775851480699
2018-02-28,18.8331,6.00262,101.16604465184685,101.22755666189067,101.18883513116425
2018-03-01,18.861,6.003566,101.1870366061121,101.24957196833869,101.20991613848325
2018-03-02,18.8909,6.004512,101.20803291620786,101.27157800030837,101.23100153767876
2018-03-05,18.8838,6.00735,101.27104799051747,101.33768558708343,101.29428409567518
2018-03-06,18.7246,6.008296,101.2920617329755,101.3597054216808,101.31538707152845
2018-03-07,18.7922,6.009243,101.31316424583655,101.38175087605528,101.33649444383501
2018-03-08,18.7148,6.010189,101.33427115505442,101.40380140687083,101.35760621351082
2018-03-09,18.5812,6.011136,101.35538246154505,101.42588377469053,101.37872238147196
2018-03-12,18.6199,6.012429,101.41874277381542,101.49215888957659,101.44209728423156
2018-03-13,18.5604,6.012603,101.43987167855997,101.5142193380019,101.46323105449912
2018-03-14,18.5854,6.012776,101.46089227419112,101.5362986807079,101.48436922763548
2018-03-15,18.7023,6.012949,101.48191722575683,101.55838282567096,101.50551180455791
2018-03-16,18.7216,6.013122,101.50294653415972,101.5804576686046,101.52665878618387
2018-03-20,18.7614,6.013814,101.58710735420264,101.66888973851253,101.61129077807874
2018-03-21,18.6001,6.013987,101.60810202305586,101.69102587994443,101.63245979699083
2018-03-22,18.5078,6.01416,101.62910103080729,101.71317588023152,101.6536332261152
2018-03-23,18.5364,6.014334,101.65010437835366,101.73533381306044,101.67481106637064
2018-03-26,18.3268,6.015786,101.71314046873223,101.80183657801835,101.73837106311419
2018-03-27,18.3445,6.016892,101.73430245267974,101.82402457108341,101.75956655708566
2018-03-28,18.2709,6.017998,101.75546883949558,101.84622305697346,101.78076646678507
2018-04-02,18.2967,6.023533,101.86136684866779,101.95731641465069,101.88683228340545
2018-04-03,18.2044,6.024641,101.88255967193712,101.97954679142104,101.90805870679782
2018-04-04,18.2244,6.025749,101.90367200235801,102.001776916239,101.92928955236174
2018-04-05,18.1081,6.026857,101.92478870772294,102.02400338676732,101.95052482101848
2018-04-06,18.2888,6.027965,101.9459097889385,102.04625737250606,101.97176451368952
2018-04-09,18.2753,6.031291,102.00929929675749,102.11297699533233,102.03551014500616
2018-04-10,18.2882,6.0324,102.03043789044509,102.13523195137412,102.05676754295303
2018-04-11,18.2018,6.032451,102.05160920630733,102.15747672118415,102.07802936952449
2018-04-12,18.1353,6.032503,102.07278491521762,102.17971753894943,102.09929562564312
2018-04-13,18.087,6.032555,102.09396501808752,102.20198278323372,102.1205663122318
2018-04-16,18.0394,6.03271,102.1575316995732,102.26877269604064,102.18440496404908
2018-04-17,17.9787,6.032761,102.17872938740085,102.29106047057022,102.20569338174992
2018-04-18,18.0333,6.032813,102.19987470778796,102.31332298331428,102.22698623453779
2018-04-19,18.2819,6.032864,102.22102440408163,102.33559034124688,102.24828352333665
2018-04-20,18.621,6.032916,102.24217847718747,102.35783525593179,102.26958524907069
2018-04-23,18.8628,6.033071,102.30566696643638,102.42464083104463,102.33351705712836
2018-04-24,18.8139,6.033123,102.32683855585026,102.44690396478082,102.3548365398486
2018-04-25,19.053,6.033174,102.34801452660693,102.46919328076149,102.37616046412774
2018-04-26,18.8644,6.031781,102.36919487961313,102.49150167804866,102.3974888308911
2018-04-27,18.6847,6.030388,102.3903796157757,102.51382347301828,102.41882164106421
2018-04-30,18.7878,6.026212,102.4539601322734,102.58086076387481,102.48284674130007
2018-05-02,19.0943,6.023429,102.49648293701159,102.62560685472273,102.5255523754825
2018-05-03,19.1223,6.022038,102.51775095722103,102.6479701147409,102.54691186556073
2018-05-04,19.2017,6.020648,102.53902339054464,102.6703325452969,102.56827580553272
2018-05-07,19.4232,6.016478,102.60286717835882,102.7374490718889,102.63239433408289
2018-05-08,19.5781,6.015089,102.62415727329832,102.75980873615218,102.6537760829025
2018-05-09,19.5387,6.0137,102.6455943194843,102.78217326674795,102.67516228625311
2018-05-10,19.2989,6.012311,102.66703584363104,102.80456407768807,102.69655294506275
2018-05-11,19.3539,6.01232,102.68848184667394,102.82694548799248,102.71794806025964
2018-05-14,19.5214,6.012348,102.75284673853646,102.89410524263727,102.78216015345893
2018-05-15,19.7854,6.012357,102.77431066652186,102.91653472849538,102.8035731034909
2018-05-16,19.7094,6.012366,102.79595036860107,102.93897282010029,102.82499051455414
2018-05-17,19.7033,6.012375,102.81759462703981,102.96141208646712,102.84641238757801
2018-05-18,19.9319,6.012384,102.8392434427974,102.98389199477268,102.8678387234921
2018-05-21,19.9054,6.012411,102.90421724358004,103.05142642428508,102.93214451787429
2018-05-22,19.7528,6.01242,102.92588429821078,103.07391396305464,102.95358871464886
2018-05-23,19.7661,6.012429,102.9473557812963,103.09641900690274,102.9750373789644
2018-05-24,19.7048,6.012439,102.96883174357178,103.11893411929809,102.9964905117517
2018-05-25,19.5608,6.012448,102.99031218597162,103.14145185721193,103.01794811394164
2018-05-28,19.5915,6.009164,103.05478040326423,103.20907757237067,103.0823477462397
2018-05-29,19.7499,6.00807,103.07627877550946,103.23160725392908,103.1038232353535
2018-05-30,19.7322,6.006976,103.09769573565504,103.25414242703815,103.12530319852753
2018-05-31,19.9759,6.005882,103.119117145769,103.27668624813472,103.14678763669389
2018-06-01,19.8662,6.004789,103.14054300677596,103.2992206473147,103.16827655078487
2018-06-04,19.9934,6.001509,103.20484730440371,103.3668102903097,103.23277015793133
2018-06-05,20.3863,6.000416,103.22629097823253,103.38935832432439,103.25427698504757
2018-06-06,20.3129,5.999324,103.24782512948936,103.41191615915477,103.2757882927528
2018-06-07,20.46,5.998231,103.26936377300942,103.4345059177291,103.29730408198046
2018-06-08,20.5281,5.997139,103.29090690972984,103.45712618221907,103.3188243536642
2018-06-11,20.4722,5.995978,103.35556328846751,103.52499164812315,103.38341207279143
2018-06-12,20.596,5.997,103.37712440736462,103.54762940053294,103.40495028363992
2018-06-13,20.6259,5.998023,103.39900589869751,103.57029482607952,103.42649298161568
2018-06-14,20.6953,5.999045,103.42089202161273,103.59296176049273,103.44804016765352
2018-06-15,20.716,6.000068,103.44278277709064,103.61566876219419,103.46959184268844
2018-06-18,20.6968,6.003138,103.5084828487071,103.68383950353277,103.53427381112886
2018-06-19,20.5531,6.004162,103.53039214424342,103.70659321012248,103.55584345150616
2018-06-20,20.3937,6.005185,103.55256490322763,103.72934384400794,103.57741758555856
2018-06-21,20.3689,6.006209,103.57474241087775,103.75210667224037,103.59899621422221
2018-06-22,20.1264,6.007233,103.59692466821073,103.77491772569346,103.62129877590722
2018-06-25,20.0908,6.010307,103.66349994848039,103.844722003318,103.68823527257238
2018-06-26,19.8754,6.010844,103.68570121471934,103.86802937425652,103.71055704544357
2018-06-27,20.0553,6.011381,103.70787843414581,103.89137082863536,103.7328836236964
2018-06-28,19.8633,6.011918,103.73006039703311,103.91474638707179,103.75521500836538
2018-06-29,19.6912,6.012456,103.75224710439583,103.93813586457108,103.77755120048522
2018-07-02,20.1453,6.014068,103.81883570348532,104.00831335923178,103.84458863190045
2018-07-03,19.5974,6.014606,103.84104139889968,104.0317152297376,103.86694406417536
2018-07-04,19.4284,6.015143,103.86330953333301,104.05514548382324,103.88930430907806
2018-07-05,19.2513,6.015681,103.88558244304404,104.0785807258807,103.9116693676446
2018-07-06,19.0719,6.016218,103.90786012905684,104.10202240243902,103.93403924091125
2018-07-09,19.1563,6.017832,103.97472185514933,104.17236609694727,104.00117775927794
2018-07-10,19.0559,6.01837,103.99701865661383,104.19582658189535,104.02356690171221
2018-07-11,18.9632,6.019358,104.01937801562502,104.21927787869755,104.04596086403133
2018-07-12,18.8241,6.020347,104.04174218189839,104.24275616601967,104.06835964727289
2018-07-13,18.8854,6.021337,104.0641111564675,104.26622526431761,104.09076325247473
2018-07-16,18.836,6.024305,104.13124694028828,104.33666426681036,104.15800301022367
2018-07-17,18.8763,6.025295,104.15363515838045,104.36015943448291,104.18042591364947
2018-07-18,18.91,6.026285,104.17602818993952,104.38366945928885,104.2028536442281
2018-07-19,19.079,6.027275,104.19842603600036,104.40718478038093,104.22528620299873
2018-07-20,19.0694,6.028266,104.2208286975981,104.43069089795442,104.24772359100076
2018-07-23,19.0761,6.031238,104.28806558596729,104.50128541132501,104.31506474079264
2018-07-24,18.8506,6.032229,104.31048752006826,104.52481793967425,104.3375214561188
2018-07-25,18.7709,6.03322,104.33285632461424,104.54834328237858,104.3599830058767
2018-07-26,18.6234,6.034431,104.35522992602608,104.5718100292645,104.38244939110713
2018-07-27,18.5515,6.035642,104.37760832533245,104.59532416265857,104.40492061285104
2018-07-30,18.5413,6.039277,104.44477232090863,104.6659418930746,104.47236330757677
2018-07-31,18.6457,6.040489,104.46716992208411,104.68950626693695,104.49485388578881
2018-08-01,18.5899,6.041702,104.48963036361735,104.713061405847,104.51734930572255
2018-08-02,18.6349,6.042915,104.51209563414554,104.7366218446633,104.53984956842031
2018-08-03,18.5725,6.044128,104.5345657347069,104.76021667808442,104.5623546749246
2018-08-06,18.5433,6.047768,104.6020050269756,104.83098940573446,104.62989906770561
2018-08-07,18.4631,6.048982,104.62449445805642,104.85459821814021,104.65242355986601
2018-08-08,18.4542,6.050196,104.6469887243649,104.87821234744726,104.67495290104904
2018-08-09,18.6511,6.05141,104.66948782694065,104.90181052788216,104.69748709229859
2018-08-10,18.9273,6.052625,104.69199176682345,104.9254253824016,104.72002613465872
2018-08-13,19.1801,6.054819,104.75953262071549,104.9962965983039,104.78767237884735
2018-08-14,18.9973,6.055551,104.78205592022896,105.0199353478575,104.81023083609556
2018-08-15,19.2339,6.056282,104.80458406225182,105.04356483331077,104.83279414967832
2018-08-16,19.01,6.057014,104.82711704782521,105.06721422478226,104.85536232064109
2018-08-17,19.0615,6.057746,104.84965487799049,105.09088353332012,104.87793535002956
2018-08-20,19.0305,6.059942,104.91729744645475,105.16192345675424,104.94568359920935
2018-08-21,18.8784,6.060674,104.93985466540575,105.18560358498506,104.96827607276195
2018-08-22,18.8176,6.061406,104.9623292842799,105.20929225945909,104.99087340997207
2018-08-23,18.8672,6.062138,104.9848087164683,105.2329935750209,105.01347561188669
2018-08-24,18.8339,6.062871,105.00729296300173,105.25668970666302,105.03608267955313
2018-08-27,18.6697,6.066199,105.07477459898425,105.32785926336933,105.10393308753929
2018-08-28,18.9354,6.067498,105.09727811321086,105.35158728944229,105.12655962869009
2018-08-29,19.0659,6.068796,105.11981564062847,105.37530398024424,105.14919104083238
2018-08-30,19.1258,6.070095,105.14235800109364,105.39904269455758,105.17182732501477
2018-08-31,19.1792,6.071394,105.16490519564276,105.42276860461837,105.19446848228613
2018-09-03,19.2137,6.075294,105.2325757941615,105.49402057271516,105.26242120312574
2018-09-04,19.3609,6.076594,105.25514233541516,105.51776200204506,105.28508186324585
2018-09-05,19.4433,6.077894,105.27765524085912,105.54149998123678,105.30774740170253
2018-09-06,19.3546,6.079195,105.30017296156342,105.56526880654506,105.33041781954596
2018-09-07,19.2394,6.080496,105.32269549855799,105.58903272150084,105.35309311782655
2018-09-10,19.2989,6.084401,105.39029201758588,105.66033456069461,105.42114830579898
2018-09-11,19.268,6.085604,105.4128338300452,105.68415186760924,105.44384313633704
2018-09-12,19.0511,6.086808,105.43538046394775,105.70797483684274,105.46654285256778
2018-09-13,18.8775,6.088011,105.45793192032478,105.73179113720674,105.48924745554298
2018-09-14,18.8689,6.089215,105.48048820020774,105.75563806159948,105.51195694631465
2018-09-17,18.8399,6.092827,105.54818599121039,105.82721551895358,105.58011475593202
2018-09-18,18.7694,6.094032,105.57076157543631,105.8510751465858,105.60284380841418
2018-09-19,18.7672,6.095237,105.59331266311727,105.87495044464663,105.62557775395626
2018-09-20,18.8296,6.096442,105.61586856796113,105.8988384803407,105.64831659361163
2018-09-21,18.8539,6.097647,105.6384292909969,105.92273249409969,105.67106032843385
2018-09-24,18.8516,6.101265,105.70614037954886,105.99442304419127,105.73932091444111
2018-09-25,18.987,6.102471,105.7287203856466,106.01833067516677,105.76208424047131
2018-09-26,18.8986,6.103376,105.75118773872853,106.04224369864129,105.78485246693974
2018-09-27,18.812,6.10428,105.77365986612301,106.06616947987577,105.80762559490138
2018-09-28,18.7231,6.105185,105.79613676884456,106.09007856224602,105.83040362541138
2018-10-01,18.6531,6.1079,105.86359613912029,106.16188237538697,105.89876714278692
2018-10-02,18.7503,6.108806,105.88609215329984,106.1858130330391,105.92156479404682
2018-10-03,18.8014,6.109711,105.90865177348918,106.2097343370307,105.94436735313441
2018-10-04,19.1328,6.110617,105.9312162001309,106.23367578131248,105.96717482110627
2018-10-05,18.9444,6.111523,105.9537854342491,106.25761524505626,105.98998719901915
2018-10-08,18.9234,6.114241,106.02152199170607,106.32946600930049,106.05845380297505
2018-10-09,19.0,6.115147,106.04411046597487,106.35342558230792,106.08128583122429
2018-10-10,19.1183,6.116054,106.06679212293564,106.37739114505816,106.10412277470185
2018-10-11,19.0217,6.116478,106.08947863125083,106.40138367915269,106.12696463446585
2018-10-12,18.9202,6.116902,106.11216999195807,106.42536950662796,106.14981141157465
2018-10-15,18.8096,6.118175,106.18027319881197,106.49734169080183,106.218381257557
2018-10-16,18.7693,6.118599,106.20298397946839,106.52136275787207,106.24124771463327
2018-10-17,18.8012,6.119024,106.22555211356402,106.54537444839374,106.26411909434962
2018-10-18,19.1018,6.119448,106.24812504338814,106.56939155155065,106.28699539776576
2018-10-19,19.2183,6.119873,106.27070276995984,106.59341406856288,106.30987662594167
2018-10-22,19.3669,6.121146,106.33846474035468,106.66547501306727,106.37854986963103
2018-10-23,19.4169,6.121571,106.36106166411201,106.689500226142,106.40145080745017
2018-10-24,19.4623,6.121996,106.3838702028911,106.71354981765131,106.42435667533235
2018-10-25,19.4383,6.12242,106.40668363283463,106.73759741967619,106.44726747433883
2018-10-26,19.479,6.123941,106.42950195499145,106.76169491476031,106.47018320553123
2018-10-29,19.8022,6.128505,106.49798628523402,106.8339666420469,106.53896000284284
2018-10-30,20.0258,6.130027,106.5208241867374,106.85812298894872,106.561895473399
2018-10-31,20.3177,6.13155,106.54378534217321,106.88232605697759,106.5848358814523
2018-11-01,20.1329,6.133073,106.56675144701364,106.90657498470178,106.60778122806566
2018-11-05,19.9636,6.139168,106.65866538176243,107.00368396716343,106.69961202138647
2018-11-06,19.8609,6.140693,106.68165624963362,107.02795329438455,106.72258207675218
2018-11-07,19.8245,6.142218,106.70450390434706,107.05222782879147,106.74555707706037
2018-11-08,20.0438,6.143744,106.72735645226659,107.0765376055276,106.76853702337556
2018-11-09,20.3614,6.14527,106.75021389444011,107.10087521022085,106.79152191676253
2018-11-12,20.3179,6.147903,106.81881559696775,107.17397658035772,106.86050629000519
2018-11-13,20.5158,6.148457,106.84169262664143,107.19835866002975,106.88351098233152
2018-11-14,20.3979,6.14901,106.86481198179591,107.22273973561411,106.90652062705688
2018-11-15,20.3371,6.149564,106.88793633972197,107.24713975924567,106.92953522524742
2018-11-16,20.155,6.150117,106.91106570150215,107.27158316984915,106.95329734418635
2018-11-20,20.4123,6.152333,107.00363320882313,107.37075673915786,107.04839863638651
2018-11-21,20.2023,6.152887,107.02723345459195,107.39556117347722,107.0721871694168
2018-11-22,20.2984,6.153441,107.05083890552609,107.42035373709511,107.09598098878776
2018-11-23,20.3935,6.153995,107.07444956277357,107.44516724202865,107.11978009567416
2018-11-26,20.5304,6.157614,107.14531278388017,107.51967977600465,107.19120915317714
2018-11-27,20.4977,6.160127,107.16894427786639,107.54452876866398,107.21502942187784
2018-11-28,20.4108,6.16264,107.19267029136346,107.56942831442196,107.23885498397159
2018-11-29,20.2217,6.165154,107.21640155753629,107.59436350551317,107.26268584063467
2018-11-30,20.3455,6.16767,107.24013807754777,107.61927847474901,107.28652199304369
2018-12-03,20.2346,6.175222,107.31137917224684,107.69402660075194,107.35806223651593
2018-12-04,20.5123,6.177741,107.33513671924693,107.71894580190707,107.3819195836796
2018-12-05,20.5672,6.180262,107.35883989527241,107.74391206135101,107.40578223247597
2018-12-06,20.4705,6.182783,107.3825483057493,107.76887273431188,107.42965018408317
2018-12-07,20.2609,6.185306,107.40626195183347,107.79382422192967,107.45352343967963
2018-12-10,20.3621,6.192879,107.47743431529315,107.86882299308577,107.52517504219242
2018-12-11,20.2889,6.194256,107.50122862505684,107.89381589973766,107.54906952553512
2018-12-13,20.2566,6.197009,107.54883304913785,107.94390242406718,107.59687442305604
2018-12-14,20.3337,6.198386,107.5726431657879,107.9689394125461,107.62078483959448
2018-12-17,20.1126,6.20252,107.64410514817793,108.04408522651327,107.6925479744885
2018-12-18,20.1277,6.203898,107.66793635701212,108.06915295489812,107.71647965181617
2018-12-19,20.0293,6.205277,107.69186256509144,108.09426402335554,107.74041664729435
2018-12-20,19.9082,6.206656,107.7157940901059,108.11939593974098,107.76435896210485
2018-12-21,19.9275,6.208036,107.73973093323703,108.14457484473377,107.78905496103368
2018-12-24,19.8473,6.212176,107.81157338314979,108.22171377833176,107.86317692000686
2018-12-26,19.8823,6.215733,107.8605134111057,108.27332064356983,107.91261987411795
2018-12-27,19.6829,6.217911,107.88499175539927,108.29911074702869,107.93734984950578
2018-12-28,19.6566,6.22009,107.9094756549171,108.32494971152948,107.96208549217963
2018-12-31,19.6512,6.226631,107.98296069742477,108.40256140114283,108.03632643690635
2019-01-02,19.5878,6.230995,108.03131848038292,108.45429787717711,108.08584876030605
2019-01-03,19.6073,6.233178,108.05550549224267,108.48020278874895,108.11061843398029
2019-01-04,19.4902,6.235362,108.07969791930564,108.506098821158,108.13539378403809
2019-01-07,19.3208,6.241919,108.15230770383926,108.58378963850784,108.20975390552263
2019-01-08,19.3479,6.244106,108.17652180384184,108.60969139666116,108.23455197412599
2019-01-09,19.2456,6.246294,108.20056103090934,108.63559360128492,108.25935572562007
2019-01-10,19.1714,6.248483,108.22460560002732,108.66150017270344,108.28416516130719
2019-01-11,19.1236,6.248252,108.24865551238287,108.68741020558213,108.30898028248998
2019-01-14,19.0064,6.247561,108.32083732075017,108.76527615067764,108.38345977204322
2019-01-15,19.0457,6.24733,108.34490861793256,108.7912438603586,108.40829764824097
2019-01-16,18.9908,6.2471,108.36871440202056,108.8172177698303,108.43314121645204
2019-01-17,19.063,6.246869,108.39252541676834,108.84319032382162,108.45799047798081
2019-01-18,19.0844,6.246639,108.41634166332518,108.8691406567902,108.48284543413203
2019-01-21,19.1902,6.245948,108.48782180534691,108.94711410549974,108.55744448337192
2019-01-22,19.1297,6.245717,108.51165899063801,108.97314036053605,108.58232223106603
2019-01-23,19.0771,6.245487,108.53550141348846,108.99915769779713,108.60720567991065
2019-01-24,18.9859,6.245257,108.55934907504906,109.02519517436764,108.6320948312123
2019-01-25,18.928,6.245026,108.58320197647082,109.05122887673646,108.6569896862778
2019-01-28,19.0381,6.246311,108.65479213141766,109.12935546917484,108.73170848712994
2019-01-29,18.9972,6.246739,108.67866600379988,109.15540828397053,108.7566261703249
2019-01-30,19.1623,6.247167,108.7023941792107,109.18145397722495,108.7815495638223
2019-01-31,19.0388,6.247595,108.72612753527318,109.20751134434387,108.80647866893068
2019-02-01,19.1098,6.248023,108.74986607311838,109.23358463767734,108.83141348695898
2019-02-05,19.0824,6.249736,108.84487206495747,109.33784898268983,108.9312099144601
2019-02-06,19.1058,6.250165,108.8687574674384,109.3639260596722,108.95617331673218
2019-02-07,19.08,6.250593,108.89264811143822,109.3900063181506,108.98114243978394
2019-02-08,19.0893,6.251021,108.91654399810713,109.41609279604619,109.00611728492639
2019-02-11,19.2524,6.251907,108.98826312563448,109.49433482693635,109.0810761660126
2019-02-12,19.2592,6.251935,109.01217999448707,109.52041120692633,109.10607391263399
2019-02-13,19.4084,6.251963,109.03604154944142,109.5464785859104,109.13107738790563
2019-02-14,19.3569,6.251991,109.05990832742502,109.57252934710968,109.15608659314037
2019-02-15,19.3625,6.25202,109.08378032958115,109.59857565043991,109.1811015296513
2019-02-18,19.2578,6.252105,109.15542769252097,109.67677455875275,109.25618073997698
2019-02-19,19.1778,6.252133,109.1793206028048,109.70286605410489,109.28121861472991
2019-02-20,19.1835,6.252161,109.20312776021402,109.72891286653814,109.30626222732911
2019-02-21,19.2652,6.252189,109.22694010890616,109.75492776296359,109.33131157908956
2019-02-22,19.1394,6.252218,109.25075765001324,109.78096376595255,109.35636667132644
2019-02-25,19.1185,6.252303,109.32224143914762,109.85906398976624,109.43156640405252
2019-02-26,19.163,6.251822,109.3460797612392,109.8851274423697,109.45664447135346
2019-02-27,19.2201,6.251341,109.37068262918548,109.91118059561336,109.48172828571148
2019-02-28,19.2607,6.250861,109.39529103277704,109.93724328431209,109.50681784844363
2019-03-01,19.2978,6.25038,109.41990497325939,109.96330757240742,109.53191316086723
2019-03-04,19.3039,6.248939,109.49378002851076,110.04152743425396,109.6072336094647
2019-03-05,19.2597,6.248459,109.51841612901715,110.06760880461044,109.63235193383353
2019-03-06,19.3708,6.247978,109.5430577726462,110.09365813869421,109.65747601448506
2019-03-07,19.5225,6.247498,109.56770496064503,110.11973351580863,109.68260585273839
2019-03-08,19.4902,6.247018,109.59205333952515,110.14581353936296,109.70774144991297
2019-03-11,19.4243,6.246627,109.66513094548056,110.22409067559107,109.78318280816337
2019-03-12,19.3049,6.247196,109.68950097457954,110.25017704371763,109.80834145422358
2019-03-13,19.332,6.247766,109.71415064299302,110.27624661683109,109.83350586580684
2019-03-14,19.3233,6.248336,109.73880585073475,110.30233031870796,109.85867604423443
2019-03-15,19.2176,6.248906,109.76346659904954,110.32842172215413,109.8838519908279
2019-03-19,19.0004,6.251186,109.86216502294546,110.43284170785621,109.98461348530269
2019-03-20,18.9098,6.251756,109.88703659641594,110.45895815464644,110.00981829255974
2019-03-21,18.8694,6.252326,109.91191380053431,110.48509243731539,110.03502887591846
2019-03-22,19.1369,6.252896,109.93679663657528,110.51121356839184,110.06024523670253
2019-03-25,19.0151,6.254607,110.01147894898524,110.58962599886708,110.13592899684832
2019-03-26,19.0989,6.25561,110.03638432546954,110.61577983102899,110.16116848057678
2019-03-27,19.3201,6.256613,110.06037837038495,110.64193954116087,110.18641374835359
2019-03-28,19.3793,6.257617,110.08437764733516,110.66809406631353,110.21166480150426
2019-03-29,19.3779,6.25862,110.10838215746104,110.69425446669395,110.23692164135461
2019-04-01,19.2169,6.261632,110.18042709830516,110.77281984472367,110.31272689436645
2019-04-02,19.2279,6.262636,110.20445255254742,110.79900530852586,110.33800689427974
2019-04-03,19.1805,6.26364,110.22833018393383,110.8251544893287,110.36329268752635
2019-04-04,19.1728,6.264645,110.25221298880703,110.85132153969424,110.38858427543391
2019-04-05,19.0805,6.26565,110.27610096828795,110.8774947683911,110.41388165933037
2019-04-08,18.9701,6.268665,110.3477959655899,110.95596834168514,110.48980860023714
2019-04-09,18.9229,6.26967,110.3717046547158,110.98215857337912,110.51512918137469
2019-04-10,18.836,6.270675,110.39549588883027,111.00833957287036,110.54045556514542
2019-04-11,18.8432,6.271168,110.41929225127743,111.03452674853209,110.5657877528791
2019-04-12,18.7719,6.271661,110.4430937431627,111.06072010182133,110.59112574590581
2019-04-15,18.8489,6.27314,110.51452900650531,111.13933724202883,110.6671745700494
2019-04-16,18.9516,6.273633,110.53850451960368,111.16556303841413,110.69253579755505
2019-04-17,18.848,6.274127,110.56248523405641,111.19178730352814,110.71790283700867
2019-04-22,18.8359,6.276593,110.6824668661383,111.3230710144295,110.84482526012363
2019-04-23,18.9578,6.277086,110.7064788124223,111.34934016688138,110.87022719924575
2019-04-24,19.0046,6.27758,110.73031145716665,111.37562325071661,110.89563495964558
2019-04-25,19.0942,6.278073,110.75414923254978,111.40192027287303,110.92104854265719
2019-04-26,18.9414,6.277927,110.77799213967623,111.4282300024939,110.94646794961488
2019-04-29,19.012,6.277491,110.84955166256414,111.50721691671252,111.02276112751268
2019-04-30,19.0099,6.277345,110.87480072710949,111.53354500959564,111.04820384360441
2019-05-02,19.1014,6.277054,110.92531611103765,111.58621984589541,111.09910676899135
2019-05-03,19.0012,6.276909,110.9505824330407,111.61258364014262,111.12456698095924
2019-05-06,18.9781,6.276472,111.02641593493378,111.69177753976828,111.20098263000312
2019-05-07,19.0499,6.276327,111.05170528523007,111.71817247858549,111.22646618852252
2019-05-08,19.0837,6.276181,111.07644513735193,111.74457737897905,111.25195558702406
2019-05-09,19.2623,6.276036,111.10119050096307,111.77099565948106,111.27745082684608
2019-05-10,19.1374,6.27589,111.12594137729133,111.79739938388072,111.30295190932725
2019-05-13,19.1928,6.27663,111.20022709486126,111.87666569679267,111.37949022611645
2019-05-14,19.1427,6.276876,111.22500003434183,111.90309997751721,111.40501469262661
2019-05-15,19.1236,6.277123,111.24987118018285,111.92954485593552,111.43054500849368
2019-05-16,19.071,6.277369,111.27474788748843,111.95599598379277,111.45608117505812
2019-05-17,19.1454,6.277616,111.29963015750218,111.98244558784394,111.48162319366075
2019-05-20,19.0908,6.278356,111.37431035623256,112.0618225619366,111.55828437511008
2019-05-21,19.0309,6.278602,111.39921488952054,112.08830494958787,111.58384981527938
2019-05-22,18.9755,6.278849,111.42406310328616,112.11479079333463,111.60942111419538
2019-05-23,19.0122,6.279096,111.44891685958393,112.14127386406992,111.63499827320074
2019-05-24,19.0658,6.279342,111.4737761596501,112.16776256746724,111.66058129363836
2019-05-27,19.0521,6.277221,111.54838733482622,112.2473036316098,111.73736553697881
2019-05-28,19.1652,6.276037,111.57326882233451,112.2738298520444,111.76297201658105
2019-05-29,19.2395,6.274854,111.59821784494616,112.30036234114067,111.78858436433485
2019-05-30,19.0683,6.273671,111.62317244643648,112.32689985259825,111.81420258158501
2019-05-31,19.6426,6.272488,111.64813262805299,112.35344488316757,111.83982666967663
2019-06-03,19.7609,6.26894,111.72304666613866,112.43312042961084,111.91673417245576
2019-06-04,19.6007,6.267758,111.7480291807404,112.45970274242264,111.94238175737028
2019-06-05,19.5418,6.266576,111.77379330969039,112.48634007256943,111.96803521985635
2019-06-06,19.7084,6.265395,111.79956337870345,112.51294402938277,111.9936945612609
2019-06-07,19.6528,6.264213,111.8253393891491,112.53955302810976,112.01935978293119
2019-06-10,19.204,6.26067,111.90270308278136,112.61938870150163,112.09639074301366
2019-06-11,19.1222,6.260533,111.92850287265878,112.64601067366414,112.12207949922559
2019-06-12,19.1383,6.260396,111.95424642831948,112.67264676160468,112.14777414244416
2019-06-13,19.1645,6.260258,111.97999590499799,112.69928633105401,112.17347467401848
2019-06-14,19.1487,6.260121,112.00575130405612,112.72592875539624,112.19918109529794
2019-06-17,19.1924,6.259708,112.0830530491314,112.80589382443777,112.27633571086604
2019-06-18,19.1011,6.259571,112.10883215133269,112.83255925763964,112.30206570446646
2019-06-19,19.1753,6.259433,112.13449261735843,112.85922785986773,112.32780159452373
2019-06-20,18.9804,6.259296,112.16015895677972,112.88589085244962,112.35354338238915
2019-06-21,19.0661,6.259159,112.18583117094094,112.91255794916009,112.3792910694143
2019-06-24,19.1833,6.258746,112.2628830753122,112.99259327721256,112.45656953896845
2019-06-25,19.2271,6.258609,112.28857880188276,113.01926988688035,112.48234083615446
2019-06-26,19.1442,6.258645,112.3140932622883,113.04593960909193,112.50811803926277
2019-06-27,19.1685,6.258682,112.3396135201462,113.07261531067469,112.53390114964678
2019-06-28,19.2087,6.258718,112.36513957677383,113.09927532064017,112.55969016866025
2019-07-01,19.076,6.258827,112.44175255245253,113.1792996720619,112.63709269101957
2019-07-02,19.0694,6.258863,112.46730181733804,113.20597540422072,112.66290535809462
2019-07-03,19.0502,6.2589,112.49260696024692,113.23262597759714,112.68872394057252
2019-07-04,18.9947,6.258936,112.51791779681297,113.25926709820911,112.71454843980891
2019-07-05,19.0446,6.258973,112.54323432831725,113.2859299027294,112.74037885715971
2019-07-08,18.9116,6.259082,112.61921810527448,113.36595692746221,112.81790563146245
2019-07-09,19.0043,6.259118,112.64455742934815,113.39265681465669,112.84375973483634
2019-07-10,19.2425,6.259155,112.67012148585364,113.41935543068328,112.86961976310891
2019-07-11,19.1227,6.259752,112.69569134397975,113.4460719899625,112.89548571763797
2019-07-12,19.0307,6.26035,112.72126700504307,113.47277120787737,112.92135759978159
2019-07-15,18.9803,6.262144,112.79802881902754,113.55293022034915,112.99900882548563
2019-07-16,19.0781,6.262743,112.82362770501231,113.57965458705172,113.02490443167481
2019-07-17,19.0233,6.263341,112.84910704093569,113.60638524325977,113.05080597227375
2019-07-18,19.0108,6.263939,112.87459213094245,113.63313007978579,113.07671344864241
2019-07-19,19.0123,6.264537,112.90008297633203,113.65988121249208,113.10262686214105
2019-07-22,19.0659,6.266333,112.97659005779674,113.74019609281032,113.1804027390245
2019-07-23,19.1315,6.266931,113.00210393771812,113.76698032926522,113.2063399146522
2019-07-24,19.0894,6.26753,113.02768635847069,113.79376297255108,113.232283034216
2019-07-25,19.0623,6.268129,113.05327457079908,113.82055982326219,113.25823209907801
2019-07-26,19.0699,6.269192,113.07886857601441,113.84735191837167,113.28418711060073
2019-07-29,19.09,6.272384,113.1556853620981,113.92772808202676,113.36208783876238
2019-07-30,19.0747,6.273448,113.18130255197869,113.95452483306939,113.38806665055876
2019-07-31,18.9929,6.274513,113.20648539179652,113.98131997342249,113.41405141583284
2019-08-01,19.1627,6.275577,113.2316738347962,114.00810210085368,113.44004213594899
2019-08-02,19.3116,6.276642,113.25686788222444,114.03488608761808,113.46603881227182
2019-08-05,19.5731,6.279838,113.33248366355181,114.11526630071349,113.54406459213166
2019-08-06,19.6291,6.280903,113.35770014116694,114.14207546362289,113.57008510693403
2019-08-07,19.6953,6.281969,113.38336306494892,114.16887887649364,113.59611158477104
2019-08-08,19.5118,6.283035,113.40903179853169,114.19568477784652,113.62214402700921
2019-08-09,19.4283,6.284101,113.43470634323052,114.22248587064341,113.6481824350154
2019-08-12,19.5803,6.285701,113.51176485718068,114.30288880331348,113.72633346731517
2019-08-13,19.463,6.285968,113.53746265950252,114.32968806811749,113.7523957520681
2019-08-14,19.5763,6.286234,113.56285089768056,114.35647773710913,113.77846400942795
2019-08-15,19.6365,6.286501,113.58824481295076,114.38326415373463,113.80453824076343
2019-08-16,19.5669,6.286768,113.61364440658255,114.41003682763497,113.82982813815026
2019-08-19,19.8153,6.287568,113.68987727034643,114.48899791131089,113.90573155516972
2019-08-20,19.7522,6.287835,113.71529959012494,114.51534628208017,113.93104393995974
2019-08-21,19.6798,6.288102,113.74044330636764,114.54169276417964,113.95636194972415
2019-08-22,19.7467,6.288369,113.76559258216537,114.5680437169428,113.98168558571298
2019-08-23,19.8402,6.288636,113.79074741874742,114.59438959332921,114.00701484917646
2019-08-26,19.9086,6.288874,113.86624530549629,114.67345402485978,114.08303641692179
2019-08-27,19.9934,6.288578,113.89142239751384,114.69981299241687,114.10838820279221
2019-08-28,20.0314,6.288282,113.9163203279102,114.72617801887554,114.13374562239282
2019-08-29,20.0988,6.287987,113.94122370127076,114.75254113853282,114.15910867697556
2019-08-30,20.0696,6.287691,113.96613251878544,114.7788784405094,114.18447736779265
2019-09-02,20.1253,6.286804,114.04089164815707,114.85790269740616,114.2606172701764
2019-09-03,20.0039,6.286509,114.06582225419237,114.8842322763509,114.28600851845864
2019-09-04,19.7806,6.286213,114.09056820063141,114.91052800062747,114.31140540924052
2019-09-05,19.6834,6.285917,114.11531951556604,114.93681378390761,114.3368079437759
2019-09-06,19.5623,6.285622,114.14007620016093,114.96306726778943,114.36221612331894
2019-09-09,19.5398,6.284735,114.21437848355768,115.04185891299753,114.43847454453999
2019-09-10,19.5354,6.28444,114.23915665844537,115.06813479313396,114.463905316661
2019-09-11,19.5478,6.284662,114.2636546109288,115.09440069306902,114.48934174006469
2019-09-12,19.4265,6.284884,114.28815781686204,115.12064861056042,114.51478381600691
2019-09-13,19.3665,6.285107,114.31266627737166,115.14689292064784,114.54023154574378
2019-09-17,19.4262,6.285996,114.4107526877139,115.25184038444245,114.64207902777
2019-09-18,19.3528,6.286218,114.4352874380125,115.27808739037,114.66755504533171
2019-09-19,19.3981,6.286441,114.459827449652,115.30432916609679,114.69303672423065
2019-09-20,19.4478,6.286663,114.48437272376064,115.33056090098208,114.71852406572492
2019-09-23,19.4459,6.28733,114.55804013218788,115.40924384112607,114.7950200783645
2019-09-24,19.4587,6.287552,114.58260646746068,115.43547540050744,114.82053008282635
2019-09-25,19.5775,6.287775,114.60682795732782,115.46166482398894,114.84604575617807
2019-09-26,19.6363,6.288502,114.63105456734878,115.48784415285354,114.87156709967942
2019-09-27,19.6808,6.289229,114.65528629860593,115.51392900725286,114.89629639537449
2019-09-30,19.7345,6.291411,114.72801223062127,115.59134062570865,114.97051622905114
2019-10-01,19.7792,6.292138,114.75226445765114,115.6171158892329,114.99526682629491
2019-10-02,19.7985,6.292866,114.7766493138484,115.64285675545104,115.02002275179224
2019-10-03,19.7368,6.293593,114.80103935182757,115.668603352587,115.04478400669018
2019-10-04,19.5255,6.294321,114.82543457268983,115.69433158429105,115.06955059213607
2019-10-07,19.5522,6.296505,114.89865134358983,115.77152650725667,115.14388234323802
2019-10-08,19.584,6.297233,114.92306730700035,115.79726155283652,115.16867026235357
2019-10-09,19.5689,6.297961,114.94764807417435,115.82299813753477,115.19346351775728
2019-10-10,19.4764,6.298689,114.97223409890134,115.84875266809284,115.21826211059789
2019-10-11,19.3217,6.299214,114.99682538230583,115.87451292545697,115.24306604202448
2019-10-14,19.2652,6.30079,115.07063079583332,115.95180391986226,115.317509879314
2019-10-15,19.252,6.301316,115.09524312519801,115.97756680025154,115.34233517657968
2019-10-16,19.2135,6.301841,115.11976480616384,116.0033315388761,115.36716581818018
2019-10-17,19.1602,6.302367,115.14429171161002,116.02910200120893,115.39200180526603
2019-10-18,19.1492,6.302892,115.16882384264969,116.05487013094502,115.41684313898799
2019-10-21,19.1422,6.304469,115.24245160046407,116.13222047191289,115.49139923148188
2019-10-22,19.105,6.304995,115.26700464501339,116.15800537334218,115.51626196326087
2019-10-23,19.1258,6.30552,115.29149888350044,116.18381019689699,115.54113004743351
2019-10-24,19.0878,6.306046,115.31599832701318,116.2096078437528,115.56600348515205
2019-10-25,19.082,6.306572,115.34050297665766,116.23540476267178,115.590882277569
2019-10-28,19.0543,6.31126,115.41404817344578,116.31277367847818,115.6655507945389
2019-10-29,19.1167,6.312823,115.43857365868264,116.33857249786215,115.6904510172794
2019-10-30,19.1643,6.314387,115.46300815677372,116.36436088143249,115.71535660048451
2019-10-31,19.1948,6.315951,115.48744782683357,116.39012427416597,115.74026754530821
2019-11-01,19.1058,6.317516,115.51189266995694,116.41586750651412,115.76518385290477
2019-11-04,19.1525,6.322212,115.58525824865877,116.49310710797695,115.8399649638776
2019-11-05,19.2125,6.323778,115.60972379498808,116.51884884872817,115.86490273411287
2019-11-06,19.1953,6.325345,115.63396972317285,116.54458818610232,115.8898458728959
2019-11-07,19.1327,6.326912,115.65822073626757,116.5703154039444,115.91479438138244
2019-11-08,19.1068,6.328479,115.68247683533863,116.59604182494118,115.93974826072841
2019-11-11,19.109,6.332289,115.75527565907753,116.6732551590131,116.0146421354867
2019-11-12,19.2178,6.332964,115.77955211272268,116.69899198273168,116.0396175098353
2019-11-13,19.4543,6.333639,115.80351204781267,116.72470628145119,116.06459826082698
2019-11-14,19.4228,6.334313,115.8274769412781,116.75038960765664,116.08958438961923
2019-11-15,19.2063,6.334988,115.85144679414512,116.77598161736529,116.1137697197004
2019-11-19,19.3687,6.337688,115.94737582015837,116.87725282361836,116.21056143662763
2019-11-20,19.48,6.338364,115.97130607022346,116.90255999544502,116.23477197026027
2019-11-21,19.4138,6.339039,115.99524125922626,116.92786452874402,116.25898754775407
2019-11-22,19.3987,6.339714,116.01918138818614,116.95316641942955,116.28320817015987
2019-11-25,19.4468,6.341741,116.09103142500474,117.02908057072622,116.35590031736042
2019-11-26,19.5185,6.34461,116.1149913239905,117.0543838833495,116.38014112992654
2019-11-27,19.5607,6.34748,116.13905293052598,117.07969689386428,116.40438699266194
2019-11-28,19.6113,6.350352,116.16311952316103,117.10500724778308,116.42863790661875
2019-11-29,19.5352,6.353225,116.18719110292888,117.1303188445163,116.4528938728493
2019-12-02,19.5717,6.361852,116.25943577536482,117.20627865314866,116.52569209571004
2019-12-03,19.5678,6.36473,116.2835273140005,117.23160888340358,116.54996828156332
2019-12-04,19.4707,6.367609,116.30743003905948,117.2569442623001,116.57424952495532
2019-12-05,19.3688,6.37049,116.3313376774564,117.2822685051234,116.59853582693968
2019-12-06,19.3247,6.373372,116.35525023020121,117.30759007267773,116.62282718857031
2019-12-09,19.2302,6.382026,116.42701738462576,117.3835729122624,116.69573164188168
2019-12-10,19.2362,6.384914,116.44978533469208,117.40882994436737,116.72004325264041
2019-12-11,19.1785,6.385294,116.47255773715753,117.43410545636928,116.74435992831805
2019-12-13,19.0455,6.386053,116.51811590276873,117.48462386390676,116.79300847865105
2019-12-16,18.9702,6.387193,116.58648656595179,117.56042949316192,116.86601931742923
2019-12-17,18.9165,6.387573,116.60928570110245,117.58570531205972,116.89036640478704
2019-12-18,18.9542,6.387953,116.63131189951265,117.61095357600588,116.91471856445472
2019-12-19,18.964,6.388333,116.653342258427,117.63617459160609,116.93907579748898
2019-12-20,18.9133,6.388713,116.67537677863136,117.66136670516202,116.96262602803156
2019-12-23,18.9385,6.389853,116.74150531484548,117.73570511863318,117.03330518000857
2019-12-24,18.9643,6.390233,116.76501575688806,117.76045414498,117.05687438730178
2019-12-26,18.9445,6.392013,116.81205084615216,117.80995144706581,117.1040270425735
2019-12-27,18.8452,6.393414,116.83557549528092,117.83469971811633,117.12761049246403
2019-12-30,18.8727,6.397616,116.90617787210145,117.90896590508582,117.19838934263036
2019-12-31,18.8642,6.399018,116.92972147736738,117.93371204930514,117.22199179603965
2020-01-02,18.8817,6.401821,116.9768229131156,117.98321664300093,117.26921096363108
2020-01-03,18.8673,6.403224,117.00038074550783,118.00796853865916,117.29282767972794
2020-01-06,18.827,6.407433,117.07108271222064,118.08222587207075,117.3637063687153
2020-01-07,18.8852,6.408836,117.0946595274891,118.10698213873101,117.38734211513678
2020-01-08,18.798,6.41024,117.11827361716047,118.13173539373759,117.41098262153497
2020-01-09,18.8453,6.411644,117.14189246900659,118.15648563302112,117.43462788886849
2020-01-10,18.7732,6.413049,117.16551608398784,118.18124105782356,117.45827791809613
2020-01-13,18.8215,6.417191,117.23641551734896,118.25551579531397,117.52925658673459
2020-01-14,18.812,6.418572,117.26005819447829,118.28027751485885,117.55292567313053
2020-01-15,18.8077,6.419954,117.28285876134943,118.30504244796354,117.5765995262175
2020-01-16,18.793,6.421336,117.30566376166414,118.32978791934224,117.60027814695545
2020-01-17,18.7388,6.422718,117.32847319628445,118.35452213195592,117.6239615363045
2020-01-20,18.6725,6.426866,117.3969281146022,118.4288051299544,117.69504032562278
2020-01-21,18.7007,6.42825,117.41975529506891,118.45356003991559,117.7187427990217
2020-01-22,18.6883,6.429633,117.44274999714754,118.47831189839893,117.74245004583541
2020-01-23,18.8018,6.431017,117.46574920235533,118.50306563792515,117.76616206702522
2020-01-24,18.8313,6.432402,117.48875291157412,118.52782784101575,117.78987886355262
2020-01-27,18.9407,6.435929,117.55779107211785,118.60212277289732,117.86105791477839
2020-01-28,18.8022,6.437,117.58081280620283,118.6268644935091,117.88479382227513
2020-01-29,18.7067,6.438072,117.60380638737382,118.65159984235135,117.90853450991989
2020-01-30,18.7853,6.439144,117.62680446506735,118.67632716534627,117.93227997867537
2020-01-31,18.9082,6.440216,117.64980704016273,118.7010520594853,117.95603022950442
2020-02-04,18.6797,6.444506,117.74186233215526,118.7999358523792,118.05107907282036
2020-02-05,18.6245,6.445579,117.76472387709143,118.82466504902634,118.07485324846698
2020-02-06,18.6645,6.446652,117.78758986097758,118.84939543243964,118.09863221196841
2020-02-07,18.7763,6.447725,117.81046028467559,118.87412766149193,118.12241596428889
2020-02-10,18.7653,6.450946,117.87909820326234,118.94833243949208,118.19379596380968
2020-02-11,18.674,6.451423,117.90198639483016,118.97307204057932,118.21759888105241
2020-02-12,18.6308,6.4519,117.92491178107358,118.99780422889128,118.24140659193819
2020-02-13,18.6458,6.452377,117.947841625031,119.02253329480786,118.2652190974324
2020-02-14,18.5712,6.452854,117.97077592756919,119.04716434683691,118.28821511225689
2020-02-17,18.5715,6.454284,118.0396055953387,119.11989713025157,118.35722998889229
2020-02-18,18.5952,6.454761,118.06255774087113,119.14410163157123,118.38024389472346
2020-02-19,18.591,6.455238,118.0853503735461,119.1682945033192,118.40326227548077
2020-02-20,18.7992,6.455715,118.10814740646545,119.19247573641216,118.42628513203432
2020-02-21,18.9138,6.456193,118.13094884047865,119.21664929485236,118.44931246525444
2020-02-24,19.1197,6.457624,118.19937955757875,119.28921727990043,118.51842133361956
2020-02-25,19.0878,6.458101,118.22219860446556,119.31341145267733,118.54146658221221
2020-02-26,19.1585,6.458664,118.2448906986977,119.33760556111079,118.5645163118254
2020-02-27,19.3973,6.459227,118.26758714855126,119.36178800090435,118.58757052333048
2020-02-28,19.776,6.45979,118.29028795486226,119.38597534100066,118.61062921759891
2020-03-02,19.6985,6.461478,118.35841652090286,119.4585418908793,118.67983220570157
2020-03-03,19.2837,6.462042,118.38113476140731,119.48270304463531,118.70290883974157
2020-03-04,19.5335,6.462605,118.40316680593234,119.50681531790251,118.72598996090484
2020-03-05,19.8095,6.463168,118.4252029508657,119.53089096173844,118.74907557006391
2020-03-06,20.1623,6.463731,118.44724319697045,119.55493393639489,118.77216566809142
2020-03-09,21.1117,6.465421,118.51338854994668,119.6270300860297,118.84146290411381
2020-03-10,21.0267,6.465984,118.53544520837127,119.651046873806,118.86457096634517
2020-03-11,21.213,6.468021,118.5578681634232,119.67506416255375,118.88768352181086
2020-03-12,22.1518,6.470059,118.58029536015079,119.69905735076468,118.91080057138453
2020-03-13,21.9288,6.472097,118.60272679935642,119.72305933924518,118.93392211594008
2020-03-17,23.0573,6.480256,118.6924949970124,119.81909280351218,119.0264532614639
2020-03-18,23.9008,6.482297,118.71606864532431,119.84308990515422,119.04959729404251
2020-03-19,24.0868,6.484339,118.73964697562471,119.86708349044564,119.07274582684968
2020-03-20,24.1113,6.486382,118.7632299888435,119.89107355534976,119.09589886076044
2020-03-23,25.0782,6.492514,118.83400713531182,119.96304757467155,119.16042078770026
2020-03-24,25.1185,6.494559,118.85760888950676,119.98575724603882,119.18193586367582
2020-03-25,24.2948,6.496605,118.87936643513403,120.008371228342,119.20345482431789
2020-03-26,23.097,6.497033,118.9011279636009,120.03093113534999,119.22497767032785
2020-03-27,23.5122,6.497461,118.92289347563647,120.05346594241291,119.24650440240723
2020-03-30,24.2853,6.498746,118.98821392044805,120.12099566901652,119.31110792207902
2020-03-31,23.4847,6.499174,119.00999537405181,120.14348498876122,119.33265020545385
2020-04-01,24.4918,6.499602,119.0311196482307,120.16587839943551,119.35419637840764
2020-04-02,24.1087,6.50003,119.05224767196825,120.18825094943475,119.37574644164263
2020-04-03,24.6938,6.500459,119.07337944593002,120.21061931836145,119.39730039586127
2020-04-06,24.6895,6.501743,119.13679727581786,120.27764919347351,119.46198561144503
2020-04-07,24.0388,6.502172,119.15741456045752,120.29998408471958,119.48355513662487
2020-04-08,24.0925,6.5026,119.17803541303283,120.32229806093417,119.50512855630234
2020-04-13,23.7427,6.493336,119.2811932165586,120.43344839574279,119.61305409676915
2020-04-14,23.5645,6.489966,119.30183548971802,120.45566769789711,119.63465089820329
2020-04-15,24.1155,6.486597,119.3217191289663,120.47788005761969,119.65625159905993
2020-04-16,24.2098,6.48323,119.34160608215446,120.50006538991072,119.6778562000431
2020-04-17,23.9012,6.479865,119.36149634983482,120.5222226741567,119.699464701857
2020-04-20,24.0077,6.469781,119.42118704535368,120.58866472034543,119.76431361932691
2020-04-21,24.4248,6.466423,119.4410905765279,120.61081116358984,119.78593773150818
2020-04-22,24.5883,6.463066,119.46099742495733,120.63294659773867,119.80590205446344
2020-04-23,24.623,6.459712,119.4809075911948,120.65396521322572,119.82586970480584
2020-04-24,24.8583,6.456359,119.50082107579334,120.6749663764707,119.84584068308996
2020-04-27,24.8492,6.446787,119.56058144528623,120.73797470009436,119.90577359113972
2020-04-28,24.3882,6.443679,119.58050820886044,120.75897204004448,119.92575788673825
2020-04-29,24.0002,6.440573,119.59990682463652,120.77996799998319,119.9457455130527
2020-04-30,23.9283,6.437468,119.61930858729919,120.8009568744223,119.96573647063822
2020-05-04,24.3812,6.425063,119.69694711702657,120.88483470327589,120.0457336247964
2020-05-05,23.8343,6.421965,119.7163646217811,120.90580486418483,120.0657412470672
2020-05-06,24.2942,6.418869,119.7353197128462,120.92677026659773,120.08575220394171
2020-05-07,24.0563,6.415775,119.75427780513408,120.94773426585424,120.1057664959757
2020-05-08,23.6805,6.412682,119.77323889911989,120.96869685996401,120.12578412372503
2020-05-11,23.8693,6.407304,119.83014019601804,121.03156812413351,120.18585702682505
2020-05-12,24.0487,6.408108,119.84911330154905,121.052518352377,120.20588800299619
2020-05-13,24.2113,6.408912,119.86705737712393,121.07345942928099,120.22592231766336
2020-05-14,24.2708,6.409716,119.88500413932567,121.0942975169094,120.24595997138296
2020-05-15,23.958,6.41052,119.90295358855654,121.11507595287112,120.26433088193413
2020-05-18,23.6032,6.412933,119.9568180624472,121.17342241463437,120.31946045530427
2020-05-19,23.6023,6.413737,119.97477826381822,121.19286906596773,120.33784259509603
2020-05-20,23.2962,6.414542,119.99274115423049,121.21230267916931,120.35622754327026
2020-05-21,22.96,6.415347,120.01070673408663,121.23172627727197,120.37461530025604
2020-05-22,22.7928,6.416152,120.0286750037893,121.25113817068734,120.39300586648245
2020-05-25,22.563,6.418567,120.08259595600418,121.30937026608402,120.44819442489782
2020-05-26,22.2932,6.419751,120.10057498912093,121.32876291680294,120.46659623237939
2020-05-27,22.3633,6.420936,120.11852335282765,121.34815024204404,120.4850008512482
2020-05-28,22.204,6.422121,120.13647439881761,121.36752617085574,120.5034082819338
2020-05-29,22.1778,6.423306,120.15442812749167,121.38689137105234,120.52181852486574
2020-06-01,22.0168,6.426863,120.20830541362781,121.44495896640272,120.57706613143652
2020-06-02,21.6827,6.428049,120.22626987704797,121.46430481101895,120.59548762765104
2020-06-03,21.6043,6.429236,120.24386966711052,121.48364631455588,120.61391193826081
2020-06-04,21.8388,6.430422,120.26147203358677,121.50297773723024,120.63233906369581
2020-06-05,21.5837,6.431609,120.2790769768539,121.52229299809947,120.65076900438609
2020-06-08,21.6552,6.43517,120.33190727117295,121.58011538484443,120.70607572228997
2020-06-09,21.7252,6.436358,120.34952252537624,121.59935206087866,120.72451692830309
2020-06-10,21.923,6.437546,120.36673919318194,121.61857962064731,120.74296095172268
2020-06-11,22.4252,6.437509,120.38395832392763,121.63778522134574,120.76140779297917
2020-06-12,22.3347,6.437473,120.40117991796564,121.65698033961914,120.77985745250308
2020-06-15,22.5435,6.437364,120.45285948335764,121.71453823516762,120.83522334498534
2020-06-16,22.2168,6.437327,120.47009093408928,121.73371841781785,120.85368428188525
2020-06-17,22.2783,6.437291,120.48675596333518,121.75289485996086,120.8721480392061
2020-06-18,22.6088,6.437255,120.5034232979101,121.77205572178944,120.89061461737873
2020-06-19,22.63,6.437218,120.52009293813299,121.7912043775517,120.90908401683416
2020-06-22,22.4413,6.437109,120.57011569587902,121.84861765120016,120.9645091472077
2020-06-23,22.413,6.437073,120.58679456188364,121.86775803822287,120.98298983610518
2020-06-24,22.6662,6.437036,120.60304028281767,121.88688619841163,121.00147334844125
2020-06-25,22.7963,6.437,120.61928819241135,121.90599941646629,121.01995968464725
2020-06-26,22.9715,6.43836,120.6355382909595,121.92499677333647,121.03676801238123
2020-06-29,23.1325,6.442443,120.6843017232801,121.97882950006196,121.08720700381994
2020-06-30,23.0893,6.443804,120.70056058059562,121.99674920660577,121.10402467145936
2020-07-01,22.8078,6.445166,120.71668751660654,122.01465663499,121.12084467488596
2020-07-02,22.5225,6.446528,120.73281660735529,122.0325063624669,121.13766701442414
2020-07-03,22.4147,6.44789,120.74894785312978,122.0503366675632,121.15449169039837
2020-07-06,22.2808,6.451979,120.79735452348723,122.10380455504468,121.20497974018262
2020-07-07,22.6213,6.453342,120.81349439224441,122.12162831873736,121.22181376514654
2020-07-08,22.8225,6.454706,120.83010624772332,122.1394394190009,121.23865012816948
2020-07-09,22.6945,6.45607,120.84672038733237,122.15723683170536,121.25548882957618
2020-07-10,22.5342,6.457434,120.86333681138561,122.17502767594728,121.27232986969139
2020-07-13,22.4633,6.463438,120.91319979335186,122.22836992743949,121.32286702553665
2020-07-14,22.6173,6.465441,120.92982535832344,122.24615143907793,121.33971742373464
2020-07-15,22.3647,6.467444,120.94628525121945,122.26392806693302,121.35657016226571
2020-07-16,22.3032,6.469448,120.96274738448976,122.28169199681508,121.37342524145491
2020-07-17,22.4897,6.471452,120.9792117584393,122.29945409192035,121.39028266162735
2020-07-20,22.6278,6.477469,121.02861832741351,122.3527130417531,121.44086897129553
2020-07-21,22.3597,6.479476,121.04509166713031,122.37046268186033,121.45773575865266
2020-07-22,22.251,6.481484,121.06123101268594,122.38820299976969,121.47460488861914
2020-07-23,22.3627,6.483492,121.07737251015429,122.40594079002392,121.49147636152034
2020-07-24,22.3842,6.4855,121.09351615982231,122.42364714937568,121.50835017768166
2020-07-27,22.0275,6.490386,121.14196002489412,122.47674587933287,121.55898568898114
2020-07-28,21.9615,6.491824,121.15811228623076,122.49445125380245,121.57586888143794
2020-07-29,21.9907,6.493263,121.17369456567204,122.51214489676134,121.59275441878259
2020-07-30,22.1727,6.494702,121.18927884916756,122.52983258768081,121.60964230134074
2020-07-31,22.2012,6.496141,121.20486513697513,122.54751432324451,121.62653252943815
2020-08-03,22.614,6.500461,121.25163602884783,122.60054930274514,121.67721729022377
2020-08-04,22.7845,6.501901,121.26723033648155,122.61821638245674,121.6941169037363
2020-08-05,22.4068,6.503342,121.2824897962989,122.6358734056158,121.71101886441737
2020-08-06,22.3652,6.504783,121.29775117626494,122.65351253207395,121.727923172593
2020-08-07,22.4892,6.506225,121.31301447662128,122.67114056745842,121.74482982858919
2020-08-10,22.485,6.510552,121.35881590244885,122.72400101928697,121.79556388676234
2020-08-11,22.349,6.511141,121.37408688678326,122.74162111773333,121.81247993730217
2020-08-12,22.3457,6.511731,121.38919121759584,122.75923726795529,121.82939833729347
2020-08-13,22.2628,6.512321,121.40429742805847,122.77675057814095,121.84631908706254
2020-08-14,22.0313,6.512911,121.41940551840507,122.7942435367261,121.86324218693574
2020-08-17,22.057,6.514681,121.4647410710882,122.84340463155914,121.90894661533332
2020-08-18,22.1535,6.515272,121.47985668331036,122.8597735152263,121.92418523366022
2020-08-19,22.0527,6.515862,121.49480545456335,122.876132635347,121.93942575681443
2020-08-20,22.176,6.516452,121.50975606534568,122.89248028082638,121.95466818503402
2020-08-21,22.0362,6.517042,121.52470851588373,122.90882327386372,121.96991251855714
2020-08-24,21.984,6.518814,121.56957690829621,122.9578345591021,122.01565695332945
2020-08-25,21.9723,6.519404,121.58453672012132,122.9741578947389,122.03090891044862
2020-08-26,21.9202,6.520389,121.59973478721133,122.99047759027617,122.04616277406242
2020-08-27,22.1168,6.521373,121.61493475405973,123.00679091056766,122.06141854440918
2020-08-28,21.8602,6.522358,121.63013662090398,123.02309785250156,122.07667622172723
2020-08-31,21.888,6.525312,121.675753623787,123.07199575901542,122.12246069789296
2020-09-01,21.7445,6.526297,121.69096309298996,123.08829493552041,122.13772600548019
2020-09-02,21.8393,6.527282,121.70590403901416,123.10458361988354,122.15299322123086
2020-09-03,21.6383,6.528268,121.7208468194545,123.12086762063903,122.1682623453835
2020-09-04,21.6115,6.529253,121.73579143453621,123.13714180532162,122.18353337817666
2020-09-07,21.5887,6.532211,121.78063628988227,123.18599471633253,122.22935793078524
2020-09-08,21.7138,6.533197,121.7955882457823,123.20227442990095,122.24463660052658
2020-09-09,21.5377,6.534183,121.8105082053424,123.2185405524111,122.25991718010162
2020-09-10,21.2773,6.53517,121.82542999259755,123.23480608431147,122.27519966974913
2020-09-11,21.321,6.535893,121.84035360777166,123.25107034016337,122.29048406970784
2020-09-14,21.0728,6.538062,121.8851354230469,123.29987085115745,122.33634873383924
2020-09-15,21.0692,6.538786,121.90020178006449,123.31612588413132,122.35164077743097
2020-09-17,20.985,6.540233,121.93034008143724,123.34861634239206,122.38223059936968
2020-09-18,20.9697,6.540956,121.94541202625287,123.36486238306952,122.3975283781946
2020-09-21,21.505,6.543127,121.99063903998002,123.41356398572496,122.4434331889596
2020-09-22,21.5682,6.543851,122.00571843841692,123.42979115531179,122.45873861810821
2020-09-23,22.0897,6.544575,122.02012189128813,123.44601702994076,122.47404596043548
2020-09-24,22.3678,6.545299,122.03452704456697,123.46223303590006,122.48935521618051
2020-09-25,22.4402,6.546024,122.04893389845417,123.4784460277522,122.50466638558252
2020-09-28,22.4573,6.548157,122.09216466577382,123.52537892716167,122.54805857721358
2020-09-29,22.3598,6.548868,122.10657832410241,123.54099116255387,122.56252605635116
2020-09-30,22.1438,6.549579,122.1207562545856,123.55660365531203,122.57699524345504
2020-10-01,21.9562,6.55029,122.13493583128408,123.57221468897109,122.59146613872684
2020-10-02,21.7025,6.551002,122.14911705438894,123.58782838155318,122.60593874236822
2020-10-05,21.396,6.553136,122.19167060405374,123.63463803063068,122.64936680552678
2020-10-06,21.4507,6.553848,122.20585841469611,123.65023831794329,122.66384624466356
2020-10-07,21.493,6.55456,122.22031944127521,123.66584229107322,122.67832739317855
2020-10-08,21.4318,6.555272,122.23478217907578,123.68144651575675,122.69281025127357
2020-10-09,21.1822,6.555984,122.2492466283003,123.69705270939,122.70729481915046
2020-10-12,21.2183,6.556413,122.29265024654308,123.743847019064,122.75075878349088
2020-10-13,21.3677,6.556271,122.30712154348893,123.75943358779477,122.76525019251395
2020-10-14,21.2998,6.55613,122.32145865606986,123.77503071418887,122.77974331232832
2020-10-15,21.3832,6.555988,122.335797449279,123.79062533660029,122.79423814313604
2020-10-16,21.1765,6.555847,122.35013792331335,123.80620576225027,122.80873468513904
2020-10-19,21.1342,6.555422,122.39316943233804,123.85295467809334,122.85223458034015
2020-10-20,21.0902,6.555281,122.40751663164373,123.86852402660433,122.86673796914478
2020-10-21,21.064,6.555139,122.42159349605639,123.88409361191601,122.88124307015502
2020-10-22,21.03,6.554998,122.43567197930845,123.89966515423806,122.89574988357303
2020-10-23,20.9205,6.554856,122.44975208158608,123.9152238546898,122.91025840960094
2020-10-26,20.9818,6.5568,122.49200210443443,123.96192717302338,122.95379426536617
2020-10-27,20.8798,6.559027,122.50608868467646,123.9774998901245,122.96830964385583
2020-10-28,21.1648,6.561255,122.52044912062783,123.99307111972877,122.98282673596657
2020-10-29,21.377,6.563484,122.53481123994143,124.00862605050077,122.99734554190067
2020-10-30,21.2508,6.565713,122.54917504281457,124.02418052135995,123.01186606186047
2020-11-03,21.1555,6.574639,122.6066470938499,124.08637656035657,123.06996528600406
2020-11-04,21.0345,6.576872,122.62112148968735,124.10194250692732,123.08449437912812
2020-11-05,20.7612,6.579106,122.63559759430767,124.11749316977867,123.09902518749232
2020-11-06,20.62,6.581341,122.65007540791255,124.13302854267374,123.11355771129917
2020-11-09,20.36,6.58805,122.6935191046523,124.17961528837391,123.15716557740097
2020-11-10,20.4018,6.590288,122.70800375621327,124.19513774028495,123.17170496500387
2020-11-11,20.5772,6.590999,122.72211517664525,124.21066454740794,123.18624606906224
2020-11-12,20.5303,6.59171,122.73622821989056,124.22618639509126,123.20078888977872
2020-11-13,20.4833,6.592421,122.75034288613587,124.24169051329885,123.21533342735597
2020-11-17,20.3212,6.595266,122.80681778485001,124.3038920562474,123.27352875032686
2020-11-18,20.2388,6.595977,122.82128169894469,124.31943867496915,123.28808187524878
2020-11-19,20.1858,6.596689,122.83574731656701,124.33497342482691,123.30263671824795
2020-11-20,20.1172,6.597401,122.85021463791766,124.35049871850856,123.31719327952719
2020-11-23,20.1012,6.599536,122.89362682634606,124.397058246224,123.36087327507398
2020-11-24,20.0577,6.600248,122.90810096461672,124.41258196245097,123.3754367115023
2020-11-25,20.0465,6.60096,122.92271337217583,124.42809897614575,123.3900018672252
2020-11-26,20.0467,6.601154,122.93732751698785,124.44360928431675,123.40456874244563
2020-11-27,20.0777,6.601348,122.9519433992593,124.45910769882302,123.4191373373666
2020-11-30,20.1398,6.60193,122.99580147289606,124.50563527284653,123.46285344236314
2020-12-01,20.0508,6.602124,123.01042430707116,124.52115420858532,123.47742891811674
2020-12-02,20.0497,6.602318,123.02528806667495,124.53667957527045,123.49200611458625
2020-12-03,19.9083,6.602512,123.04015362231632,124.55220826140783,123.50658503197477
2020-12-04,19.7838,6.602706,123.05502097421237,124.5677236607953,123.52116567048547
2020-12-07,19.8213,6.603288,123.09963380959891,124.61426068992989,123.5649179147828
2020-12-08,19.7537,6.603482,123.11450834868425,124.62977689613939,123.5795054398144
2020-12-09,19.8368,6.603676,123.12907689883885,124.64529295716915,123.59409468698436
2020-12-10,19.9572,6.60387,123.14364717293856,124.6607957154807,123.60868565649604
2020-12-11,20.1075,6.60343,123.15821917118737,124.67630282590774,123.62327834855269
2020-12-14,20.1778,6.602107,123.20194551286876,124.7228284575453,123.66706676202645
2020-12-15,20.1113,6.601667,123.21652440975446,124.73833046576566,123.68166634629698
2020-12-16,19.9513,6.601226,123.23100235137261,124.75382227341876,123.69626765412953
2020-12-17,19.8173,6.600785,123.24548199414889,124.76941650120293,123.7108706857276
2020-12-18,19.9487,6.600345,123.2599633382832,124.78500054790564,123.72547544129466
2020-12-21,20.0905,6.599023,123.3034175808335,124.83173836456271,123.76930005384526
2020-12-22,20.0562,6.598582,123.31790573239925,124.84732499411683,123.78391170732384
2020-12-23,20.1175,6.598142,123.33253260621805,124.86290385948735,123.79852508578928
2020-12-24,19.8517,6.597701,123.34716121494662,124.87847079518461,123.81314018944525
2020-12-28,20.0477,6.601428,123.40569300307442,124.94075239580793,123.87161786004796
2020-12-29,19.9487,6.602817,123.42033028943895,124.95632660765172,123.886241592712
2020-12-30,19.9352,6.604207,123.43486646167305,124.97189408334162,123.90086705178891
2020-12-31,19.9087,6.605597,123.44940434594523,124.9874607213263,123.91549423748252
2021-01-04,19.8457,6.611161,123.50757300744768,125.04969526272806,123.97402025050104
2021-01-05,19.9437,6.612552,123.52211945493524,125.06526047618563,123.98865607233616
2021-01-06,19.725,6.613944,123.5368048624704,125.0808283218869,124.00329362201137
2021-01-07,19.91,6.615336,123.55149201593738,125.09638559735616,124.01793289973064
2021-01-08,19.9705,6.616729,123.5661809155437,125.11194446031485,124.03257390569797
2021-01-11,20.113,6.620346,123.61025809327488,125.15863266095506,124.07650729512876
2021-01-12,19.9373,6.621179,123.62495397951486,125.17419057432055,124.09115521612888
2021-01-13,19.7935,6.622011,123.63934255054747,125.18973859961422,124.10580486639743
2021-01-14,19.7793,6.622843,123.65373279624987,125.20528299215701,124.12045624613862
2021-01-15,19.7875,6.623676,123.66812471681699,125.2208213155688,124.13510935555657
2021-01-18,19.757,6.626173,123.71131052965605,125.26744576932431,124.17907906391315
2021-01-19,19.6788,6.627006,123.72570915163159,125.28298415207661,124.1937390940804
2021-01-20,19.5793,6.627839,123.74010944944673,125.29852863833528,124.20840085494567
2021-01-21,19.7393,6.628672,123.75451142329655,125.31406461173202,124.22306434671326
2021-01-22,19.9833,6.629505,123.76891507337608,125.3295948533783,124.23772956958751
2021-01-25,20.1598,6.632006,123.81213608294416,125.37619712730006,124.2817356268941
2021-01-26,20.0152,6.63413,123.82654643989382,125.39172705891757,124.29640777623896
2021-01-27,20.2168,6.636256,123.84106166283762,125.40724950979643,124.31108165771253
2021-01-28,20.2697,6.638382,123.85557858728811,125.42276587009549,124.32575727151935
2021-01-29,20.2248,6.640509,123.87009721344472,125.43827648547474,124.3404346178639
2021-02-02,20.1722,6.649022,123.92818873912262,125.50031024531192,124.3991613327106
2021-02-03,20.1953,6.651153,123.94278472579634,125.51582487255403,124.41384734481238
2021-02-04,20.4435,6.653283,123.95738243155294,125.531332004062,124.42853509067947
2021-02-05,20.1388,6.655415,123.97198185659491,125.5468368670552,124.44322457051658
2021-02-08,20.1227,6.661814,124.01579044945788,125.59333364588001,124.487303415895
2021-02-09,20.0913,6.663948,124.03039675366638,125.60883221212227,124.50199983365937
2021-02-10,20.0588,6.666083,124.044832513733,125.62433094636356,124.51669798641751
2021-02-11,19.9535,6.668293,124.05926995396169,125.63982984819407,124.53139787437424
2021-02-12,19.9622,6.670504,124.07370907454798,125.65535683716614,124.5460994977344
2021-02-15,19.9518,6.677141,124.1170365204085,125.70033425475732,124.58761947722301
2021-02-16,20.2023,6.679355,124.1314823643813,125.71532227377924,124.60146254605382
2021-02-17,20.2257,6.681569,124.14530923227798,125.73030858782195,124.6153071530034
2021-02-18,20.4165,6.683784,124.15913764033412,125.74528795708675,124.62915329824263
2021-02-19,20.4222,6.686,124.17296758872128,125.76026387158998,124.64300098194244
2021-02-22,20.6783,6.692653,124.21446667758464,125.80519183497012,124.68455326551486
2021-02-23,20.5833,6.694871,124.22830278901178,125.8201748838588,124.69840710476659
2021-02-24,20.4752,6.697091,124.24217494948991,125.83515517368065,124.71226248333377
2021-02-25,20.8523,6.699312,124.25604865902594,125.85012641126742,124.72611940138749
2021-02-26,20.939,6.700486,124.26992391779285,125.86509733255511,124.73997785909876
2021-03-01,20.6123,6.704009,124.3115589912091,125.91000714413131,124.78156247188879
2021-03-02,20.6903,6.705184,124.32544044862979,125.92498518873118,124.79542708994123
2021-03-03,20.8957,6.70636,124.33946159552482,125.93996081759475,124.80929324850678
2021-03-04,20.8498,6.707535,124.35348432369366,125.95494242543369,124.82316094775663
2021-03-05,21.2635,6.708711,124.36750863331463,125.96992581545972,124.83703018786194
2021-03-08,21.4177,6.712239,124.40959105267386,126.0148814307849,124.87864715502288
2021-03-09,21.2575,6.713415,124.42362168988703,126.02988070208853,124.89252256026234
2021-03-10,20.9853,6.714592,124.43761934732713,126.04487825789208,124.90639950721348
2021-03-11,20.7133,6.715976,124.4516185795037,126.05987934902807,124.92027799604762
2021-03-12,20.7637,6.717361,124.4656193865939,126.07488222550228,124.93415802693606
2021-03-16,20.5753,6.722903,124.52163836763471,126.13489056904865,124.9896935744601
2021-03-17,20.6828,6.72429,124.53564705195106,126.14989536540592,125.0035813181906
2021-03-18,20.4415,6.725676,124.54965731224439,126.16489739129588,125.01747060500375
2021-03-19,20.4823,6.727063,124.56366914869201,126.17990120126011,125.03136143507096
2021-03-22,20.5788,6.731225,124.60571411673386,126.22496330419712,125.07304318651202
2021-03-23,20.6408,6.732613,124.61973225957199,126.23998302295563,125.08694019131053
2021-03-24,20.7882,6.734001,124.6336827462666,126.25500032093609,125.1008387402207
2021-03-25,20.7662,6.73539,124.6476347946407,126.27001940534927,125.11473883341407
2021-03-26,20.5677,6.737617,124.6615884048691,126.28504203015795,125.12864047106223
2021-03-29,20.6047,6.744301,124.70345860842859,126.33015431311263,125.17035465245168
2021-03-30,20.6025,6.74653,124.7175916670709,126.34519111064687,125.1842624696353
2021-03-31,20.44,6.748761,124.73172632745985,126.36023847194929,125.19817183213193
2021-04-05,20.2483,6.759923,124.8024236619586,126.43550216421444,125.26774183032063
2021-04-06,20.1612,6.762158,124.81656793664028,126.45056203736111,125.28166046830178
2021-04-07,20.1765,6.764394,124.83067914307088,126.46562546056384,125.29558065279826
2021-04-08,20.089,6.76663,124.84479194485178,126.4806871652628,125.30950238398191
2021-04-09,20.163,6.768867,124.85890634216332,126.49575066376894,125.32342566202459
2021-04-12,20.095,6.773632,124.90125910908576,126.54096246809092,125.36520477902555
2021-04-13,20.0735,6.774896,124.91537989032393,126.5560331452182,125.37913424622322
2021-04-14,20.0583,6.77616,124.92950226799486,126.57110913266662,125.39306526113947
2021-04-15,19.927,6.777425,124.94362624227904,126.58617461051756,125.40699782394627
2021-04-16,19.9158,6.77869,124.95775181335698,126.60123520064184,125.4209319348156
2021-04-19,19.8145,6.782486,125.00013810915871,126.64641083868891,125.46274355751899
2021-04-20,19.8877,6.783751,125.01427006921715,126.66147648464494,125.47668386235871
2021-04-21,19.874,6.785017,125.02836890078608,126.67654533013481,125.4906257161212
2021-04-22,19.8865,6.786284,125.04246932238989,126.69160928265033,125.50456911897857
2021-04-23,19.8695,6.78755,125.05657133420793,126.70667502652087,125.5185140711029
2021-04-26,19.8362,6.790371,125.09888691274082,126.75189885049511,125.56035822479932
2021-04-27,19.9785,6.790658,125.11299528720932,126.76697176380007,125.57430937571318
2021-04-28,19.9712,6.790944,125.12710525278894,126.78204646952564,125.58826207675496
2021-04-29,20.0978,6.791231,125.14121680965913,126.79712296788497,125.60221632809683
2021-04-30,20.1822,6.791518,125.15532995799934,126.81220830337583,125.61617212991108
2021-05-03,20.1902,6.792379,125.19767895363505,126.85749621951649,125.65804883991085
2021-05-04,20.2235,6.792666,125.21179846965038,126.87259649014983,125.67201084533752
2021-05-05,20.2077,6.792953,125.22595435908848,126.88770137760974,125.68597440209813
2021-05-06,20.1838,6.793241,125.24011184892852,126.90280101407367,125.69993951036503
2021-05-07,19.9223,6.793528,125.25427093935141,126.917901389871,125.71390617031062
2021-05-10,19.886,6.794389,125.29675781592711,126.96321329903155,125.75581546194378
2021-05-11,19.8848,6.795503,125.31092331049129,126.97832544817007,125.76978833032845
2021-05-12,20.094,6.796618,125.32505559795355,126.99344821401337,125.78376275125405
2021-05-13,20.0495,6.797733,125.33918947922378,127.00857172265734,125.79773872489308
2021-05-14,19.8487,6.798848,125.35332495448172,127.02370585238285,125.81171625141808
2021-05-17,19.8028,6.802194,125.39574094597965,127.06912223891453,125.85365815003435
2021-05-18,19.8313,6.803309,125.40988279898635,127.08426181888971,125.86764188982882
2021-05-19,19.8143,6.804425,125.42399141080122,127.09940249663806,125.88162718337215
2021-05-20,19.881,6.805541,125.43810160983493,127.1145432129605,125.89561403083698
2021-05-21,19.951,6.806658,125.45221339626602,127.12963629948726,125.90960243239597
2021-05-24,19.872,6.810007,125.4945582817296,127.17500048906581,125.95157696336479
2021-05-25,19.8903,6.811124,125.50867641953629,127.19012866190175,125.9655715830274
2021-05-26,19.8783,6.811098,125.52286587267594,127.20525545456469,125.97956775764774
2021-05-27,19.9487,6.811071,125.53705693001208,127.22039641344311,125.9935654873986
2021-05-28,19.9442,6.811045,125.55124959172612,127.23553917451622,126.00756477245277
2021-05-31,19.9213,6.810965,125.59383720494938,127.28096766756335,126.04957196116328
2021-06-01,19.8927,6.810939,125.60803628598893,127.29611056713333,126.06357746915897
2021-06-02,19.9277,6.810912,125.62206251670753,127.31125350028623,126.07758453332222
2021-06-03,20.0605,6.810886,125.63609031368857,127.32639823481722,126.09159315382594
2021-06-04,19.9328,6.810859,125.65011967710693,127.34153946567397,126.10560333084304
2021-06-07,19.797,6.810779,125.69221716773531,127.38698669955212,126.14764320270424
2021-06-08,19.7728,6.810753,125.70625279865237,127.40213690465086,126.16165960750453
2021-06-09,19.6897,6.810726,125.72035983368868,127.41730129789077,126.17567756968316
2021-06-10,19.7002,6.8107,125.73446845184779,127.4324593555649,126.18969708941312
2021-06-11,19.8823,6.811492,125.74857865330739,127.44761673864716,126.2037181668675
2021-06-14,19.9065,6.813867,125.79091875926602,127.49313157555761,126.24579074730804
2021-06-15,20.1235,6.814659,125.80503529570457,127.50830998701926,126.25981805739109
2021-06-16,20.0588,6.815451,125.81901363295967,127.52349587254896,126.27384692606414
2021-06-17,20.4292,6.816244,125.83299352336333,127.53867471087715,126.28787735350038
2021-06-18,20.7002,6.817036,125.84697496708814,127.5538571272792,126.30190933987299
2021-06-21,20.6,6.819413,125.88892861991556,127.59941628458877,126.3440146543414
2021-06-22,20.5712,6.820206,125.9029162786511,127.61460415955487,126.35805287819188
2021-06-23,20.2505,6.820999,125.91701041066786,127.6297938423,126.37209266184502
2021-06-24,20.0483,6.821792,125.93110612044438,127.64497717891359,126.38613400547412
2021-06-25,19.793,6.822585,125.94520340815731,127.66017508629363,126.40017690925251
2021-06-28,19.8027,6.827259,125.987504740681,127.70826645654279,126.44494892374362
2021-06-29,19.8157,6.828818,126.00160834190615,127.72433641340524,126.45987645243602
2021-06-30,19.9062,6.830377,126.01665853401364,127.74040555408534,126.47480574340611
2021-07-01,20.0368,6.831937,126.03171052378298,127.75647600677296,126.48973679686193
2021-07-02,19.8817,6.833497,126.04676431142884,127.7725484812128,126.50466961301157
2021-07-05,19.8532,6.838179,126.09193646377341,127.82075141161215,126.5494786397044
2021-07-06,19.9658,6.839741,126.10699744507323,127.83682309581394,126.56441850871047
2021-07-07,19.9915,6.841303,126.1220602253236,127.85288969876109,126.57936014145108
2021-07-08,20.007,6.842865,126.13712480473937,127.86895654523325,126.59430353813445
2021-07-09,19.88,6.844427,126.15219118353549,127.88502363481471,126.60924869896881
2021-07-12,19.8577,6.84784,126.19740111835513,127.9332530074666,126.6540947684607
2021-07-13,19.9988,6.848765,126.21247469682204,127.9493299529279,126.66904698798199
2021-07-14,19.8992,6.84969,126.22755007574415,127.96540358750322,126.68400097269583
2021-07-15,19.9412,6.850615,126.24262725533653,127.98148635051798,126.69895672281066
2021-07-16,19.8537,6.851541,126.25770623581423,127.99756473574901,126.71391423853488
2021-07-19,20.0,6.854318,126.30295398471057,128.04579920910376,126.75879738144842
2021-07-20,20.1348,6.855244,126.31804017088095,128.06188140580164,126.77376196169483
2021-07-21,20.1907,6.85617,126.33323342404594,128.07786139423638,126.7887283085931
2021-07-22,20.1812,6.857096,126.34842850462167,128.0938906943617,126.80369642235175
2021-07-23,20.0238,6.858023,126.36362541282793,128.1099522449893,126.81866630317937
2021-07-26,20.0245,6.861446,126.40922710542822,128.1581489815222,126.86358655016245
2021-07-27,19.977,6.863016,126.42443132635506,128.17421502947647,126.8785635013524
2021-07-28,19.9535,6.864587,126.43970761180698,128.19028131129093,126.89354222065465
2021-07-29,19.8448,6.866158,126.45498574314342,128.20635850907206,126.90852270827793
2021-07-30,19.8455,6.86773,126.47026572058739,128.22243487417154,126.92350496443099
2021-08-02,19.852,6.872446,126.51611673179535,128.2706685842846,126.96846234615687
2021-08-03,19.892,6.874019,126.53140409590044,128.28674695628425,126.98345167851717
2021-08-04,19.9547,6.875592,126.5466230120042,128.30283268894428,126.99844278045143
2021-08-05,19.9293,6.877166,126.56184375860538,128.31891509262508,127.01343565216857
2021-08-06,20.0037,6.87874,126.57706633592412,128.33500236372194,127.02843029387749
2021-08-09,20.0648,6.883464,126.62274505438789,128.38325702406095,127.0734248410448
2021-08-10,20.1038,6.88504,126.63797495677915,128.39934950870875,127.08842656481076
2021-08-11,19.953,6.886134,126.65380470364873,128.41545185713173,127.10343005961356
2021-08-12,19.8907,6.887228,126.66963642923668,128.43157513053157,127.11843532566225
2021-08-13,19.8603,6.888323,126.68547013379032,128.4477414550511,127.13344236316597
2021-08-16,19.8863,6.891608,126.7329831237193,128.49861882858542,127.18112336368054
2021-08-17,19.9912,6.892703,126.74882474660976,128.5155849295581,127.197021004101
2021-08-18,20.0107,6.893799,126.76466834970309,128.53255184267067,127.21292063172649
2021-08-19,20.1175,6.894894,126.78051393324678,128.5495288505599,127.22882224680545
2021-08-20,20.402,6.89599,126.79636149748843,128.56651702787954,127.24472584958629
2021-08-23,20.3907,6.899279,126.84391607687706,128.61750789128465,127.29244858662491
2021-08-24,20.2967,6.900375,126.85977156638666,128.63449612045196,127.30836014269823
2021-08-25,20.2933,6.901472,126.87559379900704,128.65148444957293,127.32427368771606
2021-08-26,20.3522,6.901381,126.89141800501143,128.66847537965114,127.34018922192702
2021-08-27,20.2293,6.90129,126.90724418464595,128.68545318497752,127.35610674557975
2021-08-30,20.1403,6.901017,126.95473456779203,128.7363978981439,127.40387125567555
2021-08-31,20.0605,6.900926,126.97056864440897,128.7533875266554,127.41979673958251
2021-09-01,19.9615,6.900835,126.98605199986311,128.77037224435995,127.43572421417495
2021-09-02,19.9703,6.900744,127.00153724342643,128.7873634949776,127.4516536797017
2021-09-03,19.8992,6.900653,127.01702437532916,128.80434017368495,127.46758513641166
2021-09-06,19.8878,6.900381,127.06349710337679,128.85525142855283,127.51539145612978
2021-09-07,19.944,6.90029,127.07899179094022,128.87223025551606,127.53133088006179
2021-09-08,19.9383,6.900199,127.09484136519416,128.88922384896736,127.54727229642178
2021-09-09,19.9318,6.900108,127.11069291624221,128.90622469561865,127.56321570545882
2021-09-10,19.8717,6.900017,127.12654644433094,128.923213461815,127.57916110742198
2021-09-13,19.8677,6.90255,127.17411889330712,128.9741985686679,127.62700927335959
2021-09-14,19.9035,6.903394,127.19036891961015,128.99118912802098,127.64296264951875
2021-09-15,19.9003,6.904239,127.20662102230543,129.00819088336576,127.65891801984995
2021-09-17,19.9853,6.905928,127.23913145793404,129.04220111712812,127.69083474402547
2021-09-20,20.1735,6.908463,127.28791269095284,129.0932332798847,127.73872479281172
2021-09-21,20.1438,6.909308,127.30417725757444,129.11024489929247,127.75469213341081
2021-09-22,20.0328,6.910153,127.3203731779033,129.12726055365152,127.77066146992749
2021-09-23,20.028,6.910999,127.33657115871316,129.14428921113702,127.78663280261122
2021-09-24,20.1118,6.911844,127.35277120026612,129.16132011427672,127.80260613171154
2021-09-27,20.1052,6.916555,127.40138369200558,129.2124155343007,127.85053810000768
2021-09-28,20.306,6.918489,127.41759197915306,129.22945542159928,127.86651941727017
2021-09-29,20.4977,6.920423,127.4341916598859,129.2465018636815,127.88250273219732
2021-09-30,20.5623,6.922358,127.45079350318827,129.26355163138567,127.89848804503885
2021-10-01,20.5103,6.924293,127.46739750934188,129.28061262487392,127.91447535604448
2021-10-04,20.5747,6.930102,127.51722250772816,129.33410985582887,127.96511485021851
2021-10-05,20.5818,6.932039,127.53383516810489,129.35201005589434,127.98199913620569
2021-10-06,20.6947,6.933977,127.55087510552596,129.3699217161757,127.99888564998061
2021-10-07,20.604,6.935916,127.567917319672,129.3878448407468,128.01577439183723
2021-10-08,20.7293,6.937855,127.58496181084725,129.40575247788345,128.0326653620695
2021-10-11,20.8017,6.942696,127.63610894959048,129.45951722846254,128.08335164596068
2021-10-12,20.7767,6.943657,127.65316255192513,129.47744809081823,128.1002515326362
2021-10-13,20.6827,6.944618,127.67014751438693,129.49536812929355,128.11715364915787
2021-10-14,20.6075,6.94558,127.68713473679232,129.5133021586514,128.13405799581994
2021-10-15,20.4672,6.946542,127.70412421944204,129.53122032400506,128.15096457291662
2021-10-18,20.3587,6.949427,127.75510623186466,129.58504260186535,128.20169768975757
2021-10-19,20.2647,6.95039,127.77210475849941,129.6029955296425,128.2186131915361
2021-10-20,20.185,6.951352,127.78924751588785,129.62093294423212,128.2355309252211
2021-10-21,20.2643,6.952314,127.80639257326291,129.63887284140975,128.25245089110706
2021-10-22,20.1837,6.953277,127.82353993093318,129.65684655091323,128.26937308948854
2021-10-25,20.1897,6.956166,127.8749958088016,129.71079668258963,128.3201530825518
2021-10-26,20.1888,6.958509,127.8921523707393,129.72879405562935,128.33708421386132
2021-10-27,20.193,6.960854,127.90966649049452,129.74679392580458,128.35401757913957
2021-10-28,20.3255,6.963199,127.92718300871111,129.76479629346179,128.37095317868125
2021-10-29,20.5297,6.965545,127.94470192571757,129.7828054844407,128.38789101278124
2021-11-01,20.8598,6.972588,127.9972730727613,129.8368621187256,128.43871792537936
2021-11-03,20.8352,6.977288,128.03283033992025,129.87293330399203,128.4726137119759
2021-11-04,20.6242,6.979638,128.05061267746746,129.89097914807462,128.48956495961846
2021-11-05,20.3925,6.98199,128.0683974847838,129.90893080300944,128.50651844388398
2021-11-08,20.3265,6.98905,128.12176672877783,129.9629609206666,128.55739231936954
2021-11-09,20.2833,6.991405,128.1395614186013,129.98099328149436,128.57435475307835
2021-11-10,20.4702,6.99376,128.15785690042605,129.99903717077004,128.59131942488605
2021-11-11,20.4652,6.99554,128.17615499443906,130.01708789818963,128.60828633508797
2021-11-12,20.5072,6.99732,128.19445570101325,130.03514943865017,128.6252554839794
2021-11-16,20.8092,7.004444,128.26768466038322,130.1105862308445,128.69672884780914
2021-11-17,20.6912,7.006226,128.28549961658607,130.12948840767746,128.71460339348243
2021-11-18,20.7628,7.008009,128.30331704708837,130.1483897158687,128.73248042173154
2021-11-19,20.8283,7.009792,128.3211369522338,130.16731003802363,128.75035993290123
2021-11-22,20.9632,7.015144,128.37461151896608,130.22411680550192,128.8040133673826
2021-11-23,21.2107,7.016929,128.39244132612149,130.24306007369324,128.8219028136836
2021-11-24,21.4357,7.018715,128.4104519324742,130.26200863000258,128.83979474462996
2021-11-25,21.5462,7.020501,128.4284650653147,130.28095089709086,128.85768916056674
2021-11-26,21.8185,7.023736,128.44648072499746,130.29989591870046,128.87558606183902
2021-11-29,21.7333,7.033452,128.50054286864406,130.35672036095792,128.92929168112133
2021-11-30,21.4453,7.036693,128.51856863924093,130.37564924306034,128.94719852718814
2021-12-01,21.271,7.039936,128.53677543646484,130.39458087379415,128.96510786031692
2021-12-02,21.3033,7.043181,128.554984812985,130.41352793080947,128.9830196808531
2021-12-03,21.4177,7.046427,128.57319676916683,130.43247955223643,129.00093398914208
2021-12-06,21.2047,7.056174,128.62784811933716,130.4893020159622,129.0546918439817
2021-12-07,21.0907,7.059426,128.64607039782075,130.50826827353995,129.0726161067378
2021-12-08,20.933,7.06268,128.66465260798932,130.52725432639,129.09054285897483
2021-12-09,21.0328,7.065935,128.6832375022549,130.54623516462328,129.1084721010386
2021-12-10,20.8922,7.069191,128.70182508100524,130.56523689440837,129.12640383327482
2021-12-13,20.9383,7.076453,128.75760392804244,130.62221732252695,129.18021397447748
2021-12-14,21.165,7.078875,128.77620224860985,130.64122176662892,129.1981556708628
2021-12-15,21.2393,7.081298,128.79480325560132,130.66023333042648,129.21609985915043
2021-12-16,20.9238,7.083722,128.8134069494049,130.67924512026624,129.23404653968643
2021-12-17,20.7337,7.086146,128.83201333040873,130.6982992431985,129.25199571281695
2021-12-20,20.7363,7.093425,128.88784860050322,130.76039076545902,129.31124526194452
2021-12-21,20.7823,7.095853,128.90646573418996,130.78113081632765,129.3310011466373
2021-12-22,20.7527,7.098282,128.92598074080806,130.80187415679882,129.35076004959024
2021-12-23,20.6582,7.100711,128.9454987017813,130.822628054165,129.37052197126445
2021-12-24,20.6112,7.103142,128.965019617557,130.84338597127532,129.39028691212118
2021-12-27,20.6828,7.106459,129.02360009817218,130.90569366612513,129.44959985439917
2021-12-28,20.577,7.106903,129.0431328376315,130.92647130872535,129.46937687659914
2021-12-29,20.5835,7.107346,129.06281191538923,130.9472584318381,129.48915692028862
2021-12-30,20.5157,7.107789,129.08249399420632,130.96804630911416,129.5089399859292
2021-12-31,20.4672,7.108233,129.10217907454046,130.9888374864657,129.5287260739826
2022-01-03,20.589,7.109563,129.1612523292226,131.05123082421284,129.58810247723753
2022-01-04,20.4742,7.110006,129.1809494202028,131.0720443078861,129.6079006595604
2022-01-05,20.3977,7.11045,129.2007212821835,131.09285745625516,129.6277018666056
2022-01-06,20.4588,7.110893,129.2204961703575,131.11367937178113,129.6475060988352
2022-01-07,20.4237,7.111337,129.24027408518805,131.13450641554468,129.66731335671142
2022-01-10,20.4453,7.112667,129.2996259942514,131.19701286451962,129.72675328884242
2022-01-11,20.3785,7.11272,129.31941602034104,131.21785496775772,129.74657265392818
2022-01-12,20.366,7.112772,129.33924499746416,131.23870767187634,129.76639504697255
2022-01-13,20.3607,7.112825,129.3590770150304,131.25956915811668,129.78622046843805
2022-01-14,20.3118,7.112878,129.37891207350606,131.28043396046408,129.80604891878738
2022-01-17,20.3002,7.113035,129.4384354990522,131.3430373259064,129.8655524477662
2022-01-18,20.403,7.113088,129.4582827258287,131.36391357200583,129.88539301827902
2022-01-19,20.46,7.11314,129.4783127990171,131.38479496076735,129.90523661999015
2022-01-20,20.4507,7.113193,129.49834597130294,131.4056931722369,129.92508325336263
2022-01-21,20.4598,7.113245,129.51838224316572,131.4266012780839,129.94493291885965
2022-01-24,20.6308,7.113403,129.5785096610118,131.48934227130323,130.00450011273074
2022-01-25,20.6683,7.113456,129.59855833597877,131.5102702611184,130.02436191135905
2022-01-26,20.6415,7.115181,129.61835811572453,131.5312092532881,130.04422674442884
2022-01-27,20.7383,7.116906,129.63816092043666,131.55215559836168,130.06409461240366
2022-01-28,20.8597,7.118632,129.65796675057726,131.57310527914072,130.08396551574722
2022-01-31,20.6352,7.123812,129.7174023981926,131.63598530894126,130.14359644262788
2022-02-01,20.58,7.125539,129.7372203346701,131.65696113754473,130.16347949208438
2022-02-02,20.6003,7.127267,129.75826659485773,131.6779457942949,130.183365579229
2022-02-03,20.5562,7.128996,129.77931626921645,131.69893745348696,130.2032547045258
2022-02-04,20.7325,7.130724,129.80036935830012,131.71994160485892,130.22314686843896
2022-02-08,20.6413,7.137644,129.88461587296453,131.80399903567033,130.30274591954105
2022-02-09,20.5008,7.139374,129.90536133244427,131.82503275718312,130.32265328350096
2022-02-10,20.4148,7.141106,129.92611010543487,131.84606983532728,130.3425636888637
2022-02-11,20.4188,7.142978,129.9468621924656,131.8671421334387,130.36247713609393
2022-02-14,20.411,7.148598,130.00913834309227,131.935298415872,130.42766923880524
2022-02-15,20.3992,7.150472,130.02990369157763,131.9581144268114,130.44940718367837
2022-02-16,20.3335,7.152346,130.05139474510446,131.98095967537157,130.4711487515423
2022-02-17,20.2978,7.154222,130.07288935062485,132.0038272097042,130.4928939430009
2022-02-18,20.3063,7.156097,130.09438750872587,132.02668037228992,130.51464275865808
2022-02-21,20.2825,7.161727,130.15890330438484,132.09520857135112,130.57991095686185
2022-02-22,20.2977,7.163605,130.180415678681,132.1180500344999,130.60167427535467
2022-02-23,20.2435,7.165483,130.20189544726796,132.14089544731834,130.62344122106722
2022-02-24,20.6525,7.167362,130.22337876001677,132.16373012816774,130.64521179460408
2022-02-25,20.4465,7.169241,130.24486561751218,132.18659445347993,130.66698599656985
2022-02-28,20.4257,7.176212,130.3093474643273,132.255277281502,130.73233037908855
2022-03-01,20.5272,7.178537,130.3308485066589,132.2781894061637,130.7541191008184
2022-03-02,20.7193,7.180863,130.3527875328242,132.30111578846368,130.77591145400186
2022-03-03,20.7033,7.18319,130.3747302520589,132.32405165689804,130.7977074392442
2022-03-04,20.9262,7.185517,130.39667666498468,132.34697385831308,130.81950705715073
2022-03-07,21.1947,7.192504,130.4625380721266,132.41571243603022,130.88492771291052
2022-03-08,21.3775,7.194835,130.4844992660354,132.43862771071008,130.90674186752935
2022-03-09,20.9677,7.197166,130.50679036799332,132.46154695100557,130.9285596578406
2022-03-10,20.9743,7.199498,130.52908527801452,132.48448855504,130.95038108445024
2022-03-11,20.9695,7.201499,130.5513839967495,132.50744333274451,130.97220614796433
2022-03-14,20.8908,7.207506,130.6183030117443,132.57633153201894,131.03770316599517
2022-03-15,20.8743,7.209509,130.64061697184212,132.59932063617416,131.0595427831895
2022-03-16,20.7035,7.211513,130.663587946993,132.62233656325358,131.08138604032
2022-03-17,20.5585,7.213518,130.686562961207,132.64536974755623,131.10323293799343
2022-03-18,20.4145,7.215523,130.70954201519433,132.6684353035179,131.12508347681643
2022-03-22,20.2782,7.223548,130.8014986430854,132.7607745143535,131.21252205574322
2022-03-23,20.18,7.225556,130.8250792465908,132.7839154549112,131.23439080941918
2022-03-24,20.1313,7.227565,130.84866410115495,132.80708809237916,131.2562632078874
2022-03-25,19.9577,7.229574,130.8722532075443,132.83029686884043,131.2781392517554
2022-03-28,20.1195,7.236109,130.9430460453291,132.90466803783582,131.34926108374643
2022-03-29,19.9942,7.238289,130.9666521666856,132.92949056884933,131.37297692255322
2022-03-30,19.8632,7.24047,130.99037168257803,132.95432807491352,131.39669704338647
2022-03-31,19.9112,7.242651,131.01409549433833,132.97917022179672,131.42042144701932
2022-04-01,19.8432,7.244833,131.03782360274454,133.00400223490274,131.44415013422505
2022-04-04,19.7443,7.251383,131.10903371562102,133.07850946817652,131.51536190501443
2022-04-05,19.9012,7.253567,131.132779018394,133.1033600315071,131.5391077342473
2022-04-06,20.0665,7.255753,131.15652862170512,133.12820968936185,131.56285785092155
2022-04-07,20.1605,7.257938,131.1802825263333,133.15308062753593,131.5866122558113
2022-04-08,20.12,7.260125,131.20404073305752,133.17796434921755,131.61037094969083
2022-04-11,20.0093,7.267354,131.27534117359883,133.25265230129105,131.68167277301274
2022-04-12,19.8407,7.270209,131.29911659650026,133.27754833849602,131.70544863059678
2022-04-13,19.7967,7.273066,131.32289632539496,133.30246383572705,131.72922878104396
2022-04-18,19.9377,7.287365,131.44185958706757,133.4271945828852,131.848193953361
2022-04-19,20.0447,7.290228,131.4656651683039,133.452163999827,131.87199987726925
2022-04-20,20.0383,7.293092,131.48940202451487,133.4771136232877,131.89581009946934
2022-04-21,20.1802,7.295957,131.51314316654708,133.50206642814004,131.9196246207373
2022-04-22,20.3183,7.298824,131.5368885951744,133.5270424397343,131.94344344184938
2022-04-25,20.2992,7.30743,131.60815060836723,133.6019706850454,132.01492571201464
2022-04-26,20.356,7.308198,131.63191319111596,133.62698394289032,132.03876174026823
2022-04-27,20.4707,7.308965,131.656338223897,133.65202044307628,132.06260207224912
2022-04-28,20.567,7.309733,131.68076778887857,133.67706163412876,132.0864467087344
2022-04-29,20.3728,7.310501,131.70520188690162,133.7021283111362,132.11029565050126
2022-05-02,20.4075,7.312804,131.77853138763192,133.77737772564734,132.18186831526552
2022-05-03,20.335,7.313572,131.80298362623387,133.80248699623883,132.20573448593356
2022-05-04,20.2535,7.314341,131.82806280506273,133.8275957762708,132.2296049657713
2022-05-05,20.2218,7.315109,131.85314675590206,133.852726740041,132.25347975555678
2022-05-06,20.1085,7.315877,131.87823547965976,133.87787989827422,132.27735885606822
2022-05-09,20.3172,7.318183,131.95353029752616,133.95336773671292,132.3490220297421
2022-05-10,20.372,7.318951,131.9786381220411,133.97856771401837,132.37291838094188
2022-05-11,20.2592,7.319811,132.00419065281085,134.0038561686744,132.3968190467607
2022-05-12,20.32,7.320672,132.0297481308345,134.02919592564297,132.42072402797746
2022-05-13,20.1443,7.321532,132.05531055706982,134.0545866399011,132.44463332537143
2022-05-16,20.0782,7.324115,132.13202753462735,134.1354266288451,132.52190771844005
2022-05-17,19.9637,7.324976,132.1576097632917,134.1623207818842,132.54767586716306
2022-05-18,19.9663,7.325837,132.18305010317115,134.18918566860143,132.57344902635947
2022-05-19,19.9267,7.326698,132.20849534031603,134.21604214312202,132.59922719700344
2022-05-20,19.8657,7.327559,132.23394547566903,134.24289653622083,132.62501038006954
2022-05-23,19.8282,7.330143,132.31032528040694,134.3234807671318,132.7023900135475
2022-05-24,19.887,7.331005,132.33579501802342,134.3503734473437,132.72819325605013
2022-05-25,19.8377,7.331867,132.3611593787352,134.3773133095883,132.7540015158499
2022-05-26,19.7933,7.331571,132.38652860094945,134.40422871217388,132.7798147939224
2022-05-27,19.5965,7.331275,132.41190268559797,134.4311356920719,132.80563309124344
2022-05-30,19.4953,7.330388,132.4880541234696,134.51197861251083,132.8831181084582
2022-05-31,19.694,7.330093,132.5134476671766,134.53896507821997,132.90895649253486
2022-06-01,19.7388,7.329797,132.53925098018067,134.56596630107245,132.93479990074172
2022-06-02,19.5585,7.329501,132.5650593176632,134.59299163263793,132.96064833405578
2022-06-03,19.5742,7.329206,132.59087268060256,134.620042954609,132.98650179345404
2022-06-06,19.5547,7.328319,132.66834293194827,134.70120710084097,133.06409233792832
2022-06-07,19.5998,7.328024,132.69417640650252,134.7283044936694,133.08996591143844
2022-06-08,19.59,7.327728,132.72115755570516,134.75542417862815,133.11584451592122
2022-06-09,19.6128,7.327433,132.74814419107483,134.7826099624943,133.1417281523549
2022-06-10,19.9297,7.327137,132.77513631372702,134.80981732989977,133.16761682171781
2022-06-13,20.4527,7.331594,132.85614561653733,134.89152296330704,133.24531303716972
2022-06-14,20.6583,7.333081,132.88315969947936,134.91880102683962,133.27122184803807
2022-06-15,20.6675,7.334567,132.90955177147526,134.94610521919742,133.29713569673072
2022-06-16,20.5728,7.336054,132.93594908522988,134.97347866179086,133.3230545842273
2022-06-17,20.476,7.337542,132.96235164178432,135.000932642277,133.34897851150757
2022-06-20,20.2442,7.342005,133.04159077866032,135.08341250350276,133.42678054185092
2022-06-21,20.1963,7.343494,133.06801431682888,135.11094512959286,133.4527246380674
2022-06-22,20.0465,7.344983,133.09573681981158,135.13854904629923,133.47867377896924
2022-06-23,20.0365,7.346472,133.1234650983157,135.16624306423225,133.50462796553734
2022-06-24,19.8707,7.347961,133.15119915354452,135.19399457124229,133.53058719875287
2022-06-27,19.8797,7.354275,133.23443599161521,135.28428482090337,133.61684426955117
2022-06-28,19.9847,7.356689,133.26219316578013,135.31441563745042,133.6456090068592
2022-06-29,20.1443,7.359103,133.29017822634498,135.34458135530315,133.67437993657595
2022-06-30,20.1335,7.361518,133.3181691637725,135.3747500384444,133.7031570600345
2022-07-01,20.3817,7.363934,133.3461659792969,135.40494725664536,133.73194037856825
2022-07-04,20.2877,7.371186,133.43019170679656,135.49559852363936,133.81832751795872
2022-07-05,20.5598,7.373605,133.45821204705499,135.52580275081027,133.84713563013273
2022-07-06,20.7228,7.376025,133.48675727574283,135.55603366341666,133.8759499440531
2022-07-07,20.6022,7.378445,133.51530860993793,135.58627772070514,133.90477046105494
2022-07-08,20.4423,7.380866,133.54386605094618,135.6165209932078,133.93359718247362
2022-07-11,20.7473,7.387652,133.629575027913,135.70730825194397,134.020114586589
2022-07-12,20.7882,7.389594,133.65815690923841,135.73760679333492,134.04896613903472
2022-07-13,20.7613,7.391535,133.68618799492353,135.76788382062801,134.07782390257853
2022-07-14,20.9415,7.393478,133.71422495935025,135.79819211502593,134.10668787855758
2022-07-15,20.611,7.395421,133.74226780375142,135.8285015170716,134.13555806830922
2022-07-18,20.3957,7.401252,133.8264316291348,135.91935141562607,134.22220593357807
2022-07-19,20.4407,7.403197,133.8544980057681,135.94963122669142,134.2511009917999
2022-07-20,20.4913,7.405143,133.88327672283938,135.97995554721226,134.28000227048562
2022-07-21,20.6562,7.407089,133.9120616273348,136.0103244039511,134.3089097709744
2022-07-22,20.515,7.409035,133.9408527205847,136.04071893339085,134.33782349460566
2022-07-25,20.4652,7.414877,134.0272631461684,136.13193761088326,134.42460201775268
2022-07-26,20.433,7.416859,134.05607900774484,136.16235553605384,134.45354064735372
2022-07-27,20.512,7.418842,134.08605543652297,136.19280295166678,134.48248550679864
2022-07-28,20.3778,7.420824,134.11603856836362,136.22329500699428,134.51143659742857
2022-07-29,20.3485,7.422808,134.14602840476573,136.25385064886044,134.54039392058493
2022-08-01,20.2633,7.428761,134.2360381563344,136.3456155013272,134.62730329863155
2022-08-02,20.5152,7.430747,134.26605482597768,136.37625993588676,134.65628556531388
2022-08-03,20.6305,7.432733,134.29592902317643,136.40696353551957,134.68527407123418
2022-08-04,20.3358,7.43472,134.3258098673841,136.43768314152422,134.71426881773561
2022-08-05,20.401,7.436707,134.3556973600796,136.46845249202758,134.74326980616166
2022-08-08,20.2789,7.442672,134.44539974388763,136.560805597569,134.83031023642624
2022-08-09,20.2715,7.444661,134.47531384533065,136.59161712933192,134.859336205991
2022-08-10,19.9562,7.446651,134.50631787602276,136.62246862258752,134.888368424202
2022-08-11,19.9595,7.447777,134.5373290548664,136.65344549030652,134.91740689240444
2022-08-12,19.874,7.448904,134.5683473835096,136.6844912551574,134.9464516119438
2022-08-15,19.8618,7.452286,134.66144528472276,136.78446615431002,135.04206125278114
2022-08-16,19.9303,7.453413,134.6924922290523,136.81775493388974,135.07394618391027
2022-08-17,20.0387,7.454541,134.72373340433322,136.85108753948484,135.10583864342593
2022-08-18,20.0835,7.455668,134.75498182583118,136.8844183821389,135.1377386331056
2022-08-19,20.1957,7.456796,134.78623749522689,136.91777559396064,135.1696461547273
2022-08-22,20.1598,7.460182,134.88004800761368,137.01793596386182,135.2654139290303
2022-08-23,19.9982,7.46131,134.91133268541546,137.05135692207563,135.297351596208
2022-08-24,19.9198,7.462439,134.94262461952445,137.0847936461825,135.32929680422376
2022-08-25,19.9437,7.463568,134.9739238116237,137.11830326240712,135.3612495548581
2022-08-26,19.9268,7.465516,135.00523026339667,137.15185154060532,135.39320984989186
2022-08-29,19.9945,7.471363,135.0991931935983,137.25259137176855,135.48913601920523
2022-08-30,20.1465,7.473313,135.13052870090849,137.28619843128033,135.5211265096542
2022-08-31,20.0962,7.475263,135.1618714763155,137.3198194399256,135.55312455341343
2022-09-01,20.2473,7.477214,135.19322152150517,137.35346661012778,135.5851301522663
2022-09-02,19.9753,7.479166,135.22457883816364,137.38713156325656,135.6171433079967
2022-09-05,19.962,7.485023,135.31869443381964,137.4881358469637,135.71322813429768
2022-09-06,20.138,7.486977,135.35008085322306,137.52181165628198,135.74527153538494
2022-09-07,20.0297,7.488931,135.38222649742568,137.55550297211764,135.77732250227524
2022-09-08,20.0203,7.490885,135.41437977621882,137.58926138513874,135.80938103675493
2022-09-09,19.9027,7.49284,135.44654069141566,137.62305865842842,135.84144714061082
2022-09-12,19.7957,7.498017,135.54306927356708,137.72461159799784,135.93769088630998
2022-09-13,20.055,7.499628,135.57526075251954,137.7585067726172,135.96978728554703
2022-09-14,19.9768,7.50124,135.60821307284132,137.79244855537337,136.00189126310056
2022-09-15,20.0525,7.502852,135.64117340240762,137.82643238351196,136.0340028207599
2022-09-19,19.9943,7.509303,135.773094852059,137.9626430986136,136.16252488825666
2022-09-20,20.0,7.510916,135.80609525705776,137.99675282920145,136.19467437329973
2022-09-21,20.0027,7.51253,135.83857554817337,138.03092619174234,136.22683144919344
2022-09-22,19.9608,7.514144,135.87106360749198,138.06515594434168,136.25899611773005
2022-09-23,20.1627,7.515759,135.90355943687143,138.09944020716293,136.2911683807023
2022-09-26,20.3517,7.521027,136.0010935639605,138.20247534445204,136.3877307541662
2022-09-27,20.357,7.523065,136.03362049217117,138.23686664654576,136.41993341281648
2022-09-28,20.3058,7.525104,136.06857357521432,138.27134599301777,136.45214367487227
2022-09-29,20.1927,7.527143,136.10353563925796,138.3058738844605,136.48436154212885
2022-09-30,20.0925,7.529183,136.1385066866097,138.34052718952825,136.51658701638186
2022-10-03,20.0008,7.535305,136.24347375159877,138.4504793836764,136.62184559318132
2022-10-04,19.9698,7.537347,136.27848075527106,138.48715568483442,136.65694981739622
2022-10-05,20.1267,7.53939,136.31255037545992,138.52387516947772,136.69206306144653
2022-10-06,20.1087,7.541433,136.3466285130538,138.56062824707996,136.7271853276498
2022-10-07,20.0502,7.543476,136.38071517018207,138.59736644298775,136.76231661832426
2022-10-10,19.9752,7.549611,136.4830262800748,138.70765566427065,136.86776466036562
2022-10-11,19.9652,7.550128,136.51714703664481,138.74443245797386,136.90293207211863
2022-10-12,20.0352,7.550645,136.55089710910667,138.78124405371335,136.93810851994272
2022-10-13,20.0398,7.551162,136.58465552533642,138.81809625656143,136.97329400615965
2022-10-14,20.0838,7.55168,136.61842228739687,138.8549736694378,137.0084885330918
2022-10-17,19.9913,7.553232,136.71977266919757,138.96568785279487,137.11412638141206
2022-10-18,20.0207,7.553749,136.7535728352186,139.00261605426277,137.14935709444063
2022-10-19,20.1272,7.554266,136.7870014863561,139.0395559994792,137.18459685980517
2022-10-20,20.0448,7.554784,136.82043830894168,139.07650305793914,137.21984567983165
2022-10-21,19.9647,7.555302,136.85388330497275,139.11346263862677,137.2551035568466
2022-10-24,19.9535,7.556854,136.9542673537211,139.2244061226582,137.36093155309678
2022-10-25,19.8712,7.557372,136.98774506351867,139.26143594734222,137.39622568134305
2022-10-26,19.8553,7.559441,137.02199199978455,139.29851043628997,137.43152887821952
2022-10-27,19.8365,7.56151,137.0562474977845,139.33562188111205,137.46684114605628
2022-10-28,19.8303,7.56358,137.09051155965898,139.37273934260762,137.5021624871841
2022-10-31,19.8245,7.569793,137.1933551499417,139.4841975460466,137.6081809736301
2022-11-01,19.7463,7.571865,137.22917785934197,139.5213778338147,137.6435386312414
2022-11-03,19.6673,7.576011,137.3008513417072,139.5957758970833,137.71428120365937
2022-11-04,19.5202,7.578085,137.33670211955754,139.63302470328517,137.7496661231353
2022-11-07,19.4647,7.58431,137.44431062910485,139.7449006216264,137.8558754426591
2022-11-08,19.4775,7.586386,137.4801988657691,139.7822144509938,137.89129674398814
2022-11-09,19.5887,7.588463,137.51529450542398,139.81956736496653,137.92672714662373
2022-11-10,19.394,7.59054,137.5503991042158,139.85696909923666,137.96216665290447
2022-11-11,19.5353,7.591303,137.58551266443158,139.89445853678689,137.99761526516946
2022-11-14,19.4015,7.593594,137.69090713650215,140.01363581067562,138.11264522474062
2022-11-15,19.3818,7.594358,137.72605656529615,140.05344246519013,138.15100984841416
2022-11-16,19.3137,7.595122,137.7619035972411,140.09330206395308,138.18938512892763
2022-11-17,19.4333,7.595886,137.7977599593718,140.13315082542906,138.22777106924121
2022-11-18,19.493,7.59665,137.8336256541168,140.1730089753701,138.26616767231602
2022-11-22,19.4667,7.599707,137.97718180783022,140.3327108569304,138.4198607714771
2022-11-23,19.3683,7.600471,138.0143589929284,140.37266163064595,138.45831073280252
2022-11-24,19.3692,7.601236,138.05154619521264,140.41266744928663,138.49677137467273
2022-11-25,19.3393,7.602,138.0887434173819,140.45272172281727,138.5352427000546
2022-11-28,19.325,7.610446,138.2003952302017,140.57301752291315,138.65072080695052
2022-11-29,19.216,7.613264,138.23763255891652,140.6131811864225,138.68923489606354
2022-11-30,19.3965,7.616082,138.27480312233791,140.65336335590737,138.72775968353469
2022-12-01,19.1433,7.618902,138.31198368051082,140.69358045023247,138.76629517233567
2022-12-02,19.3422,7.621722,138.34917423612268,140.73382936625978,138.8048413654391
2022-12-05,19.7567,7.63019,138.46080591447773,140.85476607846527,138.92054420030237
2022-12-06,19.803,7.633015,138.49803648673472,140.89512957673801,138.95913324035803
2022-12-07,19.6977,7.63584,138.5365081635366,140.935538691276,138.99773299959145
2022-12-08,19.6732,7.638667,138.57499052691537,140.97597427178934,139.03634348098024
2022-12-09,19.8192,7.641495,138.61348357983954,141.01644338320372,139.07496468750273
2022-12-13,19.6458,7.642589,138.76756274638868,141.17863676401367,139.2295568245264
2022-12-14,19.6955,7.642011,138.80533836069188,141.21923934778414,139.26823170142214
2022-12-15,19.7963,7.641433,138.8431242583567,141.25988381397107,139.3069173213392
2022-12-16,19.7932,7.640855,138.8809204421826,141.30058902665778,139.3456136872618
2022-12-19,19.7557,7.63912,138.9943707386315,141.42676677918317,139.46757666485738
2022-12-20,19.7482,7.638542,139.03220809511032,141.46886088490646,139.50825470805128
2022-12-21,19.6932,7.637964,139.0716005540706,141.5109950273067,139.54894461567443
2022-12-22,19.574,7.637387,139.11100417422762,141.55319635762652,139.58964639118733
2022-12-23,19.4287,7.636809,139.15041895874364,141.5954165644568,139.63036003805144
2022-12-26,19.3983,7.637511,139.26873033008286,141.72226728116357,139.75257224138068
2022-12-27,19.4407,7.639368,139.3081898036764,141.76456744121734,139.79333340828438
2022-12-28,19.4143,7.641227,139.34727349026022,141.80691763678809,139.83410646386181
2022-12-29,19.3615,7.643085,139.38636814198944,141.84931002699938,139.87489141158042
2022-12-30,19.4715,7.644945,139.4254737619404,141.89170917979231,139.9156882549088
2023-01-02,19.4883,7.650525,139.54285646189993,142.01909509079996,140.03815019325296
2023-01-03,19.422,7.652386,139.5820059855184,142.06161205739278,140.07899465372597
2023-01-04,19.3568,7.654247,139.62267863115144,142.10413977942451,140.11985102716665
2023-01-05,19.3672,7.656109,139.66336312834147,142.14663799609414,140.16071931704954
2023-01-06,19.1753,7.657971,139.70405948054193,142.18915563492587,140.20159952685034
2023-01-09,19.1648,7.663561,139.8262197017551,142.3167967278132,140.3243117105315
2023-01-10,19.1108,7.665425,139.86696350855152,142.3593909591005,140.3652396347804
2023-01-11,19.026,7.665918,139.90760263183762,142.40197025749364,140.40617949634054
2023-01-12,18.8735,7.666411,139.94825356304673,142.44456229123662,140.44713129869362
2023-01-13,18.7922,7.666904,139.98891630560976,142.48716706413862,140.48809504532238
2023-01-16,18.7913,7.668384,140.1109754357458,142.61496874816584,140.6110579857054
2023-01-17,18.7493,7.668877,140.15168545805295,142.65765420061754,140.65206954428456
2023-01-18,18.7493,7.66937,140.19334165345296,142.70036233584386,140.6930930645683
2023-01-19,19.0327,7.669863,140.23501022999994,142.74312170663802,140.73412855004545
2023-01-20,18.9257,7.670356,140.27669119137386,142.7858990446528,140.7751760042059
2023-01-23,18.8267,7.671836,140.40180842127305,142.9143246596253,140.89839021370045
2023-01-24,18.8318,7.67233,140.443538958776,142.95716878622133,140.93948557751276
2023-01-25,18.82,7.672823,140.48567202046365,143.000020197565,140.98059292747286
2023-01-26,18.8355,7.675005,140.52781772206978,143.04290630084452,141.02171226707668
2023-01-27,18.7872,7.677188,140.56997606738642,143.08580129237149,141.06284359982124
2023-01-30,18.7793,7.683739,140.69652700353598,143.21467680543321,141.1863095918843
2023-01-31,18.7937,7.685924,140.73873596163702,143.25770565507938,141.2274889321819
2023-02-01,18.739,7.68811,140.78087939423887,143.30073270903483,141.26868028312046
2023-02-02,18.6232,7.690297,140.82303544645748,143.34383199662744,141.309883648203
2023-02-03,18.8895,7.692484,140.8652041220717,143.38696853562564,141.3510990309337
2023-02-07,19.0517,7.701238,141.0340051341021,143.5598263293122,141.51608080845637
2023-02-08,18.9435,7.703428,141.0763936878674,143.60309845118618,141.55735633202548
2023-02-09,18.9543,7.705619,141.11879498174804,143.64642071370645,141.59864389428898
2023-02-10,18.6893,7.70781,141.1612090195731,143.6898338541888,141.63994349875813
2023-02-13,18.6327,7.713139,141.2885276350233,143.8243155877603,141.7698197899717
2023-02-14,18.5383,7.714916,141.33099268694028,143.86920036007135,141.81313834601863
2023-02-15,18.6428,7.716693,141.37437344997332,143.91410753241706,141.85647013829103
2023-02-16,18.5497,7.718471,141.4177675284906,143.95905270772226,141.8998151708333
2023-02-17,18.4142,7.720249,141.4611749265792,144.00400392193023,141.94317344769104
2023-02-20,18.397,7.725586,141.59147707916287,144.13898982950786,142.07332778463226
2023-02-21,18.3938,7.727366,141.63493779643298,144.1840512812033,142.1167390792331
2023-02-22,18.3483,7.729147,141.67837251069056,144.2291656698267,142.1601636383962
2023-02-23,18.4107,7.730927,141.7218205449272,144.27427895030195,142.2036014661746
2023-02-24,18.4023,7.732708,141.76528190322765,144.3194448148511,142.2470525666226
2023-02-27,18.4077,7.738086,141.8957459633787,144.4550874335209,142.37748554454578
2023-02-28,18.3448,7.739885,141.93926065880746,144.5002918442843,142.42098977623994
2023-03-01,18.17,7.741684,141.9828281263152,144.54554451901353,142.46450730089379
2023-03-02,18.126,7.743484,142.0264089666151,144.59078526687097,142.50803812256908
2023-03-03,18.0123,7.745284,142.07000318381176,144.63608033856116,142.55158224532875
2023-03-06,18.0122,7.750686,142.20086613784864,144.77210859796793,142.68229446076256
2023-03-07,18.1155,7.752488,142.24451390370484,144.81749063256592,142.72589182851448
2023-03-08,17.9662,7.75429,142.2887282401099,144.86293114295995,142.7695025176843
2023-03-09,18.0577,7.756092,142.3329563198045,144.90838671637044,142.8131265323425
2023-03-10,18.4083,7.757895,142.37719814706057,144.95390405073124,142.8567638765607
2023-03-13,18.8302,7.760428,142.51000615693604,145.0906143792848,142.98775592731099
2023-03-14,18.6427,7.761273,142.55430301718312,145.13623530176994,143.031446630511
2023-03-15,18.9972,7.762117,142.59904922896354,145.18189072667758,143.07515068364808
2023-03-16,18.9095,7.762962,142.64380948608263,145.22761173033166,143.11886809080144
2023-03-17,18.8977,7.763807,142.68858379294912,145.27338828036912,143.1625988560514
2023-03-21,18.6755,7.767187,142.86782160611068,145.45668082380638,143.33765557966908
2023-03-22,18.5437,7.768032,142.9125868568806,145.50256028521622,143.38145319665176
2023-03-23,18.4902,7.768877,142.95736613409576,145.54849463515072,143.42526419623962
2023-03-24,18.5178,7.769723,143.00215944215114,145.5944835121403,143.4690885825218
2023-03-27,18.383,7.772007,143.13662359532856,145.7326891047841,143.6006421024443
2023-03-28,18.2523,7.772727,143.18147307072178,145.77883212228494,143.64452007642006
2023-03-29,18.1052,7.773447,143.22657523473907,145.82500959206567,143.6884114575545
2023-03-30,18.0932,7.774167,143.27169160593803,145.87124786712099,143.73231624994432
2023-03-31,18.0415,7.774887,143.3168221887939,145.9175514531731,143.77623445768734
2023-04-03,18.107,7.777047,143.45229925207687,146.05767713322143,143.9110668038228
2023-04-04,18.1185,7.777767,143.49724763917587,146.10441356132523,143.95603901219897
2023-04-05,18.3323,7.778487,143.54221011010281,146.15115682752503,144.00102527439026
2023-04-10,18.1765,7.782089,143.76723387665797,146.38528456111953,144.2261675463352
2023-04-11,18.187,7.782477,143.81228094327267,146.43211768653433,144.27123822369342
2023-04-12,18.066,7.782865,143.85742202034655,146.47896579529694,144.3163229856383
2023-04-13,18.0152,7.783253,143.90257726670293,146.52586144308233,144.3614218365713
2023-04-14,18.0638,7.783641,143.94774668678946,146.57280873610497,144.4065347808952
2023-04-17,18.0868,7.784805,144.08334003392633,146.7137958867486,144.54195821826121
2023-04-18,18.063,7.785193,144.128566193437,146.76080665479563,144.5871275802044
2023-04-19,18.0448,7.785581,144.17380654893662,146.8078394166394,144.63231105757322
2023-04-20,18.009,7.785969,144.21906110488115,146.85487053139522,144.6775086547787
2023-04-21,17.9988,7.786358,144.26432986572797,146.90190202747345,144.72272037623333
2023-04-24,18.0082,7.787522,144.40022142227673,147.04303790971173,144.8584403302371
2023-04-25,18.0892,7.78791,144.4455470473343,147.090112104487,144.90370859284027
2023-04-26,18.103,7.787069,144.4907665283127,147.13720749829733,144.9489910017755
2023-04-27,18.0723,7.786227,144.53600016550087,147.18435557286782,144.99428756146355
2023-04-28,17.9975,7.785386,144.58124796333044,147.23155473378202,145.0395982763265
2023-05-02,18.0325,7.782022,144.7623808497451,147.42059120848145,145.2209827760179
2023-05-03,17.906,7.781181,144.80822227034753,147.46788455314442,145.2663643331354
2023-05-04,17.9575,7.78034,144.85407820739982,147.51521355142575,145.31176007198948
2023-05-05,17.7863,7.7795,144.89994866549884,147.5626105993043,145.357169997012
2023-05-08,17.8213,7.776978,145.0376472120669,147.7048389942741,145.49348493342848
2023-05-09,17.7608,7.776138,145.08357580035073,147.75227686506446,145.53895164747018
2023-05-10,17.5845,7.775298,145.12947863169424,147.79974310485332,145.58443256986
2023-05-11,17.6287,7.776384,145.17539598618353,147.84717779018348,145.62992770503806
2023-05-12,17.6142,7.777471,145.22132786841362,147.89462153884975,145.6754370574459
2023-05-15,17.538,7.780731,145.35921072751987,148.0370071544095,145.81205046248357
2023-05-16,17.4672,7.781818,145.40520076669173,148.08445466005813,145.8576167282531
2023-05-17,17.5872,7.782906,145.4506398919313,148.13191367104812,145.90319723348065
2023-05-18,17.7342,7.783993,145.49609321689752,148.17933645729977,145.94879198261611
2023-05-19,17.693,7.78508,145.54156074602778,148.22677854152218,145.99440098011067
2023-05-22,17.868,7.788344,145.67804860279784,148.36913785722578,146.13131350728207
2023-05-23,17.9687,7.789432,145.72357299298622,148.4165953745154,146.17697954275312
2023-05-24,17.8195,7.790521,145.7691116095465,148.4640618875944,146.2226598488602
2023-05-25,17.8252,7.791609,145.81466445692448,148.51152914738122,146.26835443006297
2023-05-26,17.6723,7.79006,145.86023153956725,148.55902602212677,146.31406329082236
2023-05-29,17.5605,7.785417,145.9970182435766,148.70146163189247,146.45127559507085
2023-05-30,17.6532,7.783869,146.0426423117777,148.74900066305696,146.4970416186943
2023-05-31,17.7418,7.782322,146.08807780049693,148.79654125686054,146.54282194420014
2023-06-01,17.5673,7.780776,146.13352742470153,148.84405943231093,146.5886165760577
2023-06-02,17.5063,7.779229,146.17899118878924,148.89162337841398,146.6344255187377
2023-06-05,17.4732,7.774592,146.31546736434845,149.03439774119573,146.77193825644076
2023-06-06,17.4192,7.773047,146.3609877319729,149.0820059515853,146.8178044871459
2023-06-07,17.3608,7.771502,146.40701013144863,149.1296210878195,146.86368505104812
2023-06-08,17.4085,7.769958,146.4530470024122,149.1772659305123,146.90957995262656
2023-06-09,17.284,7.768413,146.49909834941408,149.2249570736677,146.95548919636175
2023-06-12,17.312,7.766772,146.63733929217585,149.36816555397675,147.09330302533402
2023-06-13,17.2185,7.766724,146.68344858886442,149.41591150300764,147.1392696825294
2023-06-14,17.1247,7.766675,146.7288797125246,149.46363120974388,147.1852507043052
2023-06-15,17.1762,7.766627,146.7743249072133,149.51137446049657,147.23124609515028
2023-06-16,17.0792,7.766578,146.8197841772887,149.55912673226177,147.277255859555
2023-06-19,17.0945,7.766433,146.95624648343644,149.7025399266831,147.4153714390514
2023-06-20,17.2043,7.766384,147.00176209866672,149.75035949217997,147.4614387426261
2023-06-21,17.1547,7.766336,147.04704680815766,149.7982242827791,147.50752044223316
2023-06-22,17.1713,7.766287,147.09234546785493,149.8460952180919,147.55361654237134
2023-06-23,17.1795,7.766239,147.137658082056,149.89396272073103,147.59972704754082
2023-06-26,17.1445,7.766267,147.27367969467608,150.03775698741984,147.7381450382598
2023-06-27,17.1013,7.766392,147.3190481698931,150.0856877992041,147.78431320858425
2023-06-28,17.072,7.766518,147.36414416741624,150.1335713871824,147.83049580646193
2023-06-29,17.1187,7.766643,147.40925396932525,150.18151487505412,147.87669283640145
2023-06-30,17.1358,7.766768,147.45437757984584,150.2294582378236,147.9229043029128
2023-07-03,17.0517,7.767144,147.58983130535336,150.37344907634164,148.06162536699935
2023-07-04,17.026,7.76727,147.63501019260295,150.4214975703618,148.10789462492653
2023-07-05,17.004,7.767395,147.6813511819134,150.46956141721049,148.1541783419968
2023-07-06,17.2825,7.76752,147.72770671714554,150.51766152034355,148.20047652272868
2023-07-07,17.1012,7.767646,147.77407680286507,150.5657874520916,148.24678917164204
2023-07-10,17.0605,7.768022,147.91327440862796,150.71012827435376,148.38581397269104
2023-07-11,17.0783,7.76887,147.959702741984,150.75823159818498,148.43218453955748
2023-07-12,16.8537,7.769718,148.00610454876056,150.80636953908,148.47856959722608
2023-07-13,16.8905,7.770567,148.05252090765933,150.85451237802243,148.52496915022522
2023-07-14,16.7892,7.771415,148.09895182324397,150.90266010988975,148.57138320308465
2023-07-17,16.7858,7.773961,148.2383319557718,151.0471514866473,148.71071240614398
2023-07-18,16.748,7.77481,148.2848211437657,151.09536070249678,148.7571845037709
2023-07-19,16.7667,7.775659,148.33087181877644,151.14359160076106,148.80367112392832
2023-07-20,16.846,7.776508,148.37693679508018,151.1918735814113,148.85017227115455
2023-07-21,16.9393,7.777358,148.4230160771182,151.24019198434337,148.89668794998926
2023-07-24,16.8367,7.779906,148.56133980207233,151.38522346859088,149.03632222156284
2023-07-25,16.9075,7.780755,148.60747635148863,151.43361796041773,149.08289607225706
2023-07-26,16.8825,7.782178,148.65325571017578,151.48201530342,149.12948447727962
2023-07-27,16.7338,7.783601,148.6990491714487,151.53044536606265,149.17608744117877
2023-07-28,16.6895,7.785025,148.7448567396518,151.57890985350556,149.2227049685041
2023-07-31,16.7303,7.789297,148.88236412930584,151.72439001918923,149.36264497655532
2023-08-01,16.8533,7.790722,148.92822816870012,151.7728912491987,149.40932080311046
2023-08-02,17.0193,7.792146,148.97489234685963,151.82141852321882,149.45601121586142
2023-08-03,17.2892,7.793571,149.02157114646167,151.86993938340038,149.50271621936636
2023-08-04,17.0555,7.794997,149.06826457208757,151.91847448486163,149.54943581818492
2023-08-07,17.0608,7.799274,149.2084326509439,152.06414120521973,149.68968223213957
2023-08-08,17.1122,7.800701,149.25518462650786,152.11271725032697,149.7364602578371
2023-08-09,17.0767,7.802127,149.30182687170364,152.16128346066242,149.78325290166768
2023-08-10,16.9548,7.803554,149.34848369260104,152.20989265067462,149.83006016819945
2023-08-11,17.0045,7.804665,149.39515509375497,152.25848988695594,149.876882062002
2023-08-14,17.0672,7.807997,149.53525682432635,152.4044191488152,150.01743555275178
2023-08-15,17.1388,7.809109,149.58198659208395,152.45304039197975,150.06431600136202
2023-08-16,17.0768,7.81022,149.62877251344582,152.50167714667148,150.11121110011243
2023-08-17,17.1225,7.811332,149.6755730684042,152.55039296020448,150.1581208535812
2023-08-18,17.0477,7.812443,149.72238826153617,152.59909255440155,150.20504526634792
2023-08-21,17.0202,7.815779,149.86292171576562,152.74528463686102,150.34590650625336
2023-08-22,16.9267,7.816891,149.90979550739118,152.79406766214188,150.39288960203655
2023-08-23,16.8077,7.818004,149.95543471180122,152.84289809959893,150.43988738003716
2023-08-24,16.809,7.819116,150.00108781081346,152.89171230017945,150.48689984484344
2023-08-25,16.7718,7.820229,150.0467548086581,152.94052722632333,150.53392700104493
2023-08-28,16.7432,7.824885,150.18383923750685,153.08722112668096,150.67509666393875
2023-08-29,16.8402,7.826437,150.22956187300804,153.13614737731078,150.7221826316462
2023-08-30,16.7477,7.82799,150.27575746328398,153.1850994737109,150.7692833137186
2023-08-31,16.917,7.829543,150.32196725870392,153.23407189898427,150.81639871475411
2023-09-01,17.1113,7.831096,150.36819126363596,153.28305146746598,150.86352883935248
2023-09-04,17.175,7.835758,150.50694857920558,153.43007134582408,151.0050076005428
2023-09-05,17.3492,7.837313,150.55322946589368,153.47909182742444,151.05219666541794
2023-09-06,17.5805,7.838867,150.59923184156384,153.5281079333844,151.09940047687587
2023-09-07,17.5543,7.840423,150.64524827351542,153.57715589919945,151.1466190395249
2023-09-08,17.5767,7.841978,150.69127876604344,153.62621526844504,151.19385235797472
2023-09-11,17.3813,7.846426,150.82945465005554,153.77350279910468,151.3356408942483
2023-09-12,17.2553,7.847763,150.87554142786527,153.82264838345068,151.38293328202775
2023-09-13,17.1235,7.8491,150.92269003456147,153.87178788304703,151.43024044867838
2023-09-14,17.1042,7.850437,150.96985337519726,153.92096274192465,151.47756239881858
2023-09-15,17.0807,7.851774,151.017031454377,153.97016400522335,151.5248991370682
2023-09-18,17.1307,7.855788,151.15865416924507,154.11784292057706,151.6669981266936
2023-09-19,17.0805,7.857126,151.20589124867294,154.16709855506937,151.7143940636082
2023-09-20,17.024,7.858465,151.2520930487767,154.21637849636446,151.76180481175308
2023-09-21,17.1675,7.859803,151.29830896609715,154.2656579117341,151.80923037575673
2023-09-22,17.1568,7.861142,151.3445390049479,154.31496507264416,151.85667076024916
2023-09-25,17.3733,7.865161,151.48331389383762,154.4629682665308,151.9990808829802
2023-09-26,17.4758,7.866461,151.52960046197185,154.51230631297793,152.0465805957561
2023-09-27,17.7287,7.867761,151.57611163100253,154.56166226482367,152.09409515219227
2023-09-28,17.6195,7.869062,151.62263707637814,154.61105373201423,152.14162455692733
2023-09-29,17.4127,7.870362,151.66917680248076,154.66043607310107,152.18916881460137
2023-10-02,17.592,7.874266,151.80888170899107,154.80873578673487,152.33189075168002
2023-10-03,17.9025,7.875568,151.85547860184897,154.8581885773334,152.37949446753993
2023-10-04,18.017,7.87687,151.90208979736423,154.90765071292665,152.42711305956104
2023-10-05,18.2407,7.878172,151.94871529992702,154.95712778626532,152.47474653239212
2023-10-06,18.1837,7.879474,151.99535511392878,155.0066189406979,152.5223948906835
2023-10-09,18.3482,7.883382,152.13536046850288,155.15518467982113,152.66542932484347
2023-10-10,17.9917,7.884685,152.18205757220224,155.20474814159388,152.7131372715075
2023-10-11,17.842,7.885384,152.22876900931814,155.2543317473821,152.76086012690482
2023-10-12,17.9132,7.886083,152.27549478425016,155.3039355063754,152.80859789569448
2023-10-13,18.0362,7.886782,152.3222349013992,155.35355597656934,152.8563505825369
2023-10-16,17.9568,7.88888,152.4625413501779,155.50254232664037,152.99969819800674
2023-10-17,17.9097,7.889579,152.50933888023118,155.55224266697397,153.0475106036936
2023-10-18,18.244,7.890278,152.55572713747395,155.60196105253638,153.09533795075725
2023-10-19,18.2873,7.890978,152.60212950447826,155.65169749047612,153.14318024386685
2023-10-20,18.2343,7.891677,152.6485459855359,155.70144982611566,153.19103748769305
2023-10-23,18.1218,7.893776,152.78788015596533,155.85080227005614,153.33469897019953
2023-10-24,18.2842,7.894476,152.83435313617946,155.90061824732615,153.3826160636277
2023-10-25,18.3122,7.895175,152.88215632552152,155.95045014771983,153.43054813114756
2023-10-26,18.2178,7.896372,152.9299744666389,156.00028801282576,153.47849517743853
2023-10-27,18.0752,7.897568,152.9778075642082,156.05014743821118,153.52645720718147
2023-10-30,18.064,7.901158,153.12139664241536,156.1998278547465,153.6704332439527
2023-10-31,18.0368,7.902355,153.16856653932547,156.24974454695638,153.7184552543414
2023-11-01,17.9305,7.903553,153.2157509671844,156.29967285074514,153.76649227160837
2023-11-03,17.4117,7.905948,153.31016343365533,156.3995946981211,153.86261134553712
2023-11-06,17.5308,7.909542,153.45189122743105,156.5496102980079,154.00690262530597
2023-11-07,17.5097,7.91074,153.49916293503415,156.59964964149955,154.05502978237635
2023-11-08,17.5017,7.911939,153.54585226376025,156.64970497951134,154.10317197918332
2023-11-09,17.4888,7.913137,153.59255579382383,156.69977631715574,154.15132922042682
2023-11-10,17.748,7.914336,153.63927352954448,156.74986365954692,154.1995015108082
2023-11-13,17.6138,7.916445,153.7795120138642,156.90022176636631,154.34410872381554
2023-11-14,17.3917,7.917148,153.8262866154351,156.95037056391442,154.39234125779174
2023-11-15,17.3387,7.917852,153.87273360808814,157.00053146637342,154.4405888644348
2023-11-16,17.2708,7.918555,153.9191946251526,157.05070665566717,154.4888515484549
2023-11-17,17.2175,7.919258,153.96566967086304,157.10089744400253,154.53712931456377
2023-11-21,17.2102,7.922072,154.15171022490128,157.30179833589432,154.73039129417202
2023-11-22,17.2133,7.922776,154.19774163837124,157.35206499945141,154.77874454145143
2023-11-23,17.1787,7.923479,154.24378679733272,157.40234772600013,154.8271128991206
2023-11-24,17.1268,7.924183,154.28984570589026,157.45264652067345,154.87549637190156
2023-11-27,17.1555,7.931483,154.42810497020332,157.60363936479592,155.02073752815718
2023-11-28,17.1357,7.934782,154.47421891821526,157.6539989810276,155.06918150863473
2023-11-29,17.187,7.938084,154.5204753648802,157.70437819225754,155.1176406278562
2023-11-30,17.373,7.941386,154.56674566278113,157.754773940512,155.16611489055236
2023-12-01,17.2143,7.94469,154.6130298160657,157.80518228748613,155.21460430145567
2023-12-04,17.406,7.95461,154.7519654497167,157.95651320390692,155.36016347075363
2023-12-05,17.4215,7.957919,154.79830506603747,158.00699391168644,155.40871352183822
2023-12-06,17.2685,7.96123,154.8466795363706,158.05748504659093,155.45727874481378
2023-12-07,17.4197,7.964542,154.8950691237257,158.1079931940347,155.50585914442152
2023-12-08,17.3688,7.967856,154.94347383282684,158.15851748163757,155.55445472540416
2023-12-11,17.447,7.973929,155.08877873786943,158.31021361358978,155.70033260405046
2023-12-13,17.398,7.972813,155.18572436996914,158.41143838845906,155.7976605170386
2023-12-14,17.299,7.972255,155.23421990883475,158.46206844429508,155.84634728595015
2023-12-15,17.1908,7.971697,155.28273060255623,158.51270719912853,155.895049269477
2023-12-18,17.2277,7.970023,155.42835366022246,158.66471661286937,156.04124655530237
2023-12-19,17.0652,7.969466,155.47692502074128,158.71541880453364,156.09000944485086
2023-12-20,17.0673,7.968908,155.52482055125458,158.7661305852225,156.13878757280239
2023-12-21,17.059,7.96835,155.57273083625216,158.81685856902965,156.18758094391887
2023-12-22,16.9738,7.967792,155.6206558802792,158.86760276113216,156.23638956296384
2023-12-26,16.9727,7.968698,155.812503737635,159.07076291875507,156.43177661375032
2023-12-27,16.922,7.971277,155.86123842630408,159.12159928340452,156.48066154394212
2023-12-28,16.8935,7.973857,155.90998835810078,159.1724474744644,156.5295617506746
2023-12-29,16.919,7.976438,155.95875353779277,159.2233097036178,156.57847723872166
2024-01-02,17.0297,7.98677,156.1539668309206,159.42690348974529,156.77429209958663
2024-01-03,17.0492,7.989355,156.20298182606479,159.4778412711153,156.82328406586774
2024-01-04,17.0458,7.991941,156.2520122064713,159.52879665637144,156.8722913421383
2024-01-05,16.8987,7.994527,156.30105797696947,159.57976832258086,156.92131393318272
2024-01-08,16.8133,8.002292,156.44828767732906,159.73278105895727,157.0684736428251
2024-01-09,16.9347,8.004882,156.49739505651667,159.78381790101648,157.11755754083848
2024-01-10,16.9912,8.007473,156.54643090696771,159.83487105005557,157.16665677756998
2024-01-11,16.9898,8.010014,156.59548212198524,159.88594051128482,157.21577135781294
2024-01-12,16.858,8.012556,156.64454870638346,159.93702628991625,157.26490128636226
2024-01-15,16.8983,8.020187,156.7918407240273,160.09031489935785,157.4123832098191
2024-01-16,17.1598,8.022732,156.84096883412087,160.14145575045248,157.46157457957216
2024-01-17,17.2957,8.025278,156.89019947156046,160.19260671076867,157.51078132162826
2024-01-18,17.1995,8.027824,156.93944556195015,160.24378201890025,157.56000344079126
2024-01-19,17.1325,8.030372,156.98870711014047,160.2949754560391,157.6092409418665
2024-01-22,17.1125,8.038019,157.13658455004284,160.4486632741597,157.75704578464163
2024-01-23,17.352,8.04057,157.18590797797108,160.49991102290022,157.8063448614493
2024-01-24,17.1673,8.043122,157.23515956247084,160.55118271947651,157.8556593442185
2024-01-25,17.2375,8.045674,157.28442657913376,160.60247659247784,157.90498923776357
2024-01-26,17.1657,8.048139,157.33370903279524,160.65377793079938,157.95433454690036
2024-01-29,17.2333,8.05554,157.4816490641478,160.80776689362517,158.10246301604235
2024-01-30,17.1932,8.058008,157.53099331418792,160.85913157450045,158.15187003573485
2024-01-31,17.1633,8.060477,157.57978416350605,160.9105171304201,158.201292495121
2024-02-01,17.1335,8.062947,157.62859012443445,160.96192446485398,158.25073039902574
2024-02-02,17.1447,8.065417,157.67741120165354,161.01333972757615,158.30018375227542
2024-02-06,17.0357,8.075307,157.8728467670954,161.2191489473686,158.49815175530492
2024-02-07,17.0398,8.077781,157.92134881390777,161.2706405522185,158.54768242772846
2024-02-08,17.1023,8.080256,157.9698657616267,161.3221530826549,158.5972285784871
2024-02-09,17.0855,8.082732,158.01839761483015,161.3736784821153,158.64679021241787
2024-02-12,17.068,8.08868,158.1640826531474,161.5283709363996,158.79556806163532
2024-02-13,17.1982,8.090417,158.21267417409587,161.5799734179448,158.8451916766546
2024-02-14,17.1105,8.092153,158.26123667547427,161.63157398245585,158.89483079905352
2024-02-15,17.068,8.093891,158.3098140828427,161.68319865820925,158.94448543367824
2024-02-16,17.0602,8.095628,158.35840640077646,161.73482679826077,158.99415558537623
2024-02-19,17.05,8.100843,158.50427286374378,161.8898047592229,159.14325919140865
2024-02-20,17.0458,8.102582,158.55292486972,161.9414970732703,159.19299145990595
2024-02-21,17.0603,8.104321,158.6013715967635,161.99319464702347,159.24273926973714
2024-02-22,17.121,8.106061,158.64983312697362,162.04492537380963,159.29250262575894
2024-02-23,17.126,8.107801,158.69830946487355,162.09665596561123,159.34228153282947
2024-02-26,17.126,8.110715,158.8438273699646,162.25194684774328,159.49171160893826
2024-02-27,17.0605,8.110147,158.8923629838832,162.3037282044802,159.54155276881602
2024-02-28,17.0962,8.109579,158.94091342812828,162.35553014439876,159.5914095040563
2024-02-29,17.0633,8.109012,158.9894787072313,162.40733734308026,159.64128181952628
2024-03-01,17.0217,8.108444,159.0380588257252,162.45918904344748,159.69116972009488
2024-03-04,16.9828,8.106742,159.18388826290135,162.61472563556933,159.8409269811032
2024-03-05,16.9257,8.106175,159.23252778431504,162.66657037205493,159.89087727078476
2024-03-06,16.8728,8.105608,159.28118216780467,162.71846552651948,159.9408431699319
2024-03-07,16.877,8.10504,159.3298514179115,162.7703772369798,159.9908246834225
2024-03-08,16.7985,8.104473,159.3785355391781,162.82230957797722,160.04082181613606
2024-03-11,16.8083,8.103678,159.52467717538298,162.97815987463704,160.19090697843222
2024-03-12,16.8272,8.104018,159.57342082674214,163.0300973924522,160.240966636863
2024-03-13,16.7127,8.104357,159.62297723909887,163.08206233027326,160.29104193893698
2024-03-14,16.692,8.104697,159.6725490414748,163.13402208735462,160.3411328895429
2024-03-15,16.71,8.105036,159.72213623864937,163.18602105689496,160.39123949357088
2024-03-19,16.8523,8.106395,159.92063907097494,163.39422810742698,160.59182254176022
2024-03-20,16.759,8.106734,159.96945928829132,163.44632136445762,160.64200748630452
2024-03-21,16.762,8.107074,160.01829440933514,163.4984425802705,160.692208113644
2024-03-22,16.7367,8.107413,160.0671444386562,163.55057996279768,160.7424244286795
2024-03-25,16.7032,8.108432,160.21378402180133,163.70388836304946,160.88981667842052
2024-03-26,16.678,8.109802,160.26229319529682,163.7550321861722,160.9389774557389
2024-03-27,16.5323,8.111173,160.31081705629205,163.80619426185314,160.98815325440594
2024-04-01,16.6578,8.118028,160.55365682945836,164.0622672884059,161.23425772866455
2024-04-02,16.5673,8.1194,160.60226890888728,164.11353218964834,161.2835237518594
2024-04-03,16.5415,8.120772,160.65080648349087,164.16480627168454,161.33280482856136
2024-04-04,16.5173,8.122144,160.6993587272281,164.21609637331068,161.38210096337008
2024-04-05,16.4758,8.123517,160.7479256445323,164.26740706109,161.43141216088668
2024-04-08,16.3357,8.127636,160.89371448220044,164.4214353391793,161.57943617571559
2024-04-09,16.3932,8.129009,160.94234013813283,164.47281247046072,161.6288076701026
2024-04-10,16.4883,8.130383,160.99115931464138,164.52420656940637,161.678194250224
2024-04-11,16.4583,8.130225,161.0399932996335,164.5756158138425,161.72759592068934
2024-04-12,16.6693,8.130067,161.08884209760106,164.62704660809325,161.77701268610954
2024-04-15,16.6815,8.129594,161.23547741429593,164.78141622689753,161.9253535982299
2024-04-16,17.0252,8.129437,161.2843855091116,164.83286785093594,161.97483078960715
2024-04-17,16.9948,8.129279,161.33384605400104,164.8843529393401,162.02432309901508
2024-04-18,17.1145,8.129121,161.38332176679094,164.93585639902906,162.07383053107313
2024-04-19,17.212,8.128964,161.43281265213275,164.9873828187233,162.12335309040205
2024-04-22,17.1243,8.128491,161.58137639000603,165.14203804359272,162.2720115782436
2024-04-23,16.9995,8.128333,161.63092801209896,165.19362199408715,162.3215946928925
2024-04-24,17.1098,8.128175,161.6804948300227,165.24522205740172,162.37119295793752
2024-04-25,17.1883,8.128018,161.73007684843722,165.29683823856936,162.42080637800802
2024-04-26,17.1552,8.128515,161.7796740720041,165.3484705426247,162.47043495773462
2024-04-29,17.0243,8.130006,161.92855702025483,165.50346424248647,162.6194117011795
2024-04-30,17.0958,8.130503,161.97781028968183,165.55516108847,162.66910096586597
2024-05-02,16.9393,8.131497,162.07636177670096,165.65855722782757,162.76852504837075
2024-05-03,17.0042,8.131995,162.12566000340806,165.71027951069536,162.81825987546887
2024-05-06,16.8947,8.133486,162.27364467103826,165.86549629198058,162.9675555558548
2024-05-07,16.9083,8.133984,162.32300290462572,165.91728318582287,163.0173511978302
2024-05-08,16.9087,8.134481,162.37273686912675,165.96908624868422,163.06716205514064
2024-05-09,16.866,8.134979,162.4224860715619,166.02090548561299,163.11698813243527
2024-05-10,16.769,8.135476,162.47225051659993,166.07274090165907,163.16682943436462
2024-05-13,16.8072,8.139535,162.6216353540399,166.22834427502383,163.31644473448787
2024-05-14,16.846,8.140888,162.67146081620533,166.28024445806972,163.3663469814901
2024-05-15,16.6782,8.142241,162.7209400522036,166.33216084550605,163.4162644764011
2024-05-16,16.6893,8.143595,162.77043433813617,166.3840929803585,163.46619722388002
2024-05-17,16.6217,8.144949,162.8199436785807,166.4360186827095,163.5161452285873
2024-05-20,16.5668,8.149012,162.9685620727839,166.5919610446804,163.66608083270603
2024-05-21,16.6138,8.150367,163.01813167708104,166.64395161918978,163.71608991296046
2024-05-22,16.6405,8.151722,163.06794277287128,166.69595841909097,163.7661142737672
2024-05-23,16.6945,8.153078,163.11776908871855,166.74798144944762,163.81615391979528
2024-05-24,16.7023,8.154433,163.16761062927344,166.8000508225994,163.86620885571523
2024-05-27,16.6568,8.153619,163.31722664571083,166.9562661122288,164.01646544955236
2024-05-28,16.7457,8.152535,163.36712913163035,167.00840516283344,164.06658159177306
2024-05-29,16.95,8.15145,163.41718300480593,167.060572093835,164.11671304725942
2024-05-30,16.9377,8.150366,163.4672522139321,167.11276228061428,164.16685982069055
2024-05-31,17.0177,8.149281,163.51733676370765,167.1649618087211,164.2170219167469
2024-06-03,17.6338,8.14603,163.6676825039396,167.32167915270819,164.36760018749342
2024-06-04,17.8607,8.144946,163.717828463329,167.3739439383213,164.41782362088404
2024-06-05,17.5592,8.143863,163.76803526405774,167.42622504942094,164.46806240032373
2024-06-06,17.5335,8.142779,163.81825746153874,167.4785224911065,164.5183165305016
2024-06-07,18.2622,8.141696,163.86849506049361,167.53083626847908,164.56858601610816
2024-06-10,18.3848,8.138447,164.01930031344003,167.68790360500668,164.7194866524263
2024-06-11,18.4457,8.137383,164.06959956553615,167.74028278489664,164.76981760668122
2024-06-12,18.7832,8.136319,164.11973194318116,167.79267832600542,164.8201639398388
2024-06-13,18.5385,8.135255,164.1698796390527,167.8450902334436,164.8705256565982
2024-06-14,18.4512,8.134191,164.2200426578313,167.89751851232347,164.92090276165996
2024-06-17,18.5248,8.131001,164.37062369843667,168.0549366292664,165.07212645368622
2024-06-18,18.4128,8.129938,164.42084805567785,168.10743045599963,165.12256515899153
2024-06-19,18.423,8.128875,164.47085939696146,168.1599313404612,165.17301927612345
2024-06-20,18.4027,8.127812,164.52088595002806,168.2124579634591,165.22348880979115
2024-06-21,18.1848,8.126749,164.57092771950454,168.2650009937313,165.27397376470526
2024-06-24,17.9627,8.123562,164.72114437268363,168.42272857945176,165.42552120405364
2024-06-25,18.1372,8.1225,164.771247054097,168.4753372900872,165.4760678910882
2024-06-26,18.2215,8.123635,164.82104458654,168.52796243363795,165.52663002294383
2024-06-27,18.3773,8.12477,164.87085716890394,168.58060354710378,165.57720760433975
2024-06-28,18.2478,8.125905,164.9206848057372,168.63323815776684,165.62780063999662
2024-07-01,18.3897,8.129311,165.07025808855784,168.79130388941869,165.77967251976173
2024-07-02,18.2485,8.130447,165.12014598878017,168.84403804367162,165.8303274196983
2024-07-03,18.1355,8.131583,165.1706911001356,168.8967783549994,165.88099779752102
2024-07-04,18.0958,8.132719,165.22125168391128,168.94953514034947,165.93168365795913
2024-07-05,18.0977,8.133855,165.2718277448434,169.00230840486762,165.9823850057435
2024-07-08,18.0095,8.137265,165.4236488379632,169.16074826340213,166.13458202050379
2024-07-09,17.9428,8.138402,165.47428685491306,169.21359924996025,166.18534536501005
2024-07-10,17.8288,8.139539,165.52438879176634,169.2664549978371,166.23612422053827
2024-07-11,17.8192,8.142426,165.57450589837273,169.31933430856304,166.28691859182788
2024-07-12,17.6502,8.145314,165.6246381793253,169.37222308396025,166.33772848361983
2024-07-15,17.7837,8.153985,165.77512611421147,169.53101679951794,166.49025132944072
2024-07-16,17.6795,8.156877,165.82531913850718,169.58397169629325,166.54112335068027
2024-07-17,17.7438,8.15977,165.8754812975466,169.63694313411892,166.59201091614855
2024-07-18,17.8907,8.162665,165.9256586306391,169.6899311181618,166.64291403059514
2024-07-19,17.997,8.16556,165.9758511423749,169.7429351822293,166.69383269877116
2024-07-22,17.9107,8.174252,166.12651979536417,169.90204814809437,166.84668207320826
2024-07-23,18.0987,8.177152,166.17677306760228,169.95511894063398,166.89766300384173
2024-07-24,18.3458,8.180052,166.22694922102576,170.0082133918886,166.9486595119818
2024-07-25,18.385,8.182954,166.27714052486002,170.06132915244763,166.99967160238822
2024-07-26,18.4475,8.186576,166.32734698367963,170.11444969817873,167.05069927982228
2024-07-29,18.6818,8.197453,166.47805733581714,170.2739109128615,167.20387588192452
2024-07-30,18.79,8.201082,166.5283244603516,170.32709738788438,167.25496595511066
2024-07-31,18.597,8.204712,166.5790693414441,170.38030094927677,167.3060716391525
2024-08-01,18.706,8.208344,166.62982968562957,170.43352112939274,167.35719293882002
2024-08-02,19.0442,8.211977,166.6806054976199,170.48676976908448,167.40832985888466
2024-08-05,19.3905,8.222888,166.83302578756118,170.64657998769292,167.56183438919757
2024-08-06,19.33,8.226528,166.88386351791925,170.6998833430252,167.6130338385943
2024-08-07,19.189,8.230169,166.93420681674712,170.75314407745992,167.66424893226718
2024-08-08,19.09,8.233813,166.9845653024702,170.80649494869834,167.7154796749965
2024-08-09,18.8368,8.237457,167.03493897966976,170.85986011680768,167.76672607156385
2024-08-12,19.032,8.242591,167.18615120596218,171.01688569255586,167.91706198004016
2024-08-13,19.0387,8.243334,167.23658569490928,171.06915272824565,167.96720388049255
2024-08-14,18.8478,8.244078,167.28605985151071,171.12142956055106,168.01736075387353
2024-08-15,18.6513,8.244821,167.33554864421677,171.1737299734724,168.06753260465425
2024-08-16,18.6228,8.245565,167.38505207735736,171.22604827307364,168.11771943730702
2024-08-19,18.7357,8.247796,167.53365026270387,171.38307629211775,168.26836987124224
2024-08-20,18.9448,8.24854,167.5832123009066,171.4354738113095,168.31861667613438
2024-08-21,19.2535,8.249284,167.6327890012123,171.48789354089482,168.36887848528073
2024-08-22,19.4235,8.250028,167.6823803679585,171.54031072097663,168.41915530316177
2024-08-23,19.0708,8.250772,167.73198640548404,171.59273915794333,168.46944713425924
2024-08-26,19.382,8.252113,167.88089258614406,171.75010060031124,168.6204127516882
2024-08-27,19.6692,8.251965,167.93055735020081,171.80258313730218,168.67076468049603
2024-08-28,19.6037,8.251818,167.98023680675024,171.85507550766218,168.72113164494925
2024-08-29,19.8168,8.25167,168.02993096013893,171.90757962010585,168.77151364953767
2024-08-30,19.6535,8.251522,168.07963981471462,171.9600973856798,168.82191069875248
2024-09-02,19.798,8.251078,168.2288546290615,172.11774266544396,168.97319215908675
2024-09-03,19.8335,8.250931,168.27862233188924,172.17032272340887,169.02364943174538
2024-09-04,19.846,8.250783,168.32775034079782,172.22285858438434,169.07412177150624
2024-09-05,20.0028,8.250635,168.37689269235565,172.27538655625256,169.12460918286857
2024-09-06,20.0172,8.250487,168.42604939075002,172.3279066220152,169.1751116703329
2024-09-09,19.8798,8.250044,168.5736056088431,172.48552698324508,169.3267096343636
2024-09-10,20.0583,8.249896,168.62281973648058,172.53805745048786,169.37727247126833
2024-09-11,19.839,8.249552,168.67195455256493,172.5906216489625,169.42785040679794
2024-09-12,19.5887,8.249209,168.7211036859887,172.6431898758064,169.4784434454611
2024-09-13,19.2483,8.248865,168.7702671409239,172.69577411405606,169.52905159176774
2024-09-17,19.267,8.247491,168.9670642592592,172.9064153234016,169.73163534367563
2024-09-18,19.3033,8.247147,169.01587696671183,172.95905860272921,169.78231909589633
2024-09-19,19.2773,8.246803,169.0647037756133,173.01167899409998,169.8330179828486
2024-09-20,19.3725,8.24646,169.11354469003737,173.06427935039414,169.8837320090518
2024-09-23,19.415,8.245429,169.2601521072001,173.22224854452287,170.0359649683815
2024-09-24,19.3562,8.245086,169.3090494844755,173.27487153893904,170.08673959680957
2024-09-25,19.587,8.244742,169.3577258362023,173.32750378116899,170.13752938710584
2024-09-26,19.629,8.245227,169.4064161823802,173.38007930918397,170.18833434379783
2024-09-27,19.6697,8.245712,169.45512052703265,173.43267126657443,170.2391544714144
2024-09-30,19.644,8.247167,169.6013175920885,173.58793981993156,170.3881571822517
2024-10-02,19.3885,8.248137,169.69838111842347,173.69152940716629,170.4875647687672
2024-10-03,19.4678,8.248622,169.74693371079903,173.7433468976296,170.53729030849138
2024-10-04,19.2127,8.249107,169.79550019461072,173.79519818640915,170.58703035149802
2024-10-07,19.3388,8.250563,169.94128303441343,173.95078984900928,170.73633754251983
2024-10-08,19.3532,8.251048,169.98990512372606,174.00268468478427,170.78613564096972
2024-10-09,19.4175,8.251533,170.0385411243587,174.05461336932447,170.835948263865
2024-10-10,19.5113,8.252018,170.08719104029154,174.106539662313,170.88577541544194
2024-10-11,19.3983,8.251934,170.13585487550586,174.1584809630163,170.9356170999381
2024-10-14,19.342,8.251679,170.28192993666812,174.31445013640976,171.0852293933357
2024-10-15,19.62,8.251594,170.33064948884447,174.36645394736712,171.13512925190875
2024-10-16,19.8925,8.251509,170.37895715360227,174.4184897407376,171.1850436646072
2024-10-17,19.9313,8.251424,170.42727851895054,174.4705241056811,171.23497263567603
2024-10-18,19.8325,8.251339,170.47561358877493,174.52257447870596,171.28491616936142
2024-10-21,20.0075,8.251085,170.62070106397775,174.67881878648012,171.43483418859745
2024-10-22,19.8985,8.251,170.66909099058506,174.73090703980438,171.4848360152358
2024-10-23,19.9338,8.250915,170.7174472330324,174.7830350937379,171.5348524257402
2024-10-24,19.8385,8.25083,170.7658171764151,174.83510684395978,171.58488342436436
2024-10-25,19.9303,8.250745,170.8142008246151,174.88721741886079,171.63492901536313
2024-10-28,20.0007,8.257317,170.95943403695466,175.04343382172368,171.7851533851743
2024-10-29,20.0208,8.259508,171.00787254326514,175.0955578664617,171.83525738824497
2024-10-30,20.1617,8.2617,171.05632477381909,175.14770229634743,171.8853760049832
2024-10-31,20.0378,8.263893,171.10479073250502,175.19985982252712,171.9355092396513
2024-11-01,20.0908,8.266087,171.15327042321258,175.2519710741662,171.98565709651285
2024-11-04,20.0367,8.27267,171.2987919263779,175.40857612590713,172.13618844291244
2024-11-05,20.2695,8.274866,171.3473265840904,175.46080890190905,172.18639483120825
2024-11-06,20.3093,8.277062,171.39539902849316,175.51298802212963,172.236615863034
2024-11-07,19.8277,8.279259,171.4434849598873,175.56515438245845,172.2868515426607
2024-11-08,20.1332,8.281457,171.4915843820566,175.61732405576416,172.33710187436063
2024-11-11,20.4502,8.287299,171.63596363107015,175.77390121438134,172.4879408246412
2024-11-12,20.5693,8.288744,171.6841170542,175.82613682347474,172.5382498073817
2024-11-13,20.6025,8.29019,171.7322839870402,175.87837183828938,172.5885734635755
2024-11-14,20.494,8.291636,171.78046443338104,175.9305613023772,172.63891179750237
2024-11-15,20.3887,8.293083,171.82865839701375,175.9828248964841,172.6892648134433
2024-11-19,20.1848,8.298871,172.02156950032648,176.1880323266958,172.8860227104529
2024-11-20,20.2903,8.300319,172.06959218847862,176.23938624400702,172.93524720303014
2024-11-21,20.3775,8.301767,172.11762828296457,176.29076247286642,172.98448571091433
2024-11-22,20.4872,8.303215,172.1656777875269,176.34215612709286,173.0337382380959
2024-11-25,20.2993,8.307561,172.30990679911383,176.49643288481155,173.1815799753467
2024-11-26,20.7185,8.309591,172.35800998142855,176.54782913633545,173.2308886196452
2024-11-27,20.6418,8.311621,172.4056478202984,176.59924869157143,173.28021130321054
2024-11-28,20.4173,8.313652,172.45329882573762,176.6506832227529,173.32954803003992
2024-11-29,20.3212,8.315683,172.50096300138526,176.70209004365972,173.3788988041318
2024-12-02,20.4357,8.32178,172.64403458598494,176.85638112880616,173.52703544998386
2024-12-03,20.3233,8.323814,172.69175147887745,176.90781685965112,173.57644245313278
2024-12-04,20.283,8.325848,172.73924171053415,176.95924936752883,173.62586352355348
2024-12-05,20.1963,8.327882,172.78674500200455,177.01064767306113,173.67529866525115
2024-12-06,20.2275,8.329917,172.83426135688012,177.06202993051065,173.72474788223224
2024-12-09,20.1547,8.336024,172.97688883786702,177.21615548294233,173.873180024957
2024-12-10,20.2485,8.338061,173.02469772797636,177.26754226082718,173.92268558315857
2024-12-11,20.1647,8.337369,173.07251983193171,177.31893015168924,173.97220523669264
2024-12-13,20.142,8.335986,173.16820369599014,177.4217240225186,174.0712868458126
2024-12-16,20.1448,8.333912,173.31182868725966,177.57608870594808,174.22001507485513
2024-12-17,20.2363,8.333221,173.35973015102184,177.62751178163586,174.26961938470285
2024-12-18,20.1395,8.332529,173.4069225220074,177.67891915718448,174.31923781799986
2024-12-19,20.4402,8.331838,173.45412773980507,177.73032265560175,174.3688703787675
2024-12-20,20.1035,8.331147,173.501345807912,177.7817903948708,174.4185170710281
2024-12-23,20.1948,8.329074,173.64307714907477,177.93330943129,174.5639062136491
2024-12-24,20.1558,8.328383,173.69005724828122,177.98389389412458,174.61239618759734
2024-12-26,20.1657,8.329893,173.78405558231358,178.08513168177848,174.70941654754697
2024-12-27,20.2683,8.332095,173.83107382401835,178.1357978911038,174.75794694103243
2024-12-30,20.5103,8.338704,173.9722048891796,178.2878934215622,174.90361902045743
2024-12-31,20.7862,8.340909,174.0207238040987,178.3386262321236,174.95220335907425
2025-01-02,20.6917,8.345319,174.1178022318695,178.4401450767845,175.04941252700547
2025-01-03,20.6708,8.347525,174.16636175226975,178.49092616807093,175.09803736381855
2025-01-06,20.3195,8.354146,174.31212158484325,178.64684023238436,175.24399293066114
2025-01-07,20.344,8.356354,174.36073529875193,178.69809202588215,175.29267181758632
2025-01-08,20.3823,8.358563,174.40858763388394,178.74910834562115,175.34136422642456
2025-01-09,20.4742,8.360772,174.45645310182348,178.8001392299526,175.39007016093188
2025-01-10,20.7045,8.362982,174.50433170617475,178.85113451966217,175.4387896248655
2025-01-13,20.8012,8.363661,174.64804637375624,179.00405705219939,175.58502923081076
2025-01-14,20.482,8.363888,174.69597755981658,179.05501055703928,175.63380285004155
2025-01-15,20.4875,8.364114,174.74343663372034,179.1059283309164,175.6825900174999
2025-01-16,20.7732,8.36434,174.7909086006725,179.1569108334158,175.7313907369492
2025-01-17,20.718,8.364567,174.83839346417568,179.20800787735976,175.7802050121539
2025-01-20,20.543,8.365246,174.98092546903177,179.36138646563495,175.92672920996057
2025-01-21,20.6358,8.365472,175.0284619537842,179.41254182773318,175.97559774585224
2025-01-22,20.5397,8.365699,175.07586549556336,179.46371177976695,176.0244798563372
2025-01-23,20.3943,8.365925,175.12328187580175,179.51494667543884,176.0733755451862
2025-01-24,20.2255,8.366152,175.17071109797646,179.56624656201976,176.12228481617095
2025-01-27,20.7002,8.368498,175.3130758509035,179.72008297688805,176.26909415967347
2025-01-28,20.5668,8.369559,175.3605564756131,179.77149140740113,176.31805779694005
2025-01-29,20.5677,8.370619,175.40863449484684,179.82286460662758,176.367035035217
2025-01-30,20.4497,8.37168,175.45672569547082,179.87420203644092,176.41602587828234
2025-01-31,20.6068,8.372741,175.504830081099,179.92565455228288,176.4650303299152
2025-02-04,20.4268,8.376985,175.69737954596596,180.13120965769477,176.66118429774073
2025-02-05,20.6363,8.378047,175.74447620464983,180.18263511659413,176.71025684893456
2025-02-06,20.5125,8.379108,175.79158548785472,180.23422641010123,176.7593430313926
2025-02-07,20.5512,8.38017,175.8387073989647,180.2857819099152,176.80844284890134
2025-02-10,20.6693,8.383356,175.9801489335794,180.44099239252674,176.94845314015112
2025-02-11,20.568,8.384051,176.02732139016854,180.48998162073633,176.99514787084084
2025-02-12,20.4917,8.384746,176.07303959725184,180.53893351191826,177.0418549237512
2025-02-13,20.4978,8.385441,176.11876967836946,180.5879493308697,177.08857430213385
2025-02-14,20.3082,8.386136,176.16451163660537,180.63697845747984,177.13530600924133
2025-02-17,20.283,8.388222,176.30180880487438,180.78414571939723,177.2755751354514
2025-02-18,20.2617,8.388917,176.34759830243897,180.83317739278544,177.32235619000102
2025-02-19,20.4208,8.389612,176.3934976634416,180.88222236438068,177.36914958955114
2025-02-20,20.3733,8.390308,176.4394089710279,180.93133138530197,177.4159553373595
2025-02-21,20.3448,8.391003,176.4853322283073,180.9804029778959,177.4627734366846
2025-02-24,20.464,8.39309,176.62317372941067,181.12769762431972,177.6033018763593
2025-02-25,20.4683,8.393785,176.669144816573,181.17677216146106,177.65016941435442
2025-02-26,20.4277,8.394727,176.7154713923249,181.22601198198407,177.69704932017208
2025-02-27,20.4722,8.395669,176.76181011593442,181.2751131563082,177.74394159707603
2025-02-28,20.508,8.39661,176.80816099058706,181.32422763404998,177.79084624833078
2025-03-03,20.4333,8.399436,176.94728655267028,181.47165092383003,177.93163448085906
2025-03-04,20.8518,8.400379,176.99368606336628,181.52081865129614,177.97858866218039
2025-03-05,20.3893,8.401321,177.03867195857407,181.57020290268372,178.02555523418846
2025-03-06,20.2777,8.402263,177.08366928769686,181.61944776788096,178.07253420015303
2025-03-07,20.283,8.403206,177.12867805364084,181.66875694345148,178.11952556334475
2025-03-10,20.2922,8.406034,177.2637730014719,181.81676480852764,178.26057406900185
2025-03-11,20.3388,8.406806,177.30882754377643,181.86587351670244,178.3076150538256
2025-03-12,20.1828,8.407577,177.35384428499174,181.9149954891393,178.35466845224258
2025-03-13,20.0848,8.408349,177.39887245545745,181.96423229862674,178.40173426752855
2025-03-14,19.8693,8.409121,177.4439120580753,182.01353348554326,178.44881250296027
2025-03-18,19.9845,8.412209,177.6241848481295,182.2112786732222,178.6372497117078
2025-03-19,20.0553,8.412981,177.66908429485503,182.26074852923955,178.68439009704838
2025-03-20,20.1345,8.413753,177.7139950911629,182.31023181618536,178.73154292221287
2025-03-21,20.2163,8.414525,177.75891723992208,182.35967738955782,178.778708190484
2025-03-24,20.1123,8.416843,177.89375182960742,182.50824815637824,178.92027868677752
2025-03-25,20.0762,8.417615,177.9387194168755,182.55779863878533,178.96749376031985
2025-03-26,20.0963,8.418335,177.98330295157385,182.60736257401078,179.0147212933955
2025-03-27,20.3182,8.419055,178.0278976569245,182.65693996570695,179.06196128929236
2025-03-28,20.4003,8.419774,178.07250353572636,182.70653081752727,179.10921375129925
2025-03-31,20.438,8.421934,178.2063882408381,182.85523030881626,179.2435792473889
2025-04-01,20.3587,8.422654,178.25103884144735,182.902266769226,179.28839014220077
2025-04-02,20.4568,8.423374,178.2946113176086,182.9493661351665,179.33321223973633
2025-04-03,19.9708,8.424094,178.33819444481958,182.99673375882963,179.3780455427963
2025-04-04,20.501,8.424814,178.38178822568386,183.04411364649684,179.422890054182
2025-04-07,20.6947,8.426975,178.51263351624212,183.18555774293353,179.55749086631806
2025-04-08,20.6867,8.427695,178.55626993776832,183.23267917457025,179.60238023903466
2025-04-09,20.7653,8.428416,178.59991702597534,183.27976132046382,179.64728083409443
2025-04-10,20.492,8.429136,178.64357478347057,183.3269069844008,179.69219265430297
2025-04-11,20.3363,8.43034,178.68724321286209,183.3740647757741,179.73711570246655
2025-04-14,20.1025,8.433951,178.81831255850435,183.51561094571144,179.871952242761
2025-04-15,20.0213,8.435155,178.86301713664398,183.5628682545923,179.91692023082175
2025-04-16,19.9737,8.436359,178.90773289092817,183.6101377327553,179.96189946087947
2025-04-21,19.6718,8.442383,179.13147940233276,183.84666777251067,180.18696433951538
2025-04-22,19.5688,8.443589,179.17626227218335,183.89401033220284,180.23201108060027
2025-04-23,19.6278,8.444794,179.22006091407212,183.9413650831302,180.27706908337044
2025-04-24,19.5825,8.446,179.26387026229557,183.98873202843205,180.3221383506413
2025-04-25,19.5478,8.447206,179.3076903194708,184.03621440937047,180.36721888522897
2025-04-28,19.5723,8.449315,179.43921477088787,184.17873508813756,180.5025281210647
2025-04-29,19.5868,8.450018,179.48233002665918,184.2262148312205,180.54765375309498
2025-04-30,19.6095,8.450721,179.52545564206835,184.27380967382211,180.59279066653326
2025-05-02,19.657,8.452128,179.61173796175757,184.36903625058486,180.683098348916
2025-05-05,19.6365,8.454238,179.74123920082448,184.51258788563175,180.8186445535818
2025-05-06,19.6785,8.454942,179.78442702635468,184.560515030335,180.86384921472023
2025-05-07,19.588,8.455645,179.82712582777341,184.60809319310553,180.90906517702393
2025-05-08,19.5642,8.456349,179.86983477015747,184.6557354139561,180.9542924433182
2025-05-09,19.4912,8.457053,179.91255385591538,184.7034412232003,180.99953101642905
2025-05-12,19.6162,8.459954,180.04077199752533,184.84632307447734,181.1353146049316
2025-05-13,19.4373,8.461053,180.08353168087473,184.89397491617993,181.18059843358284
2025-05-14,19.363,8.462151,180.12555117160025,184.94163904213016,181.22589358319127
2025-05-15,19.478,8.463251,180.16758046687363,184.98931545549488,181.27120005658708
2025-05-16,19.5147,8.46435,180.20961956898256,185.03700415944166,181.31651785660122
2025-05-19,19.3723,8.467648,180.33579573920804,185.1799882267208,181.4449807168178
2025-05-20,19.2648,8.468748,180.37787409154717,185.22508521213143,181.48782189282036
2025-05-21,19.3198,8.469848,180.4187096380429,185.27024514596266,181.53067318410064
2025-05-22,19.3227,8.470948,180.45955442925265,185.31541609028756,181.57353459304687
2025-05-23,19.2748,8.472049,180.5004084672693,185.36059804779055,181.616406122048
2025-05-26,19.2188,8.474712,180.62302608309668,185.49621002622294,181.74508145327815
2025-05-27,19.2338,8.475174,180.66391712927938,185.5415396320136,181.78799348639905
2025-05-28,19.4,8.475636,180.7046668794763,185.58688031497485,181.8309156515278
2025-05-29,19.328,8.476098,180.74542582100577,185.6321805259024,181.8738479510566
2025-05-30,19.3858,8.476561,180.78619395594094,185.67749179423393,181.91679038737837
2025-06-02,19.2338,8.477947,180.90855354191922,185.8131792611063,182.04567854103828
2025-06-03,19.2638,8.47841,180.9493584712181,185.85848257880107,182.08866154847158
2025-06-04,19.1932,8.478872,180.9900720768741,185.90400500019382,182.13165470467052
2025-06-05,19.17,8.479335,181.03079484309137,185.94933046221294,182.17465801203133
2025-06-06,19.1317,8.479797,181.07152677193105,185.9945631533738,182.21767147295085
2025-06-09,19.0595,8.481185,181.1937775548027,186.13017063388006,182.34677280103796
2025-06-10,19.0518,8.481647,181.2345461547525,186.1753433922364,182.38982690017153
2025-06-11,18.879,8.482729,181.27532392763732,186.22042264871646,182.4328911648563
2025-06-12,18.9068,8.483812,181.31611087552102,186.26561731073542,182.47596559749243
2025-06-13,18.9302,8.484895,181.356907000468,186.31082294124775,182.51905020048073
2025-06-16,18.9083,8.488144,181.4793504583393,186.44650567036825,182.6483650555747
2025-06-17,18.9872,8.489227,181.5201833121924,186.49175520148054,182.6914903639906
2025-06-18,19.0047,8.49031,181.5612270425302,186.53706751766794,182.73462585477097
2025-06-19,19.0898,8.491394,181.60228005331146,186.58244317750015,182.77777153032002
2025-06-20,19.1458,8.492477,181.64334234663463,186.62788170354406,182.82092739304247
2025-06-23,19.1527,8.495729,181.76658494284658,186.7641080875227,182.950456128306
2025-06-24,19.0267,8.496813,181.80768438733088,186.80959085452307,182.99365276378074
2025-06-25,18.9203,8.497898,181.8480860949725,186.85508469796696,183.03685959846106
2025-06-26,18.8928,8.498487,181.88849678077136,186.90069446701602,183.08007663475516
2025-06-27,18.8483,8.499077,181.92891644672264,186.9462104969733,183.12330387507168
2025-06-30,18.8332,8.500847,182.05022934544897,187.0829825279925,183.24541320904297
2025-07-01,18.765,8.501438,182.09068495197016,187.1260334403219,183.2861344119783
2025-07-02,18.754,8.502028,182.12963212625158,187.16919873808578,183.32686466406983
2025-07-03,18.6652,8.502618,182.1685876309008,187.21289702693224,183.3676039673285
2025-07-04,18.6327,8.503208,182.20755146769966,187.2560298383356,183.40835232376566
2025-07-07,18.6698,8.504979,182.32449298881727,187.3850164292753,183.53065173226858
2025-07-08,18.714,8.505569,182.3634901720399,187.42782245422282,183.5714363215424
2025-07-09,18.5733,8.50616,182.4032555442024,187.470742904932,183.61222997405827
2025-07-10,18.6267,8.50675,182.44302958742523,187.51367318430516,183.65303269183028
2025-07-11,18.6595,8.507667,182.48281230359916,187.55661329459306,183.69384447687287
2025-07-14,18.751,8.510419,182.6022125087414,187.6854926334602,183.8163342557761
2025-07-15,18.8397,8.511336,182.64202993563566,187.72847208992468,183.85718233005514
2025-07-16,18.7178,8.512253,182.68084136699696,187.7714092417675,183.89803948168404
2025-07-17,18.7685,8.513171,182.71966104578743,187.8144083728966,183.93890571267994
2025-07-18,18.72,8.514089,182.75848897375965,187.85741735070732,183.9797810250605
2025-07-21,18.6455,8.516842,182.87502227029816,187.98634676726954,184.10246147069336
2025-07-22,18.6212,8.51776,182.9138832125306,188.02934290006527,184.14337312879795
2025-07-23,18.5735,8.518678,182.95275241271324,188.07234886691262,184.18429387838208
2025-07-24,18.5538,8.519596,182.99162987260092,188.11546967712223,184.22522372146614
2025-07-25,18.557,8.520515,183.03051559394885,188.15870540511267,184.2661626600709
2025-07-28,18.7267,8.522924,183.14722234431144,188.28815691046438,184.3890340692238
2025-07-29,18.7642,8.523727,183.1861411290596,188.3313795029285,184.43000941012806
2025-07-30,18.796,8.52453,183.22420313838307,188.37445455141986,184.47099385666363
2025-07-31,18.7963,8.525333,183.26227305614628,188.41753945201236,184.511987410854
2025-08-01,18.916,8.526136,183.3003508839924,188.4606342069594,184.55299007472306
2025-08-04,18.8783,8.528547,183.4146318444653,188.5901347428905,184.67605274464847
2025-08-05,18.762,8.52935,183.45274132908187,188.63369015837085,184.7170918674806
2025-08-06,18.6192,8.530154,183.4909606501921,188.67688674943466,184.7581401101178
2025-08-07,18.6765,8.530958,183.52918793366092,188.72009323239783,184.7991974745867
2025-08-08,18.5518,8.531762,183.5674231811471,188.76330960952558,184.84026396291435
2025-08-11,18.6683,8.53377,183.68217672430342,188.89301812855624,184.9596656675687
2025-08-12,18.5657,8.53417,183.7204438444543,188.93500747237775,184.9994833733721
2025-08-13,18.6353,8.53457,183.75810653544244,188.97705915684645,185.03930965104277
2025-08-14,18.8137,8.53497,183.7957769472822,189.0190671822882,185.07914450242598
2025-08-15,18.7295,8.53537,183.8334550815564,189.06108454576395,185.11898792936748
2025-08-18,18.784,8.536571,183.94653583481815,189.18735188236536,185.2385696820049
2025-08-19,18.7982,8.536971,183.98424487466428,189.22945973169016,185.27844742964479
2025-08-20,18.7572,8.537371,184.02206385833298,189.27168260616756,185.31833376207757
2025-08-21,18.7737,8.537771,184.05989061590387,189.31380922516897,185.35822868115133
2025-08-22,18.595,8.538172,184.09772514897492,189.35599780755481,185.3981321887146
2025-08-25,18.6368,8.539373,184.21127541717368,189.48277941916436,185.51789426083275
2025-08-26,18.6843,8.539259,184.24914106823164,189.52500565655794,185.5578321408472
2025-08-27,18.6912,8.539145,184.28634915866405,189.56718865823362,185.59777861859976
2025-08-28,18.6522,8.539031,184.32356476306362,189.60943370622613,185.63773369594125
2025-08-29,18.644,8.538918,184.36078788294773,189.65174136450756,185.677697374723
2025-09-01,18.646,8.538577,184.47250235068606,189.77872098856565,185.79764003822882
2025-09-02,18.7072,8.538463,184.50975554768857,189.82111913632383,185.83763814129262
2025-09-03,18.6873,8.538349,184.54742628944618,189.86389848920652,185.87764485505915
2025-09-04,18.7577,8.538236,184.5851047223136,189.90620965898486,185.9176601813821
2025-09-05,18.6792,8.538122,184.62279084786104,189.9485302578074,185.95768412211558
2025-09-08,18.655,8.537781,184.73589539629117,190.07554864955503,186.07780764932613
2025-09-09,18.6353,8.537667,184.77361230826787,190.1179069855716,186.11786606625063
2025-09-10,18.592,8.537553,184.8113369207808,190.16022195061362,186.15793310686212
2025-09-11,18.5287,8.538095,184.84906923540208,190.20254633379145,186.19800877301705
2025-09-12,18.4757,8.538636,184.8868092537043,190.24488013720128,186.23809306657233
2025-09-15,18.3635,8.540261,185.0000755464263,190.37193808979202,186.35839773021522
2025-09-17,18.3257,8.541344,185.07459696888137,190.4566905311309,186.43864401037317
2025-09-18,18.361,8.541886,185.1118689363265,190.49913380461578,186.4787801073476
2025-09-19,18.3892,8.542428,185.14914840993174,190.54158653658416,186.5189248447318
2025-09-22,18.4082,8.544053,185.26103188282627,190.6691619485038,186.63941091794592
2025-09-23,18.3232,8.544595,185.2983413961916,190.71175902819277,186.67959023557407
2025-09-24,18.4312,8.545137,185.33540106447083,190.7544726349113,186.71977820291644
2025-09-25,18.4457,8.545679,185.37246814468372,190.79719580817266,186.75997482183513
2025-09-26,18.3825,8.546676,185.40954263831264,190.83982149169282,186.8001800941926
2025-09-29,18.3507,8.54967,185.52081061452398,190.96807707912896,186.9169545313807
2025-09-30,18.3342,8.550668,185.5579147766469,191.0096205928969,186.95589556357476
2025-10-01,18.3477,8.551666,185.594974815737,191.0514400269966,186.99484470848384
2025-10-02,18.4843,8.552665,185.6320422565405,191.0931619466094,187.0338019677981
2025-10-03,18.3902,8.553663,185.66911710053563,191.1362279755401,187.07276734320808
2025-10-06,18.3528,8.556659,185.78038606645825,191.26147663038554,187.18971218292242
2025-10-07,18.3762,8.557658,185.81749053800877,191.30319075843866,187.2287100396272
2025-10-08,18.3477,8.558657,185.8560476672954,191.34470036244676,187.26771602088544
2025-10-09,18.383,8.559657,185.89461279718634,191.386058456404,187.3067301283898
2025-10-10,18.5567,8.560656,185.93318592934176,191.4274791841054,187.34575236383324
2025-10-13,18.44,8.561032,186.04895335600108,191.5514743822036,187.46286785473282
2025-10-14,18.522,8.561157,186.08755851382244,191.59293091004676,187.50192261886923
2025-10-15,18.4808,8.561282,186.12580984529473,191.63434265765778,187.54098551941485
2025-10-16,18.4108,8.561408,186.1640690395407,191.67581712026748,187.58005655806474
2025-10-17,18.407,8.561533,186.2023360981766,191.71730055898774,187.61913573651435
2025-10-20,18.4032,8.561909,186.31718447659128,191.84180475124063,187.73642212762113
2025-10-21,18.4252,8.562034,186.3554830089559,191.8832702915498,187.77553388223106
2025-10-22,18.4333,8.56216,186.3922364514382,191.92469149349674,187.8146537851232
2025-10-23,18.4033,8.562285,186.42899714251612,191.96617494931476,187.85378183799511
2025-10-24,18.3948,8.56241,186.46576508361923,192.0076673715513,187.89291804254472
2025-10-27,18.3892,8.565533,186.5761124213797,192.1321984561545,188.010375583244
2025-10-28,18.4145,8.567033,186.61290937688503,192.1737806672054,188.0495444114905
2025-10-29,18.4072,8.568532,186.64971358956768,192.2153718776863,188.0887213999096
2025-10-30,18.538,8.570032,186.68652506085894,192.25707940979424,188.12790655020123
2025-10-31,18.5725,8.571532,186.72334379219038,192.29884993053324,188.16709986406585
2025-11-03,18.4835,8.576034,186.83384356074555,192.42356986842745,188.28472880410683
2025-11-04,18.6133,8.577535,186.8706913465589,192.46516115403466,188.32395478927435
2025-11-05,18.5947,8.579036,186.90858457008198,192.50724580002276,188.36318894652214
2025-11-06,18.6233,8.580538,186.94648547750867,192.54885517171775,188.40243127755267
2025-11-07,18.5,8.58204,186.98439407039717,192.59042005125414,188.44168178406883
2025-11-10,18.3922,8.586547,187.09816597741934,192.71500636556155,188.5555548965144
2025-11-11,18.3333,8.587359,187.13610532774254,192.75520725120882,188.59352789020883
2025-11-12,18.2982,8.588171,187.1727528150359,192.79541652287253,188.6315085312423
2025-11-13,18.2805,8.588984,187.20940747912886,192.83563418230202,188.66949682115487
2025-11-14,18.3262,8.589796,187.24606932142683,192.87591433235545,188.70749276148692
2025-11-18,18.3728,8.593045,187.39278850078816,193.0371190886663,188.85955305782892
2025-11-19,18.341,8.593858,187.43052732625014,193.0773871679224,188.8975872733753
2025-11-20,18.355,8.594671,187.46827375189227,193.11771781614533,188.9356291485901
2025-11-21,18.4965,8.595483,187.50602777924507,193.1580568887685,188.97367868501587
2025-11-24,18.4997,8.597922,187.61933548687844,193.28009569703514,189.08787327698948
2025-11-25,18.4308,8.598735,187.65711993638624,193.32068451713153,189.1259534736911
2025-11-26,18.356,8.601401,187.69439072548474,193.36133609807214,189.16404133932124
2025-11-27,18.3467,8.604069,187.73166891697605,193.40194197865276,189.20213687542434
2025-11-28,18.3075,8.606736,187.76895451233042,193.4428803347211,189.2402400835451
2025-12-01,18.2757,8.614745,187.88085573627805,193.56558613341502,189.35459575546568
2025-12-02,18.291,8.617416,187.91817096179238,193.60650536064145,189.3927296671109
2025-12-03,18.2642,8.620088,187.95622439141215,193.64786562594082,189.4308712585022
2025-12-04,18.2293,8.622761,187.99428552685143,193.68863979778058,189.4690205311862
2025-12-05,18.186,8.625435,188.03235436967063,193.72931441213814,189.50717748670988
2025-12-08,18.2367,8.633461,188.14660715801682,193.8509033709943,189.6216944657926
2025-12-09,18.194,8.636138,188.18470684596636,193.8912873604391,189.65988216815032
2025-12-10,18.2085,8.638816,188.22260515498397,193.9316253656006,189.69807756108696
2025-12-11,18.0543,8.640225,188.26051109629992,193.97202617145493,189.73628064615139
2025-12-15,17.9925,8.645864,188.412211215293,194.13392923667513,189.8891699386733
2025-12-16,17.9525,8.647274,188.45015534116277,194.1744261135748,189.9274115076193
2025-12-17,18.02,8.648685,188.48758363590417,194.21493143823548,189.96566077799238
2025-12-18,17.9792,8.650096,188.52501936432077,194.25549970049744,190.00391775134352
2025-12-19,18.0065,8.651507,188.56246252788895,194.29618489611386,190.04218242922403
2025-12-22,17.9785,8.655741,188.67483664427178,194.41812963588094,190.15306192608202
2025-12-23,17.9332,8.657153,188.7117330567711,194.45732865121843,190.19003613256763
2025-12-24,17.9248,8.658565,188.74863668456885,194.49686128597398,190.2270175284823
2025-12-26,17.9042,8.660879,188.82246559170392,194.57616790011954,190.30100189419073
2025-12-29,17.9667,8.663583,188.93326310242867,194.69518845823984,190.4120323984287
2025-12-30,17.9528,8.664485,188.9703674960435,194.73498685886054,190.44905696028394
2025-12-31,18.0012,8.665387,189.007479176549,194.7747393017752,190.48608872135952
2026-01-02,17.8803,8.66719,189.0817244039564,194.85426853398835,190.56017384677148
2026-01-05,17.8905,8.669897,189.19314693253304,194.97411223255384,190.67135556404716
2026-01-06,17.9697,8.670799,189.23030236444453,195.01505679612268,190.70843054985127
2026-01-07,17.9587,8.671701,189.26746509327,195.054539761205,190.74551274468038
2026-01-08,17.9807,8.672604,189.3046351204425,195.09403072005233,190.7826021499363
2026-01-09,17.9842,8.673506,189.34181244739534,195.13342074678258,190.819698767021
2026-01-12,17.9075,8.674166,189.45338824127322,195.2513115708376,190.93103190327224
2026-01-13,17.854,8.674045,189.49059478168618,195.29062433769286,190.9681573816979
2026-01-14,17.8167,8.673924,189.52738753883963,195.329999267351,191.00529007896654
2026-01-15,17.6897,8.673803,189.5641874399201,195.36938213586998,191.0424299964819
2026-01-16,17.6867,8.673681,189.60099448631468,195.40877294485043,191.07957713564784
2026-01-19,17.599,8.673318,189.7114585112584,195.52699303057187,191.191061897093
2026-01-20,17.6008,8.673196,189.748294152786,195.56641561741114,191.22823793690628
2026-01-21,17.452,8.673075,189.7851896544268,195.60584615271998,191.265421205394
2026-01-22,17.4828,8.672954,189.82209233019293,195.6453395164078,191.3026117039617
2026-01-23,17.4545,8.672832,189.85900218147935,195.68489519984308,191.33980943401522
2026-01-26,17.283,8.674251,189.9697748024141,195.80393814589155,191.4514460271534
2026-01-27,17.2357,8.675913,190.00671336973676,195.84369015263397,191.48867269721424
2026-01-28,17.2322,8.677575,190.04339522134563,195.88366892192738,191.52590660579423
2026-01-29,17.2532,8.679237,190.08008415458977,195.92365585233128,191.5631477543009
2026-01-30,17.331,8.6809,190.11678017083628,195.96370536874937,191.600396144142
2026-02-03,17.235,8.687553,190.26363509319847,196.12267155908205,191.74946214501557
2026-02-04,17.2925,8.689217,190.30010228992467,196.16232374977494,191.78674676265487
2026-02-05,17.407,8.690882,190.33657647619688,196.2029702179419,191.82403863008093
2026-02-06,17.2988,8.692547,190.3730576533548,196.24258414263716,191.86133774870345
2026-02-09,17.1907,8.697543,190.4825431435433,196.36147391215127,191.97327862585053
2026-02-10,17.2315,8.699209,190.51905229764577,196.4010647488803,192.01060676336107
2026-02-11,17.2155,8.700199,190.5554626054182,196.44066356800178,192.04794215912062
2026-02-12,17.2,8.701188,190.591879871605,196.4802703711252,192.08528481454044
2026-02-13,17.1798,8.702178,190.628304097536,196.51988515986025,192.12263473103215
2026-02-16,17.1723,8.705148,190.73761854709633,196.6387774558378,192.2347280610587
2026-02-17,17.1753,8.706139,190.77407062530756,196.6784242031235,192.27210703595944
2026-02-18,17.1392,8.707129,190.81031769872635,196.71807894407453,192.3094932789942
2026-02-19,17.27,8.70812,190.84657165908908,196.7578515145633,192.3468867915762
2026-02-20,17.1722,8.70911,190.88283250770428,196.79752226982535,192.384287575119
2026-02-23,17.2162,8.712083,190.99165639615364,196.91658253309754,192.49653356565142
2026-02-24,17.191,8.713074,191.0279448108689,196.9563952371522,192.53396344717805
2026-02-25,17.17,8.714065,191.06418705706497,196.99638121509304,192.57140060673723
2026-02-26,17.2563,8.71571,191.10043617922054,197.0363753109649,192.6088450457441
2026-02-27,17.2193,8.717355,191.1366921786401,197.07665228269477,192.6462967656141
2026-03-02,17.3485,8.722291,191.24550145353177,197.19670783038504,192.7586956245615
2026-03-03,17.7228,8.723937,191.28178497505755,197.23685269795024,192.79617648204405
2026-03-04,17.5445,8.725584,191.31796911271533,197.27739144574142,192.8336646274711
2026-03-05,17.677,8.727231,191.35416009520583,197.31749739142955,192.87116006225978
2026-03-06,17.7962,8.728878,191.39035792382384,197.35728098373698,192.9086627878274
2026-03-09,17.7687,8.733821,191.4989924993948,197.47634918808993,193.02121472338217
2026-03-10,17.5037,8.73547,191.53521772547595,197.51583403556467,193.05874662624504
2026-03-11,17.6543,8.737435,191.57144980416237,197.55516108408642,193.0962858269779
2026-03-12,17.8368,8.739401,191.6076887367503,197.59482686784608,193.1338323269998
2026-03-13,17.9218,8.741367,191.64393452453638,197.63450061583404,193.17138612773002
2026-03-17,17.6922,8.749238,191.7889862536005,197.793497205599,193.32167436613014
2026-03-18,17.669,8.751206,191.8252663368335,197.83321084327957,193.3592646917013
2026-03-19,17.8117,8.753175,191.8615532830489,197.87320887175522,193.39686232650246
2026-03-20,17.8998,8.755145,191.89784709354493,197.9131045078462,193.43446727195484
2026-03-23,17.778,8.761056,192.0067697237032,198.03283968568758,193.54732598643577
2026-03-24,17.8047,8.763028,192.04309100430928,198.07293363444685,193.5849601887109
2026-03-25,17.7548,8.764999,192.07941915569094,198.1130357006715,193.6226017087476
2026-03-26,17.7957,8.768381,192.11575417914787,198.15314588600506,193.6602505479687
2026-03-27,18.0667,8.771765,192.1520960759801,198.1932085991254,193.69790670779747
2026-03-30,18.1033,8.781922,192.26116301973175,198.31328011669407,193.8068822106735
2026-03-31,18.0033,8.785311,192.29662452313318,198.35188014405813,193.84322100108798
2026-04-01,17.8117,8.788701,192.3320925672119,198.39059843106227,193.8795666050257
2026-04-06,17.7932,8.80567,192.50953093999647,198.58513605240148,194.06139687228438
2026-04-07,17.758,8.809067,192.54503825348098,198.62484259872977,194.09778338419795
2026-04-08,17.4157,8.812467,192.58033817716083,198.66378079217856,194.1341767185825
2026-04-09,17.3593,8.815867,192.61564457249332,198.70244904157826,194.1705768767172
2026-04-10,17.3033,8.819269,192.65095744066497,198.74112481743046,194.2069838598816
2026-04-13,17.347,8.821656,192.75693489408272,198.8570316363167,194.31624577235078
2026-04-14,17.2688,8.822452,192.79227366548,198.89568226231842,194.3526800684331
2026-04-15,17.2623,8.823248,192.827618915652,198.93434040060612,194.38912119594593
2026-04-16,17.2723,8.824045,192.86297064578656,198.97306131217894,194.42556915617018
2026-04-17,17.2447,8.824841,192.89832885707165,199.01178976045452,194.46202395038696
2026-04-20,17.32,8.82723,193.00444238971323,199.12802034016883,194.57142934980752
2026-04-21,17.3323,8.828027,193.0398265374847,199.1667789499279,194.60791149281062
2026-04-22,17.3287,8.828823,193.0749490614797,199.20554510372733,194.6444004762155
2026-04-23,17.3587,8.82962,193.11007797582283,199.24426346816193,194.6808963013048
2026-04-24,17.4052,8.830417,193.14521328167675,199.28304470367715,194.7173989693613
2026-04-27,17.3838,8.832523,193.25065755993342,199.39960150200974,194.82694804416582
2026-04-28,17.403,8.833178,193.2858184434617,199.43852430422297,194.86347809692407
2026-04-29,17.4948,8.833832,193.32071727179175,199.47734335099108,194.90001499906725
2026-04-30,17.5118,8.834487,193.35562240129917,199.51622591804005,194.93655875187957
2026-05-04,17.5157,8.837106,193.49530595385957,199.67160795937056,195.08280229551403
2026-05-05,17.3752,8.837761,193.53024260632347,199.71052839290869,195.11938032094443
2026-05-06,17.253,8.838416,193.56513180839335,199.75006941327604,195.1559652047546
2026-05-07,17.24,8.839071,193.60002730021102,199.7890051406951,195.1925569482305
2026-05-08,17.2105,8.839726,193.6349290829104,199.8278369086915,195.22915555265828
2026-05-11,17.1908,8.841247,193.739672187641,199.94437750350937,195.33492377332402
2026-05-12,17.252,8.841457,193.77459914521035,199.98189984295317,195.37019257900533
2026-05-13,17.1878,8.841667,193.80980153072176,200.0194292239851,195.40546775266543
2026-05-14,17.213,8.841878,193.8450103113332,200.05707732544127,195.4407492954541
2026-05-15,17.3477,8.842088,193.88022548820643,200.09467638598224,195.47603720852135
2026-05-18,17.2928,8.842718,193.98590940801796,200.2075159714984,195.5819391808974
2026-05-19,17.3968,8.842929,194.02115018156044,200.24503152319951,195.61725258658285
2026-05-20,17.2938,8.843139,194.05591230430127,200.28255410468975,195.6525723682999
2026-05-21,17.3305,8.843349,194.0906806552558,200.3200837172864,195.68789852719974
2026-05-22,17.3213,8.843559,194.12545523553985,200.35767656321934,195.72323106443383
2026-05-25,17.272,8.84419,194.22981636353117,200.47083316049927,195.82926695765906
2026-05-26,17.3232,8.843299,194.26461587229628,200.508678155756,195.86462501974864
2026-05-27,17.3793,8.842407,194.29904387922033,200.54630639405468,195.89998946593278
2026-05-28,17.3213,8.841516,194.33347798755227,200.5839416938149,195.93536029736413
2026-05-29,17.3505,8.840625,194.3679181983734,200.6215840563618,195.97073751519562
2026-06-01,17.378,8.837953,194.4712754565879,200.73455353397839,196.07690749862283
2026-06-02,17.2945,8.837062,194.50574008818273,200.77216784373476,196.1123102735879
2026-06-03,17.3328,8.836172,194.54010276893166,200.81012549516703,196.14771944072064
2026-06-04,17.2888,8.835281,194.57447152042084,200.847698185259,196.1831350011752
2026-06-05,17.4755,8.834391,194.6088463437228,200.88522155647243,196.218556956106
